PARK,PLOT,SPECIES,REP,DATE,PLOT,SUBPLOT,HEIGHT,TOTALINFL,TOPINFL_FR,SIDEINFL_FR,FR_PER_INFL,FINALFR,SEEDSPERFR,FINALSEED,NOTES
BR,ALONE,CLAPUR,1,7/23/2025,,,12.2,,,,,11,55,605,
BR,ALONE,CLAPUR,2,,,,,,,,,,55,0,gone
BR,ALONE,CLAPUR,3,7/23/2025,,,7.8,,,,,5,55,275,"BT, herb"
BR,ALONE,CLAPUR,4,7/23/2025,,,4.9,,,,,2,55,110,BT
BR,ALONE,CLAPUR,5,7/23/2025,,,9.5,,,,,16,55,880,
BR,ALONE,CLAPUR,6,7/23/2025,,,2.1,,,,,0,55,0,BT
BR,ALONE,CLAPUR,7,,,,,,,,,,55,0,gone
BR,ALONE,CLAPUR,8,7/23/2025,,,3.2,,,,,0,55,0,BT
BR,ALONE,CLAPUR,9,7/23/2025,,,5.5,,,,,4,55,220,BT
BR,ALONE,CLAPUR,10,7/23/2025,,,6.5,,,,,6,55,330,BT
BR,ALONE,CLAPUR,11,7/23/2025,,,9.2,,,,,5,55,275,BT
BR,ALONE,CLAPUR,12,7/23/2025,,,5.6,,,,,7,55,385,BT
BR,ALONE,CLAPUR,13,7/23/2025,,,3.1,,,,,2,55,110,BT
BR,ALONE,CLAPUR,14,,,,,,,,,,55,0,gone
BR,ALONE,CLAPUR,15,7/23/2025,,,4.4,,,,,6,55,330,herb
BR,DIVERSE,CLAPUR,1,7/29/2025,12,E4,13.9,,,,,1,55,55,
BR,DIVERSE,CLAPUR,2,,10,C3,,,,,,,55,0,gone
BR,DIVERSE,CLAPUR,3,7/29/2025,3,D2,7,,,,,1,55,55,
BR,DIVERSE,CLAPUR,4,,11,,,,,,,,55,0,
BR,DIVERSE,CLAPUR,5,,7,,,,,,,,55,0,gone
BR,DIVERSE,CLAPUR,6,7/29/2025,13,D3,26,,,,,2,55,110,
BR,DIVERSE,CLAPUR,7,7/29/2025,12,C3,8.8,,,,,3,55,165,
BR,DIVERSE,CLAPUR,8,7/23/2025,6,,,,,,,,55,0,gone
BR,DIVERSE,CLAPUR,9,7/29/2025,12,B3,16.2,,,,,1,55,55,
BR,DIVERSE,CLAPUR,10,7/23/2025,12,,,,,,,,55,0,gone
BR,DIVERSE,CLAPUR,11,7/23/2025,1,E2,14.2,,,,,1,55,55,
BR,DIVERSE,CLAPUR,12,7/23/2025,1,A3,19.1,,,,,2,55,110,
BR,DIVERSE,CLAPUR,13,7/23/2025,9,D2,11.6,,,,,1,55,55,
BR,DIVERSE,CLAPUR,14,7/23/2025,1,B2,20.2,,,,,2,55,110,
BR,DIVERSE,CLAPUR,15,7/23/2025,1,C2,6.9,,,,,1,55,55,
BR,DIVERSE,CLAPUR,16,7/23/2025,1,C1,14.5,,,,,4,55,220,
BR,DIVERSE,CLAPUR,,7/23/2035,9,E3,6,,,,,1,55,55,
BR,DIVERSE,CLAPUR,,7/29/2025,12,C4,14.5,,,,,3,55,165,
BR,DIVERSE,CLAPUR,,7/23/2035,2,D5,48.2,,,,,15,55,825,
BR,DIVERSE,CLAPUR,,7/23/2035,2,E1,7.6,,,,,1,55,55,
BR,DIVERSE,CLAPUR,,7/23/2035,2,E2,8.9,,,,,2,55,110,
BR,DIVERSE,CLAPUR,,7/23/2035,2,A5,6.2,,,,,1,55,55,
BR,DIVERSE,CLAPUR,,7/23/2035,9,E4,10.1,,,,,1,55,55,
BR,DIVERSE,CLAPUR,,7/23/2035,2,D1,10.3,,,,,1,55,55,
BR,DIVERSE,CLAPUR,,7/23/2035,9,E5,8.2,,,,,1,55,55,
BR,DIVERSE,CLAPUR,,7/23/2035,9,C5,9.1,,,,,1,55,55,
BR,DIVERSE,CLAPUR,,7/23/2035,2,C4,28.5,,,,,4,55,220,
BR,DIVERSE,CLAPUR,,7/23/2035,2,D3,6.6,,,,,1,55,55,
BR,DIVERSE,CLAPUR,,7/23/2035,9,B5,4.6,,,,,1,55,55,
BR,DIVERSE,CLAPUR,,7/23/2035,2,C1,4.9,,,,,1,55,55,
BR,DIVERSE,CLAPUR,,7/23/2035,2,C2,20,,,,,1,55,55,
BR,DIVERSE,CLAPUR,,7/23/2035,2,B3,5.2,,,,,1,55,55,
BR,DIVERSE,CLAPUR,,7/23/2035,2,A3,9.1,,,,,1,55,55,
BR,DIVERSE,CLAPUR,,7/29/2025,5,E5,5.8,,,,,1,55,55,
BR,DIVERSE,CLAPUR,,7/29/2025,5,A2,8.5,,,,,1,55,55,
BR,DIVERSE,CLAPUR,,7/29/2025,5,B5,12.4,,,,,1,55,55,
BR,DIVERSE,CLAPUR,,7/29/2025,5,B4,23.5,,,,,2,55,110,
BR,DIVERSE,CLAPUR,,7/29/2025,5,B2,14.4,,,,,1,55,55,
BR,DIVERSE,CLAPUR,,7/29/2025,5,D4,9.6,,,,,1,55,55,
BR,DIVERSE,CLAPUR,,7/29/2025,4,A1,6.6,,,,,1,55,55,
BR,DIVERSE,CLAPUR,,7/29/2025,4,A2,7.2,,,,,1,55,55,
BR,DIVERSE,CLAPUR,,7/29/2025,4,B2,9.5,,,,,1,55,55,
BR,DIVERSE,CLAPUR,,7/29/2025,12,E2,9.1,,,,,1,55,55,
BR,DIVERSE,CLAPUR,,7/29/2025,12,C2,14.5,,,,,1,55,55,
BR,DIVERSE,CLAPUR,,7/29/2025,12,B2,8.2,,,,,1,55,55,
BR,DIVERSE,CLAPUR,,7/29/2025,12,E3,11.3,,,,,2,55,110,
BR,DIVERSE,CLAPUR,,7/29/2025,4,A3,11.5,,,,,1,55,55,
BR,DIVERSE,CLAPUR,,7/29/2025,4,C4,2.6,,,,,1,55,55,
BR,DIVERSE,CLAPUR,,7/29/2025,4,B3,8,,,,,1,55,55,
BR,DIVERSE,CLAPUR,,7/29/2025,12,A3,5.6,,,,,1,55,55,
BR,DIVERSE,CLAPUR,,7/29/2025,12,D4,15.5,,,,,4,55,220,
BR,DIVERSE,CLAPUR,,7/29/2025,12,A4,19.7,,,,,1,55,55,
BR,DIVERSE,CLAPUR,,7/29/2025,4,C5,7.1,,,,,0,55,0,
BR,DIVERSE,CLAPUR,,7/29/2025,4,A5,16.6,,,,,1,55,55,
BR,DIVERSE,CLAPUR,,7/29/2025,13,C1,14.5,,,,,1,55,55,
BR,DIVERSE,CLAPUR,,7/29/2025,13,B3,17.6,,,,,1,55,55,
BR,DIVERSE,CLAPUR,,7/29/2025,13,C3,25.5,,,,,2,55,110,
BR,DIVERSE,CLAPUR,,7/29/2025,13,C4,8.3,,,,,1,55,55,
BR,DIVERSE,CLAPUR,,7/29/2025,13,A5,8.1,,,,,1,55,55,
BR,DIVERSE,CLAPUR,,7/29/2025,13,E5,12.8,,,,,1,55,55,
BR,DIVERSE,CLAPUR,,7/29/2025,3,E5,16.1,,,,,2,55,110,
BR,DIVERSE,CLAPUR,,7/29/2025,3,D5,8,,,,,2,55,110,
BR,DIVERSE,CLAPUR,,7/29/2025,3,D4,7.2,,,,,2,55,110,
BR,DIVERSE,CLAPUR,,7/29/2025,3,C1,22.1,,,,,4,55,220,
BR,DIVERSE,CLAPUR,,7/29/2025,3,B1,5.1,,,,,1,55,55,
BR,DIVERSE,CLAPUR,,7/29/2025,3,E1,15.1,,,,,1,55,55,
BR,DIVERSE,CLAPUR,,7/29/2025,3,A2,11.2,,,,,1,55,55,
BR,DIVERSE,CLAPUR,,7/29/2025,13,D1,12.8,,,,,1,55,55,
RF,ALONE,CLAPUR,1,7/2/2025,,,22.6,,,,,13,55,715,
RF,ALONE,CLAPUR,2,7/2/2025,,,32.5,,,,,8,55,440,
RF,ALONE,CLAPUR,3,7/2/2025,,,17,,,,,23,55,1265,
RF,ALONE,CLAPUR,4,7/2/2025,,,9.3,,,,,3,55,165,
RF,ALONE,CLAPUR,5,7/2/2025,,,16.9,,,,,4,55,220,
RF,ALONE,CLAPUR,6,7/2/2025,,,26.9,,,,,6,55,330,
RF,ALONE,CLAPUR,7,7/2/2025,,,14.8,,,,,9,55,495,
RF,ALONE,CLAPUR,8,7/2/2025,,,17.5,,,,,23,55,1265,
RF,ALONE,CLAPUR,9,7/2/2025,,,33.9,,,,,63,55,3465,
RF,ALONE,CLAPUR,10,7/2/2025,,,34.9,,,,,45,55,2475,
RF,ALONE,CLAPUR,11,7/2/2025,,,36.9,,,,,18,55,990,
RF,ALONE,CLAPUR,12,7/2/2025,,,38.3,,,,,13,55,715,
RF,ALONE,CLAPUR,13,7/2/2025,,,22.5,,,,,12,55,660,
RF,ALONE,CLAPUR,14,7/2/2025,,,30.6,,,,,33,55,1815,
RF,ALONE,CLAPUR,15,7/2/2025,,,45.7,,,,,69,55,3795,
RF,ALONE,CLAPUR,16,7/2/2025,,,56,,,,,47,55,2585,
RF,ALONE,CLAPUR,17,7/2/2025,,,23.4,,,,,5,55,275,
RF,ALONE,CLAPUR,18,7/2/2025,,,41.5,,,,,49,55,2695,
RF,ALONE,CLAPUR,19,7/2/2025,,,20.1,,,,,28,55,1540,
RF,ALONE,CLAPUR,20,7/2/2025,,,32.8,,,,,10,55,550,
RF,DIVERSE,CLAPUR,1,,1,D4,,,,,,,55,0,gone
RF,DIVERSE,CLAPUR,2,7/8/2025,6,C2,7.5,,,,,1,55,55,
RF,DIVERSE,CLAPUR,3,,4,B4,,,,,,,55,0,gone 
RF,DIVERSE,CLAPUR,4,,5,B5,,,,,,,55,0,gone 
RF,DIVERSE,CLAPUR,5,7/8/2025,5,C3,19.3,,,,,2,55,110,
RF,DIVERSE,CLAPUR,6,,4,E3,,,,,,,55,0,gone
RF,DIVERSE,CLAPUR,7,7/8/2025,5,D3,7.4,,,,,1,55,55,
RF,DIVERSE,CLAPUR,8,,6,A2,,,,,,,55,0,gone
RF,DIVERSE,CLAPUR,10,7/8/2025,2,A1,10.3,,,,,0,55,0,
RF,DIVERSE,CLAPUR,11,7/2/2025,2,B2,8,,,,,0,55,0,
RF,DIVERSE,CLAPUR,12,7/2/2025,2,E5,6.4,,,,,1,55,55,
RF,DIVERSE,CLAPUR,13,7/8/2025,5,D5,10,,,,,2,55,110,
RF,DIVERSE,CLAPUR,14,7/8/2025,5,D4,16.8,,,,,21,55,1155,
RF,DIVERSE,CLAPUR,15,7/8/2025,5,A4,12.5,,,,,1,55,55,
RF,DIVERSE,CLAPUR,16,7/8/2025,5,C4,37.5,,,,,8,55,440,
RF,DIVERSE,CLAPUR,17,7/8/2025,5,B5,9.5,,,,,1,55,55,
RF,DIVERSE,CLAPUR,18,7/8/2025,5,B3,6.4,,,,,2,55,110,
RF,DIVERSE,CLAPUR,19,7/8/2025,5,D2,10.1,,,,,1,55,55,
RF,DIVERSE,CLAPUR,20,7/8/2025,6,C5,36.8,,,,,10,55,550,
RF,DIVERSE,CLAPUR,21,7/8/2025,6,C4,9.2,,,,,35,55,1925,
RF,DIVERSE,CLAPUR,22,7/8/2025,6,A2,54.7,,,,,1,55,55,
RF,DIVERSE,CLAPUR,23,7/8/2025,6,C3,10.1,,,,,5,55,275,
RF,DIVERSE,CLAPUR,24,7/8/2025,6,B3,34.6,,,,,1,55,55,
RF,DIVERSE,CLAPUR,25,7/8/2025,6,B1,13.6,,,,,2,55,110,
RF,DIVERSE,CLAPUR,26,7/8/2025,6,C1,20,,,,,4,55,220,
RF,DIVERSE,CLAPUR,27,7/8/2025,6,D1,19.1,,,,,3,55,165,
RF,DIVERSE,CLAPUR,28,7/8/2025,6,A1,17.8,,,,,1,55,55,
RF,DIVERSE,CLAPUR,29,7/8/2025,6,A1,12.7,,,,,,55,0,
SEM,ALONE,CLAPUR,1,7/18/2025,,,7,,,,,22,55,1210,
SEM,ALONE,CLAPUR,2,7/18/2025,,,8,,,,,10,55,550,
SEM,ALONE,CLAPUR,3,7/18/2025,,,12.2,,,,,7,55,385,
SEM,ALONE,CLAPUR,4,7/18/2025,,,6.1,,,,,26,55,1430,BT
SEM,ALONE,CLAPUR,5,,,,,,,,,,55,0,gone
SEM,ALONE,CLAPUR,6,7/18/2025,,,5.9,,,,,3,55,165,BT
SEM,ALONE,CLAPUR,7,7/18/2025,,,7,,,,,31,55,1705,BT
SEM,ALONE,CLAPUR,8,7/18/2025,,,7.1,,,,,3,55,165,BT
SEM,ALONE,CLAPUR,9,,,,,,,,,,55,0,gone
SEM,ALONE,CLAPUR,10,7/18/2025,,,6.8,,,,,8,55,440,BT
SEM,ALONE,CLAPUR,11,7/18/2025,,,10.6,,,,,18,55,990,BT
SEM,ALONE,CLAPUR,12,7/18/2025,,,8.1,,,,,26,55,1430,BT
SEM,ALONE,CLAPUR,13,,,,,,,,,,55,0,gone
SEM,ALONE,CLAPUR,14,,,,,,,,,,55,0,gone
SEM,ALONE,CLAPUR,15,7/18/2025,,,8.3,,,,,16,55,880,BT
SEM,ALONE,CLAPUR,16,7/18/2025,,,5.3,,,,,5,55,275,BT
SEM,ALONE,CLAPUR,17,7/18/2025,,,7.3,,,,,24,55,1320,BT
SEM,ALONE,CLAPUR,18,7/18/2025,,,12.8,,,,,2,55,110,BT
SEM,ALONE,CLAPUR,19,7/18/2025,,,16.3,,,,,25,55,1375,BT
SEM,ALONE,CLAPUR,20,7/18/2025,,,5.3,,,,,9,55,495,BT
SEM,ALONE,CLAPUR,21,7/18/2025,,,8.1,,,,,8,55,440,BT
SEM,DIVERSE,CLAPUR,1,,5,,,,,,,,55,0,gone
SEM,DIVERSE,CLAPUR,2,7/18/2025,6,A2,5.3,,,,,1,55,55,
SEM,DIVERSE,CLAPUR,3,7/18/2025,5,B3,,,,,,,55,0,gone
SEM,DIVERSE,CLAPUR,4,7/23/2025,7,D1,,,,,,,55,0,gone
SEM,DIVERSE,CLAPUR,5,,8,A1,,,,,,,55,0,gone
SEM,DIVERSE,CLAPUR,6,,6,D5,,,,,,,55,0,gone
SEM,DIVERSE,CLAPUR,7,7/18/2025,5,,,,,,,,55,0,gone
SEM,DIVERSE,CLAPUR,8,7/18/2025,3,E2,18,,,,,1,55,55,
SEM,DIVERSE,CLAPUR,9,7/23/2025,7,A2,6.2,,,,,1,55,55,
SEM,DIVERSE,CLAPUR,10,7/22/2025,1,C1,13.8,,,,,1,55,55,
SEM,DIVERSE,CLAPUR,11,7/18/2025,5,B4,3.8,,,,,1,55,55,
SEM,DIVERSE,CLAPUR,12,7/22/2025,4,C1,7.7,,,,,1,55,55,
SEM,DIVERSE,CLAPUR,13,7/22/2025,4,B2,8.2,,,,,1,55,55,
SEM,DIVERSE,CLAPUR,14,7/22/2025,1,E2,6.9,,,,,2,55,110,
SEM,DIVERSE,CLAPUR,15,,,,,,,,,,55,0,gone
SEM,DIVERSE,CLAPUR,,7/22/2025,1,C5,9.1,,,,,1,55,55,
WIR,ALONE,CLAPUR,1,7/9/2025,,,7.9,,,,,1,55,55,
WIR,ALONE,CLAPUR,2,7/9/2025,,,10,,,,,33,55,1815,
WIR,ALONE,CLAPUR,3,7/9/2025,,,19.1,,,,,54,55,2970,
WIR,ALONE,CLAPUR,4,,,,,,,,,,55,0,gone
WIR,ALONE,CLAPUR,5,7/9/2025,,,6,,,,,8,55,440,
WIR,ALONE,CLAPUR,6,7/9/2025,,,9.1,,,,,9,55,495,BT
WIR,ALONE,CLAPUR,7,7/9/2025,,,7,,,,,14,55,770,BT
WIR,ALONE,CLAPUR,8,,,,,,,,,,55,0,gone
WIR,ALONE,CLAPUR,9,7/9/2025,,,8.3,,,,,12,55,660,
WIR,ALONE,CLAPUR,10,7/9/2025,,,15.1,,,,,40,55,2200,BT
WIR,ALONE,CLAPUR,11,7/9/2025,,,5.9,,,,,,55,0,gone
WIR,ALONE,CLAPUR,12,7/9/2025,,,11.6,,,,,47,55,2585,BT
WIR,ALONE,CLAPUR,13,7/9/2025,,,10,,,,,29,55,1595,BT
WIR,ALONE,CLAPUR,14,,,,,,,,,,55,0,gone
WIR,ALONE,CLAPUR,15,7/9/2025,,,10.7,,,,,13,55,715,BT
WIR,ALONE,CLAPUR,16,7/9/2025,,,7.4,,,,,4,55,220,
WIR,ALONE,CLAPUR,17,7/9/2025,,,17.5,,,,,40,55,2200,
WIR,ALONE,CLAPUR,18,7/9/2025,,,6.3,,,,,1,55,55,BT
WIR,ALONE,CLAPUR,19,7/9/2025,,,6.9,,,,,5,55,275,BT
WIR,ALONE,CLAPUR,20,7/9/2025,,,9.3,,,,,12,55,660,BT
WIR,ALONE,CLAPUR,21,7/9/2025,,,9.1,,,,,5,55,275,
WIR,ALONE,CLAPUR,22,7/9/2025,,,10,,,,,5,55,275,BT
WIR,ALONE,CLAPUR,23,7/9/2025,,,13.2,,,,,19,55,1045,BT
WIR,DIVERSE,CLAPUR,1,7/9/2025,1,D1,6.3,,,,,1,55,55,
WIR,DIVERSE,CLAPUR,2,,5,D1,,,,,,,55,0,gone
WIR,DIVERSE,CLAPUR,3,7/16/2025,9,C2,,,,,,,55,0,gone
WIR,DIVERSE,CLAPUR,4,7/11/2025,11,C5,5.5,,,,,1,55,55,
WIR,DIVERSE,CLAPUR,5,7/11/2025,5,D4,,,,,,,55,0,gone
WIR,DIVERSE,CLAPUR,6,,5,,,,,,,,55,0,gone
WIR,DIVERSE,CLAPUR,7,7/11/2025,3,C1,,,,,,,55,0,gone
WIR,DIVERSE,CLAPUR,8,7/11/2025,4,B1,,,,,,,55,0,gone
WIR,DIVERSE,CLAPUR,9,7/11/2025,2,B4,8.9,,,,,1,55,55,
WIR,DIVERSE,CLAPUR,10,7/11/2025,11,C3,14.1,,,,,1,55,55,
WIR,DIVERSE,CLAPUR,11,7/9/2025,1,C1,6,,,,,1,55,55,
WIR,DIVERSE,CLAPUR,12,7/9/2025,1,D2,4.8,,,,,1,55,55,
WIR,DIVERSE,CLAPUR,13,7/9/2025,1,C3,4.2,,,,,1,55,55,
WIR,DIVERSE,CLAPUR,14,7/9/2025,1,B2,2.9,,,,,1,55,55,
WIR,DIVERSE,CLAPUR,15,7/11/2025,2,A5,4.8,,,,,1,55,55,
WIR,DIVERSE,CLAPUR,16,7/11/2025,2,B5,4.5,,,,,1,55,55,
WIR,DIVERSE,CLAPUR,17,7/11/2025,5,E2,4.6,,,,,1,55,55,
WIR,DIVERSE,CLAPUR,18,7/11/2025,7,C5,6.8,,,,,3,55,165,BT
WIR,DIVERSE,CLAPUR,19,7/11/2025,2,A1,3.4,,,,,0,55,0,
WIR,DIVERSE,CLAPUR,20,7/11/2025,2,C3,4.4,,,,,1,55,55,
WIR,DIVERSE,CLAPUR,21,7/11/2025,2,B3,5.9,,,,,1,55,55,
WIR,DIVERSE,CLAPUR,22,7/11/2025,2,A2,1.3,,,,,1,55,55,
WIR,DIVERSE,CLAPUR,23,7/11/2025,2,A2,1.3,,,,,1,55,55,
WIR,DIVERSE,CLAPUR,24,7/16/2025,4,B5,7.6,,,,,1,55,55,
WIR,DIVERSE,CLAPUR,25,7/16/2025,8,C4,9.5,,,,,1,55,55,
WIR,DIVERSE,CLAPUR,26,7/16/2025,4,B4,5.4,,,,,1,55,55,
WIR,DIVERSE,CLAPUR,27,7/16/2025,4,A3,13.1,,,,,5,55,275,
WIR,DIVERSE,CLAPUR,28,7/16/2025,10,B2,9,,,,,1,55,55,
WIR,DIVERSE,CLAPUR,29,7/16/2025,10,B4,8.5,,,,,1,55,55,
WIR,DIVERSE,CLAPUR,30,7/16/2025,9,B1,17.7,,,,,2,55,110,
BR,ALONE,COLLIN,1,,,,,,,,,,5,0,gone
BR,ALONE,COLLIN,2,,,,,,,,,,5,0,gone
BR,ALONE,COLLIN,3,7/1/2025,,,8.1,,,,,5,5,25,
BR,ALONE,COLLIN,4,7/1/2025,,,4.5,,,,,4,5,20,BT
BR,ALONE,COLLIN,5,,,,,,,,,,5,0,gone
BR,ALONE,COLLIN,6,7/1/2025,,,4.4,,,,,2,5,10,BT
BR,ALONE,COLLIN,7,,,,,,,,,,5,0,gone
BR,ALONE,COLLIN,8,7/1/2025,,,5.5,,,,,6,5,30,
BR,ALONE,COLLIN,9,,,,,,,,,,5,0,gone
BR,ALONE,COLLIN,10,,,,,,,,,,5,0,gone
BR,ALONE,COLLIN,11,7/1/2025,,,4.1,,,,,1,5,5,BT
BR,ALONE,COLLIN,12,,,,,,,,,,5,0,gone
BR,ALONE,COLLIN,13,7/1/2025,,,5,,,,,3,5,15,
BR,ALONE,COLLIN,14,,,,,,,,,,5,0,gone
BR,ALONE,COLLIN,15,7/1/2025,,,4.1,,,,,1,5,5,BT
BR,ALONE,COLLIN,16,7/1/2025,,,7.4,,,,,8,5,40,
BR,ALONE,COLLIN,17,7/1/2025,,,4.3,,,,,0,5,0,
BR,ALONE,COLLIN,18,7/1/2025,,,5.2,,,,,8,5,40,
BR,ALONE,COLLIN,19,7/1/2025,,,8,,,,,4,5,20,BT
BR,ALONE,COLLIN,20,7/1/2025,,,6.1,,,,,3,5,15,BT
BR,ALONE,COLLIN,21,7/1/2025,,,4.6,,,,,3,5,15,
BR,ALONE,COLLIN,22,7/1/2025,,,8.1,,,,,5,5,25,
BR,ALONE,COLLIN,23,7/1/2025,,,4.6,,,,,1,5,5,BT
BR,DIVERSE,COLLIN,1,7/1/2025,1,D5,11.1,,,,,0,5,0,
BR,DIVERSE,COLLIN,2,7/1/2025,1,B5,8.8,,,,,1,5,5,
BR,DIVERSE,COLLIN,3,7/1/2025,1,D5,13.9,,,,,2,5,10,
BR,DIVERSE,COLLIN,4,7/1/2025,3,C4,11,,,,,3,5,15,
BR,DIVERSE,COLLIN,5,7/1/2025,11,E2,6.5,,,,,0,5,0,
BR,DIVERSE,COLLIN,6,7/1/2025,4,E1,5.9,,,,,0,5,0,
BR,DIVERSE,COLLIN,7,7/1/2025,10,D3,5,,,,,2,5,10,
BR,DIVERSE,COLLIN,8,7/1/2025,2,C4,11.4,,,,,1,5,5,
BR,DIVERSE,COLLIN,9,7/1/2025,4,C1,4.3,,,,,1,5,5,
BR,DIVERSE,COLLIN,10,7/1/2025,7,D4,,,,,,,5,0,gone
BR,DIVERSE,COLLIN,11,7/1/2025,1,D1,12.9,,,,,2,5,10,
BR,DIVERSE,COLLIN,12,7/1/2025,1,D5,14.6,,,,,8,5,40,
BR,DIVERSE,COLLIN,13,7/1/2025,1,A3,16.1,,,,,3,5,15,
BR,DIVERSE,COLLIN,15,7/1/2025,2,D3,7.4,,,,,2,5,10,
BR,DIVERSE,COLLIN,16,7/1/2025,7,A4,11.7,,,,,1,5,5,
BR,DIVERSE,COLLIN,,7/1/2025,1,D1,12.9,,,,,2,5,10,
BR,DIVERSE,COLLIN,,7/1/2025,1,D5,14.6,,,,,8,5,40,
BR,DIVERSE,COLLIN,,7/1/2025,1,A3,16.1,,,,,3,5,15,
BR,DIVERSE,COLLIN,,7/1/2025,2,B5,12.6,,,,,1,5,5,
BR,DIVERSE,COLLIN,,7/1/2025,2,D3,7.4,,,,,2,5,10,
BR,DIVERSE,COLLIN,,7/29/2025,5,A5,10.1,,,,,1,5,5,
BR,DIVERSE,COLLIN,,7/29/2025,5,C5,11.9,,,,,1,5,5,
BR,DIVERSE,COLLIN,,7/29/2025,12,D1,18.8,,,,,4,5,20,
BR,DIVERSE,COLLIN,,7/29/2025,12,C5,12,,,,,1,5,5,
BR,DIVERSE,COLLIN,,7/29/2025,3,C3,5.6,,,,,2,5,10,
RF,ALONE,COLLIN,1,6/24/2025,,,4.2,,,,,0,5,0,bt
RF,ALONE,COLLIN,2,6/24/2025,,,15,,,,,14,5,70,
RF,ALONE,COLLIN,3,6/24/2025,,,12.4,,,,,23,5,115,
RF,ALONE,COLLIN,4,6/24/2025,,,9.2,,,,,3,5,15,
RF,ALONE,COLLIN,5,6/24/2025,,,14.6,,,,,12,5,60,
RF,ALONE,COLLIN,6,6/24/2025,,,12.6,,,,,10,5,50,
RF,ALONE,COLLIN,7,6/24/2025,,,12.2,,,,,3,5,15,bt
RF,ALONE,COLLIN,8,6/24/2025,,,15.7,,,,,20,5,100,
RF,ALONE,COLLIN,9,6/24/2025,,,18.4,,,,,43,5,215,
RF,ALONE,COLLIN,10,6/24/2025,,,20.8,,,,,45,5,225,
RF,ALONE,COLLIN,11,6/24/2025,,,12.3,,,,,5,5,25,
RF,ALONE,COLLIN,12,6/24/2025,,,22.1,,,,,48,5,240,
RF,ALONE,COLLIN,13,6/24/2025,,,11.5,,,,,11,5,55,
RF,ALONE,COLLIN,14,6/24/2025,,,7.7,,,,,2,5,10,
RF,ALONE,COLLIN,15,6/24/2025,,,22,,,,,70,5,350,
RF,ALONE,COLLIN,16,6/24/2025,,,21.4,,,,,54,5,270,
RF,ALONE,COLLIN,17,6/24/2025,,,27.6,,,,,307,5,1535,
RF,ALONE,COLLIN,18,6/24/2025,,,13.3,,,,,10,5,50,
RF,ALONE,COLLIN,19,6/24/2025,,,22,,,,,58,5,290,
RF,ALONE,COLLIN,20,6/24/2025,,,14.6,,,,,18,5,90,
RF,DIVERSE,COLLIN,1,6/24/2025,2,B1,11.8,,,,,2,5,10,
RF,DIVERSE,COLLIN,2,6/24/2025,1,D3,14.5,,,,,1,5,5,
RF,DIVERSE,COLLIN,3,6/24/2025,2,D3,16.3,,,,,0,5,0,
RF,DIVERSE,COLLIN,4,6/24/2025,2,C4,12.1,,,,,2,5,10,
RF,DIVERSE,COLLIN,5,6/24/2025,2,D3,13.3,,,,,2,5,10,
RF,DIVERSE,COLLIN,6,6/24/2025,1,A5,5.4,,,,,0,5,0,bt
RF,DIVERSE,COLLIN,7,6/24/2025,4,C1,5.5,,,,,0,5,0,bt
RF,DIVERSE,COLLIN,8,6/24/2025,2,D5,11.5,,,,,2,5,10,
RF,DIVERSE,COLLIN,9,6/24/2025,1,A5,9.9,,,,,0,5,0,bt
RF,DIVERSE,COLLIN,10,6/24/2025,3,B5,9.9,,,,,0,5,0,bt
RF,DIVERSE,COLLIN,11,6/24/2025,2,C4,17,,,,,13,5,65,
RF,DIVERSE,COLLIN,12,6/24/2025,2,B1,19.4,,,,,9,5,45,
RF,DIVERSE,COLLIN,13,6/24/2025,2,E2,15.9,,,,,8,5,40,
RF,DIVERSE,COLLIN,14,6/24/2025,2,D3,24.4,,,,,13,5,65,
RF,DIVERSE,COLLIN,15,6/24/2025,2,D5,19.6,,,,,9,5,45,
RF,DIVERSE,COLLIN,16,6/24/2025,2,D2,17.7,,,,,5,5,25,
RF,DIVERSE,COLLIN,17,6/24/2025,2,C4,12.8,,,,,4,5,20,
RF,DIVERSE,COLLIN,18,6/24/2025,2,C5,14.8,,,,,3,5,15,
RF,DIVERSE,COLLIN,19,6/24/2025,2,E2,15.9,,,,,1,5,5,
RF,DIVERSE,COLLIN,20,6/24/2025,2,C3,20,,,,,17,5,85,
RF,DIVERSE,COLLIN,21,6/24/2025,1,D4,23.5,,,,,14,5,70,
RF,DIVERSE,COLLIN,22,6/24/2025,1,C2,13,,,,,3,5,15,
RF,DIVERSE,COLLIN,23,6/24/2025,1,C3,11.4,,,,,3,5,15,
RF,DIVERSE,COLLIN,24,7/2/2025,1,D5,6.1,,,,,1,5,5,
RF,DIVERSE,COLLIN,25,7/2/2025,2,B1,5.1,,,,,1,5,5,BT
RF,DIVERSE,COLLIN,26,7/2/2025,2,E2,17.1,,,,,2,5,10,
RF,DIVERSE,COLLIN,27,7/2/2025,2,E3,8.5,,,,,0,5,0,BT
RF,DIVERSE,COLLIN,28,7/2/2025,2,D2,18.3,,,,,6,5,30,
RF,DIVERSE,COLLIN,29,7/2/2025,2,E4,9.2,,,,,2,5,10,
RF,DIVERSE,COLLIN,30,7/2/2025,2,C4,14.1,,,,,1,5,5,BT
SEM,ALONE,COLLIN,1,7/1/2025,,,3.6,,,,,0,5,0,
SEM,ALONE,COLLIN,4,7/1/2025,,,7.1,,,,,7,5,35,
SEM,ALONE,COLLIN,5,7/1/2025,,,4.2,,,,,1,5,5,BT
SEM,ALONE,COLLIN,6,7/1/2025,,,9.4,,,,,3,5,15,
SEM,ALONE,COLLIN,7,7/1/2025,,,7.6,,,,,5,5,25,
SEM,ALONE,COLLIN,11,7/1/2025,,,5.5,,,,,9,5,45,
SEM,ALONE,COLLIN,13,7/1/2025,,,7.4,,,,,5,5,25,
SEM,ALONE,COLLIN,14,7/1/2025,,,7.8,,,,,0,5,0,BT
SEM,ALONE,COLLIN,,7/1/2025,,,5.2,,,,,3,5,15,
SEM,ALONE,COLLIN,,7/1/2025,,,5.6,,,,,3,5,15,
SEM,ALONE,COLLIN,,7/1/2025,,,9.1,,,,,16,5,80,
SEM,ALONE,COLLIN,,7/1/2025,,,6.1,,,,,4,5,20,
SEM,DIVERSE,COLLIN,1,7/1/2025,6,C3,2.1,,,,,0,5,0,BT
SEM,DIVERSE,COLLIN,2,7/1/2025,8,D3,9.9,,,,,4,5,20,
SEM,DIVERSE,COLLIN,3,7/1/2025,1,E1,8.1,,,,,1,5,5,
SEM,DIVERSE,COLLIN,4,7/1/2025,7,C5,18.1,,,,,8,5,40,
SEM,DIVERSE,COLLIN,5,7/1/2025,3,C4,,,,,,,5,0,gone
SEM,DIVERSE,COLLIN,6,7/1/2025,7,E4,17.4,,,,,4,5,20,
SEM,DIVERSE,COLLIN,7,7/1/2025,4,E3,21.5,,,,,5,5,25,
SEM,DIVERSE,COLLIN,8,7/1/2025,4,C2,8.3,,,,,0,5,0,
SEM,DIVERSE,COLLIN,9,7/1/2025,2,D4,,,,,,,5,0,gone
SEM,DIVERSE,COLLIN,10,7/1/2025,3,D5,14.7,,,,,4,5,20,
SEM,DIVERSE,COLLIN,11,7/1/2025,2,D5,19.5,,,,,5,5,25,
SEM,DIVERSE,COLLIN,12,7/1/2025,2,B4,14.9,,,,,7,5,35,
SEM,DIVERSE,COLLIN,13,7/1/2025,3,D1,22,,,,,4,5,20,
SEM,DIVERSE,COLLIN,14,7/1/2025,3,C1,15.2,,,,,2,5,10,
SEM,DIVERSE,COLLIN,15,7/1/2025,3,C4,14.9,,,,,2,5,10,
SEM,DIVERSE,COLLIN,16,7/1/2025,5,D4,21.2,,,,,9,5,45,
SEM,DIVERSE,COLLIN,17,7/1/2025,1,B4,13.5,,,,,2,5,10,
SEM,DIVERSE,COLLIN,18,7/1/2025,1,D2,13.9,,,,,1,5,5,
SEM,DIVERSE,COLLIN,19,7/1/2025,1,E2,19.1,,,,,23,5,115,BT
SEM,DIVERSE,COLLIN,20,7/1/2025,5,D3,10.8,,,,,2,5,10,
SEM,DIVERSE,COLLIN,21,7/1/2025,1,D4,13.6,,,,,9,5,45,
SEM,DIVERSE,COLLIN,22,7/1/2025,1,C2,17.1,,,,,6,5,30,
SEM,DIVERSE,COLLIN,23,7/1/2025,1,A4,18.4,,,,,3,5,15,
SEM,DIVERSE,COLLIN,24,7/1/2025,1,B4,19.9,,,,,4,5,20,
SEM,DIVERSE,COLLIN,25,7/1/2025,6,D5,22,,,,,2,5,10,
SEM,DIVERSE,COLLIN,26,7/1/2025,6,D5,23.2,,,,,3,5,15,
SEM,DIVERSE,COLLIN,27,7/1/2025,6,D1,18.6,,,,,4,5,20,
SEM,DIVERSE,COLLIN,28,7/1/2025,6,C5,21,,,,,1,5,5,BT
SEM,DIVERSE,COLLIN,29,7/1/2025,6,B2,13.8,,,,,1,5,5,
SEM,DIVERSE,COLLIN,30,7/1/2025,3,C2,12.6,,,,,1,5,5,
SEM,DIVERSE,COLLIN,31,7/1/2025,3,D2,19.1,,,,,5,5,25,BT
SEM,DIVERSE,COLLIN,32,7/1/2025,4,E4,14.1,,,,,5,5,25,
SEM,DIVERSE,COLLIN,33,7/1/2025,4,E2,17,,,,,3,5,15,
SEM,DIVERSE,COLLIN,34,7/1/2025,8,C2,9.6,,,,,1,5,5,
SEM,DIVERSE,COLLIN,35,7/1/2025,4,E3,15,,,,,1,5,5,
SEM,DIVERSE,COLLIN,36,7/18/2025,2,C5,5.8,,,,,1,5,5,
SEM,DIVERSE,COLLIN,37,7/18/2025,5,D3,20.2,,,,,2,5,10,
SEM,DIVERSE,COLLIN,38,7/18/2025,6,E3,7.8,,,,,1,5,5,
SEM,DIVERSE,COLLIN,39,7/18/2025,6,A2,21.2,,,,,4,5,20,
SEM,DIVERSE,COLLIN,40,7/18/2025,6,D2,5.2,,,,,3,5,15,
SEM,DIVERSE,COLLIN,41,7/18/2025,6,E4,9.3,,,,,1,5,5,
SEM,DIVERSE,COLLIN,42,7/18/2025,6,D5,14.5,,,,,4,5,20,
SEM,DIVERSE,COLLIN,43,7/18/2025,6,C2,19.6,,,,,4,5,20,
SEM,DIVERSE,COLLIN,44,7/18/2025,6,C4,6.9,,,,,1,5,5,
SEM,DIVERSE,COLLIN,45,7/18/2025,6,B3,7.4,,,,,3,5,15,
SEM,DIVERSE,COLLIN,46,7/18/2025,6,D4,13.5,,,,,3,5,15,
SEM,DIVERSE,COLLIN,47,,8,D2,19.3,,,,,5,5,25,
SEM,DIVERSE,COLLIN,48,,8,D3,7.6,,,,,1,5,5,
SEM,DIVERSE,COLLIN,49,7/23/2025,7,A3,17.2,,,,,1,5,5,
SEM,DIVERSE,COLLIN,50,7/23/2025,7,D4,12.4,,,,,2,5,10,BT
SEM,DIVERSE,COLLIN,51,7/23/2025,7,C5,12.1,,,,,1,5,5,
SEM,DIVERSE,COLLIN,52,7/22/2025,4,E2,16.2,,,,,2,5,10,
SEM,DIVERSE,COLLIN,53,7/22/2025,4,C2,10.8,,,,,3,5,15,
SEM,DIVERSE,COLLIN,54,7/22/2025,3,D1,22.3,,,,,3,5,15,BT
SEM,DIVERSE,COLLIN,55,7/22/2025,3,C3,11.5,,,,,1,5,5,
SEM,DIVERSE,COLLIN,56,7/22/2025,3,A3,7,,,,,1,5,5,
SEM,DIVERSE,COLLIN,57,7/22/2025,3,D4,12.2,,,,,2,5,10,
SEM,DIVERSE,COLLIN,58,7/22/2025,1,B5,9.2,,,,,1,5,5,
SEM,DIVERSE,COLLIN,59,7/22/2025,1,E2,14.5,,,,,5,5,25,
SEM,DIVERSE,COLLIN,60,7/22/2025,1,C4,16.8,,,,,2,5,10,
SEM,DIVERSE,COLLIN,61,7/22/2025,1,A4,6.5,,,,,1,5,5,
WIR,ALONE,COLLIN,1,,,,,,,,,,5,0,gone
WIR,ALONE,COLLIN,2,,,,,,,,,,5,0,gone
WIR,ALONE,COLLIN,3,,,,,,,,,,5,0,gone
WIR,ALONE,COLLIN,4,,,,,,,,,,5,0,gone
WIR,ALONE,COLLIN,5,,,,,,,,,,5,0,gone
WIR,ALONE,COLLIN,6,,,,,,,,,,5,0,gone
WIR,ALONE,COLLIN,7,,,,,,,,,,5,0,gone
WIR,ALONE,COLLIN,8,6/27/2025,,,5.8,,,,,1,5,5,
WIR,ALONE,COLLIN,9,,,,,,,,,,5,0,gone
WIR,ALONE,COLLIN,10,,,,,,,,,,5,0,gone
WIR,ALONE,COLLIN,11,,,,,,,,,,5,0,gone
WIR,ALONE,COLLIN,12,,,,,,,,,,5,0,gone
WIR,ALONE,COLLIN,13,6/27/2025,,,6.5,,,,,4,5,20,
WIR,ALONE,COLLIN,14,6/27/2025,,,5.3,,,,,2,5,10,
WIR,ALONE,COLLIN,15,,,,,,,,,,5,0,gone
WIR,DIVERSE,COLLIN,1,6/27/2025,5,D2,6.9,,,,,1,5,5,
WIR,DIVERSE,COLLIN,2,6/27/2025,5,D1,9.2,,,,,1,5,5,BS
WIR,DIVERSE,COLLIN,3,6/27/2025,4,C3,8.6,,,,,0,5,0,BT
WIR,DIVERSE,COLLIN,4,,4,,,,,,,,5,0,gone
WIR,DIVERSE,COLLIN,5,,7,,,,,,,,5,0,gone
WIR,DIVERSE,COLLIN,6,6/27/2025,12,D5,16.3,,,,,4,5,20,
WIR,DIVERSE,COLLIN,7,7/16/2025,9,A2,,,,,,,5,0,gone
WIR,DIVERSE,COLLIN,8,7/16/2025,11,,,,,,,,5,0,gone
WIR,DIVERSE,COLLIN,9,6/27/2025,3,A2,13,,,,,4,5,20,
WIR,DIVERSE,COLLIN,10,6/27/2025,1,C4,3.9,,,,,0,5,0,
WIR,DIVERSE,COLLIN,11,6/27/2025,11,B4,16,,,,,8,5,40,
WIR,DIVERSE,COLLIN,12,7/9/2025,6,D5,14.9,,,,,3,5,15,
WIR,DIVERSE,COLLIN,13,7/16/2025,9,B1,19.1,,,,,7,5,35,
WIR,DIVERSE,COLLIN,14,,,,,,,,,,5,0,gone
WIR,DIVERSE,COLLIN,15,,,,,,,,,,5,0,gone
BR,ALONE,COLLOM,1,7/23/2025,,,3.2,,,,,0,3,0,herb
BR,ALONE,COLLOM,2,7/23/2025,,,1.3,,,,,0,3,0,herb
BR,ALONE,COLLOM,3,7/23/2025,,,8.6,,,,,17,3,51,BT
BR,ALONE,COLLOM,4,7/23/2025,,,5.5,,,,,2,3,6,herb
BR,ALONE,COLLOM,5,7/23/2025,,,5.2,,,,,10,3,30,BT
BR,ALONE,COLLOM,6,7/23/2025,,,8,,,,,4,3,12,herb
BR,ALONE,COLLOM,7,7/23/2025,,,4.3,,,,,0,3,0,BT
BR,ALONE,COLLOM,8,7/23/2025,,,8.2,,,,,12,3,36,
BR,ALONE,COLLOM,9,7/23/2025,,,6.3,,,,,3,3,9,herb
BR,ALONE,COLLOM,10,7/23/2025,,,1.3,,,,,1,3,3,herb
BR,ALONE,COLLOM,11,7/23/2025,,,7.2,,,,,18,3,54,
BR,ALONE,COLLOM,12,7/23/2025,,,3,,,,,0,3,0,herb
BR,ALONE,COLLOM,13,7/23/2025,,,2.1,,,,,0,3,0,BT
BR,ALONE,COLLOM,14,7/23/2025,,,5.1,,,,,3,3,9,herb
BR,ALONE,COLLOM,15,7/23/2025,,,3.7,,,,,2,3,6,BT
BR,ALONE,COLLOM,16,7/23/2025,,,7.7,,,,,9,3,27,herb
BR,ALONE,COLLOM,17,7/23/2025,,,9.6,,,,,14,3,42,BT
BR,ALONE,COLLOM,18,7/23/2025,,,4.2,,,,,13,3,39,
BR,ALONE,COLLOM,19,7/23/2025,,,5.2,,,,,4,3,12,herb
BR,ALONE,COLLOM,20,7/23/2025,,,3.1,,,,,2,3,6,herb
BR,DIVERSE,COLLOM,1,7/29/2025,3,A2,,,,,,,3,0,gone
BR,DIVERSE,COLLOM,2,7/23/2025,1,B3,10.1,,,,,5,3,15,
BR,DIVERSE,COLLOM,3,7/29/2025,3,E3,,,,,,,3,0,gone
BR,DIVERSE,COLLOM,4,7/23/2025,1,A3,14.1,,,,,12,3,36,
BR,DIVERSE,COLLOM,5,7/29/2025,3,B5,14.2,,,,,6,3,18,
BR,DIVERSE,COLLOM,6,7/23/2025,1,A2,12.5,,,,,5,3,15,
BR,DIVERSE,COLLOM,7,7/23/2025,14,C2,13.9,,,,,10,3,30,
BR,DIVERSE,COLLOM,8,7/23/2025,9,A1,11.6,,,,,4,3,12,
BR,DIVERSE,COLLOM,9,7/23/2025,9,C1,6.6,,,,,1,3,3,
BR,DIVERSE,COLLOM,10,7/23/2025,9,E1,14.6,,,,,5,3,15,
BR,DIVERSE,COLLOM,11,7/23/2025,9,B2,10.3,,,,,2,3,6,
BR,DIVERSE,COLLOM,12,7/23/2025,1,C3,5.1,,,,,1,3,3,
BR,DIVERSE,COLLOM,13,7/29/2025,13,B4,10.5,,,,,2,3,6,
BR,DIVERSE,COLLOM,,7/23/2035,2,C5,7.3,,,,,1,3,3,
BR,DIVERSE,COLLOM,,7/23/2035,2,B4,7,,,,,1,3,3,
BR,DIVERSE,COLLOM,,7/29/2025,5,A4,6.8,,,,,2,3,6,
BR,DIVERSE,COLLOM,,7/29/2025,5,C2,12,,,,,5,3,15,
BR,DIVERSE,COLLOM,,7/29/2025,5,D2,9.6,,,,,3,3,9,
BR,DIVERSE,COLLOM,,7/29/2025,4,C1,10.1,,,,,4,3,12,
BR,DIVERSE,COLLOM,,7/29/2025,4,E2,12.6,,,,,8,3,24,
BR,DIVERSE,COLLOM,,7/29/2025,4,D3,10.1,,,,,2,3,6,
BR,DIVERSE,COLLOM,,7/29/2025,4,E3,7.5,,,,,3,3,9,
BR,DIVERSE,COLLOM,,7/29/2025,13,A2,5,,,,,1,3,3,
BR,DIVERSE,COLLOM,,7/29/2025,13,E5,7.2,,,,,5,3,0,
BR,DIVERSE,COLLOM,,7/29/2025,3,A1,12.1,,,,,7,3,0,
RF,ALONE,COLLOM,1,7/2/2025,,,66.2,5,2,3,,88,3,264,
RF,ALONE,COLLOM,2,7/2/2025,,,26.6,6,3,3,,43,3,129,
RF,ALONE,COLLOM,3,7/2/2025,,,25.2,2,2,0,,49,3,147,
RF,ALONE,COLLOM,4,7/2/2025,,,26.4,9,2,7,,74,3,222,
RF,ALONE,COLLOM,5,7/2/2025,,,47.3,1,1,0,,179,3,537,
RF,ALONE,COLLOM,6,7/2/2025,,,49.7,9,1,8,,128,3,384,
RF,ALONE,COLLOM,7,7/2/2025,,,18.5,1,1,0,,14,3,42,
RF,ALONE,COLLOM,8,7/2/2025,,,51.6,18,1,17,,221,3,663,
RF,ALONE,COLLOM,9,7/2/2025,,,50.4,1,1,0,,79,3,237,
RF,ALONE,COLLOM,10,7/2/2025,,,24,1,1,0,,24,3,72,
RF,ALONE,COLLOM,11,7/2/2025,,,28.1,2,2,0,,81,3,243,
RF,ALONE,COLLOM,12,7/2/2025,,,26.5,10,1,9,,168,3,504,
RF,ALONE,COLLOM,13,7/2/2025,,,38.6,1,1,17,,122,3,366,
RF,ALONE,COLLOM,14,7/2/2025,,,20.3,3,3,0,,34,3,102,
RF,ALONE,COLLOM,15,7/2/2025,,,47.5,1,1,0,,78,3,234,
RF,ALONE,COLLOM,16,7/2/2025,,,37.8,19,1,18,,85,3,255,
RF,ALONE,COLLOM,17,7/2/2025,,,24.8,1,1,0,,9,3,27,
RF,ALONE,COLLOM,18,7/2/2025,,,29.3,2,2,0,,65,3,195,
RF,ALONE,COLLOM,19,7/2/2025,,,37.8,1,1,0,,58,3,174,
RF,ALONE,COLLOM,20,7/2/2025,,,23.4,10,1,9,,231,3,693,
RF,DIVERSE,COLLOM,1,7/8/2025,3,C3,27.9,,,,,26,3,78,
RF,DIVERSE,COLLOM,2,,6,C3,,,,,,,3,0,
RF,DIVERSE,COLLOM,3,,4,E3,,,,,,,3,0,
RF,DIVERSE,COLLOM,4,7/8/2025,5,C1,19.5,,,,,6,3,18,
RF,DIVERSE,COLLOM,5,7/8/2025,5,A5,5.5,,,,,0,3,0,
RF,DIVERSE,COLLOM,6,,2,D5,5.7,,,,,1,3,3,
RF,DIVERSE,COLLOM,7,,5,,,,,,,,3,0,gone 
RF,DIVERSE,COLLOM,8,,1,E1,,,,,,,3,0,
RF,DIVERSE,COLLOM,9,7/2/2025,1,B1,24.6,,,,,16,3,48,
RF,DIVERSE,COLLOM,10,7/8/2025,3,C4,14.4,,,,,7,3,21,
RF,DIVERSE,COLLOM,11,7/2/2025,1,A1,13.1,,,,,2,3,6,
RF,DIVERSE,COLLOM,12,7/2/2025,1,E1,13.3,,,,,5,3,15,
RF,DIVERSE,COLLOM,13,7/2/2025,1,E1,15.2,,,,,4,3,12,
RF,DIVERSE,COLLOM,14,7/2/2025,1,A5,34.4,,,,,25,3,75,
RF,DIVERSE,COLLOM,15,7/2/2025,1,E5,25.6,,,,,18,3,54,
RF,DIVERSE,COLLOM,16,7/2/2025,1,C5,9.1,,,,,3,3,9,
RF,DIVERSE,COLLOM,17,7/2/2025,1,A2,8.1,,,,,4,3,12,
RF,DIVERSE,COLLOM,18,7/2/2025,1,A4,16,,,,,4,3,12,
RF,DIVERSE,COLLOM,19,7/2/2025,1,B5,9,,,,,2,3,6,
RF,DIVERSE,COLLOM,20,7/2/2025,1,E2,23.6,,,,,7,3,21,
RF,DIVERSE,COLLOM,21,7/2/2025,2,E1,12.1,,,,,7,3,21,
RF,DIVERSE,COLLOM,22,7/2/2025,2,A3,10.1,,,,,2,3,6,
RF,DIVERSE,COLLOM,23,7/2/2025,2,B3,14.3,,,,,6,3,18,
RF,DIVERSE,COLLOM,24,7/2/2025,2,E5,35.3,,,,,25,3,75,
RF,DIVERSE,COLLOM,25,7/2/2025,2,A5,6.8,,,,,2,3,6,
RF,DIVERSE,COLLOM,26,7/2/2025,2,B4,29.6,,,,,23,3,69,
RF,DIVERSE,COLLOM,27,7/8/2025,3,E5,9.2,,,,,3,3,9,
RF,DIVERSE,COLLOM,28,7/8/2025,3,B5,19.9,,,,,8,3,24,
RF,DIVERSE,COLLOM,29,7/8/2025,3,E4,16.1,,,,,13,3,39,
RF,DIVERSE,COLLOM,30,7/8/2025,3,E3,36.7,,,,,38,3,114,
RF,DIVERSE,COLLOM,31,7/8/2025,3,D5,8.1,,,,,1,3,3,
RF,DIVERSE,COLLOM,32,7/8/2025,3,B4,8.7,,,,,1,3,3,
RF,DIVERSE,COLLOM,33,7/8/2025,3,A2,26,,,,,8,3,24,
RF,DIVERSE,COLLOM,34,7/8/2025,3,D3,13.2,,,,,6,3,18,
RF,DIVERSE,COLLOM,35,7/8/2025,3,D2,17.6,,,,,20,3,60,
RF,DIVERSE,COLLOM,36,7/8/2025,3,B2,17,,,,,7,3,21,
RF,DIVERSE,COLLOM,36,7/8/2025,4,E2,23.1,,,,,10,3,30,
RF,DIVERSE,COLLOM,37,7/8/2025,3,C2,16.7,,,,,5,3,15,
RF,DIVERSE,COLLOM,38,7/8/2025,3,B3,25.2,,,,,12,3,36,
RF,DIVERSE,COLLOM,39,7/8/2025,4,E5,35,,,,,18,3,54,
RF,DIVERSE,COLLOM,40,7/8/2025,4,A3,23,,,,,5,3,15,
RF,DIVERSE,COLLOM,41,7/8/2025,4,C5,13.3,,,,,1,3,3,
RF,DIVERSE,COLLOM,42,7/8/2025,4,A5,15.3,,,,,1,3,3,
RF,DIVERSE,COLLOM,43,7/8/2025,4,B1,12.6,,,,,1,3,3,
RF,DIVERSE,COLLOM,44,7/8/2025,4,B2,15.5,,,,,5,3,15,
RF,DIVERSE,COLLOM,45,7/8/2025,4,A4,10.2,,,,,1,3,3,
RF,DIVERSE,COLLOM,46,7/8/2025,4,C4,21.1,,,,,5,3,15,
RF,DIVERSE,COLLOM,47,7/8/2025,4,B3,23,,,,,10,3,30,
RF,DIVERSE,COLLOM,48,7/8/2025,4,E3,13.4,,,,,4,3,12,
RF,DIVERSE,COLLOM,49,7/8/2025,4,C2,18.7,,,,,8,3,24,
RF,DIVERSE,COLLOM,50,7/8/2025,4,B5,17.1,,,,,2,3,6,
RF,DIVERSE,COLLOM,51,7/8/2025,4,D3,25.7,,,,,10,3,30,
RF,DIVERSE,COLLOM,52,7/8/2025,4,B4,21.3,,,,,6,3,18,
RF,DIVERSE,COLLOM,53,7/8/2025,5,A1,15.3,,,,,3,3,9,
RF,DIVERSE,COLLOM,54,7/8/2025,5,A2,7.9,,,,,2,3,6,
RF,DIVERSE,COLLOM,55,7/8/2025,5,E1,21.6,,,,,11,3,33,
RF,DIVERSE,COLLOM,56,7/8/2025,5,C5,16.1,,,,,4,3,12,
RF,DIVERSE,COLLOM,57,7/8/2025,5,B1,43.3,,,,,48,3,144,
RF,DIVERSE,COLLOM,58,7/8/2025,5,D1,12.2,,,,,1,3,3,
RF,DIVERSE,COLLOM,59,7/8/2025,5,A3,4.7,,,,,1,3,3,
RF,DIVERSE,COLLOM,60,7/8/2025,5,B2,23.9,,,,,7,3,21,
RF,DIVERSE,COLLOM,61,7/8/2025,6,E1,26.6,,,,,20,3,60,
RF,DIVERSE,COLLOM,63,7/8/2025,6,E3,23.8,,,,,18,3,54,
SEM,ALONE,COLLOM,1,,,,,,,,,,3,0,gone
SEM,ALONE,COLLOM,2,,,,,,,,,,3,0,gone
SEM,ALONE,COLLOM,3,7/18/2025,,,8.3,,,,,14,3,42,
SEM,ALONE,COLLOM,4,7/18/2025,,,5.3,,,,,9,3,27,
SEM,ALONE,COLLOM,5,7/18/2025,,,4.6,,,,,18,3,54,
SEM,ALONE,COLLOM,6,7/18/2025,,,6.1,,,,,8,3,24,
SEM,ALONE,COLLOM,7,7/18/2025,,,11.6,,,,,50,3,150,
SEM,ALONE,COLLOM,8,7/18/2025,,,3.3,,,,,1,3,3,
SEM,ALONE,COLLOM,9,7/18/2025,,,4.9,,,,,14,3,42,
SEM,ALONE,COLLOM,10,,,,,,,,,,3,0,gone
SEM,ALONE,COLLOM,11,,,,,,,,,,3,0,gone
SEM,ALONE,COLLOM,12,7/18/2025,,,7.9,,,,,10,3,30,
SEM,ALONE,COLLOM,13,,,,,,,,,,3,0,gone
SEM,ALONE,COLLOM,14,7/18/2025,,,6.8,,,,,4,3,12,
SEM,ALONE,COLLOM,15,7/18/2025,,,6.3,,,,,7,3,21,
SEM,ALONE,COLLOM,16,7/18/2025,,,6.6,,,,,16,3,48,
SEM,ALONE,COLLOM,17,7/18/2025,,,4.7,,,,,8,3,24,
SEM,ALONE,COLLOM,18,7/18/2025,,,7.4,,,,,19,3,57,
SEM,ALONE,COLLOM,19,7/18/2025,,,5.1,,,,,5,3,15,
SEM,ALONE,COLLOM,20,7/18/2025,,,5.8,,,,,6,3,18,BT
SEM,ALONE,COLLOM,21,7/18/2025,,,3.5,,,,,9,3,27,
SEM,ALONE,COLLOM,22,7/18/2025,,,4.9,,,,,16,3,48,
SEM,DIVERSE,COLLOM,1,,2,D3,,,,,,,3,0,gone
SEM,DIVERSE,COLLOM,2,7/22/2025,4,A2,6.6,,,,,1,3,3,
SEM,DIVERSE,COLLOM,3,7/18/2025,2,E2,6.5,,,,,6,3,18,BT
SEM,DIVERSE,COLLOM,4,7/22/2025,4,C3,6.8,,,,,1,3,3,
SEM,DIVERSE,COLLOM,5,7/22/2025,4,E5,17,,,,,4,3,12,
SEM,DIVERSE,COLLOM,6,,4,,,,,,,,3,0,gone
SEM,DIVERSE,COLLOM,7,7/18/2025,6,B1,,,,,,10,3,30,
SEM,DIVERSE,COLLOM,8,7/22/2025,4,C5,11.5,,,,,1,3,3,
SEM,DIVERSE,COLLOM,9,7/22/2025,3,B2,10.5,,,,,1,3,3,
SEM,DIVERSE,COLLOM,10,7/22/2025,8,B5,14.6,,,,,2,3,6,
SEM,DIVERSE,COLLOM,11,7/18/2025,5,C5,7,,,,,1,3,3,
SEM,DIVERSE,COLLOM,12,7/18/2025,5,E1,8.6,,,,,1,3,3,
SEM,DIVERSE,COLLOM,13,7/18/2025,2,E4,7.6,,,,,5,3,15,
SEM,DIVERSE,COLLOM,14,7/18/2025,5,E5,9.1,,,,,2,3,6,
SEM,DIVERSE,COLLOM,15,7/18/2025,5,D1,11.2,,,,,1,3,3,
SEM,DIVERSE,COLLOM,16,7/18/2025,5,B3,7.3,,,,,1,3,3,
SEM,DIVERSE,COLLOM,17,7/18/2025,2,B1,10.2,,,,,1,3,3,
SEM,DIVERSE,COLLOM,18,7/18/2025,2,D1,11.7,,,,,3,3,9,
SEM,DIVERSE,COLLOM,19,7/18/2025,2,A2,10.6,,,,,3,3,9,
SEM,DIVERSE,COLLOM,20,7/18/2025,6,D1,12.6,,,,,5,3,15,
SEM,DIVERSE,COLLOM,21,7/18/2025,6,C1,10.3,,,,,1,3,3,
SEM,DIVERSE,COLLOM,22,,8,A2,15.2,,,,,8,3,24,
SEM,DIVERSE,COLLOM,23,7/23/2025,7,D2,8.2,,,,,1,3,3,
SEM,DIVERSE,COLLOM,24,7/23/2025,7,B2,6.8,,,,,1,3,3,
SEM,DIVERSE,COLLOM,25,7/22/2025,4,A5,10,,,,,1,3,3,
SEM,DIVERSE,COLLOM,26,7/22/2025,4,D4,11.2,,,,,1,3,3,
SEM,DIVERSE,COLLOM,27,7/22/2025,4,A1,9.5,,,,,4,3,12,
SEM,DIVERSE,COLLOM,28,7/22/2025,4,D2,12.5,,,,,1,3,3,
SEM,DIVERSE,COLLOM,29,7/22/2025,3,B1,12.4,,,,,5,3,15,
SEM,DIVERSE,COLLOM,30,7/22/2025,3,C2,15.4,,,,,8,3,24,
SEM,DIVERSE,COLLOM,31,7/22/2025,1,A1,14.6,,,,,6,3,18,
SEM,DIVERSE,COLLOM,32,7/22/2025,1,B1,8.8,,,,,1,3,3,
SEM,DIVERSE,COLLOM,33,7/22/2025,1,B2,20,,,,,4,3,12,
WIR,ALONE,COLLOM,1,7/9/2025,,,8.2,,,,,38,3,114,cleistogamous
WIR,ALONE,COLLOM,2,7/9/2025,,,7.3,,,,,58,3,174,cleistogamous
WIR,ALONE,COLLOM,3,,,,,,,,,,3,0,gone
WIR,ALONE,COLLOM,4,7/9/2025,,,8,,,,,16,3,48,cleistogamous
WIR,ALONE,COLLOM,5,7/9/2025,,,6.5,,,,,13,3,39,cleistogamous
WIR,ALONE,COLLOM,6,7/9/2025,,,4.8,,,,,1,3,3,BT
WIR,ALONE,COLLOM,7,,,,,,,,,,3,0,gone
WIR,ALONE,COLLOM,8,7/9/2025,,,8.6,,,,,80,3,240,cleistogamous
WIR,ALONE,COLLOM,9,7/9/2025,,,10.1,,,,,71,3,213,cleistogamous
WIR,ALONE,COLLOM,10,7/9/2025,,,7.5,,,,,70,3,210,cleistogamous
WIR,ALONE,COLLOM,11,7/9/2025,,,5.4,,,,,29,3,87,cleistogamous
WIR,ALONE,COLLOM,12,,,,,,,,,,3,0,gone
WIR,ALONE,COLLOM,13,7/9/2025,,,7.8,,,,,14,3,42,
WIR,ALONE,COLLOM,14,7/9/2025,,,6,,,,,9,3,27,
WIR,ALONE,COLLOM,15,,,,,,,,,,3,0,gone
WIR,ALONE,COLLOM,16,7/9/2025,,,8.4,,,,,28,3,84,"cleistogamous, BT"
WIR,ALONE,COLLOM,17,7/9/2025,,,5.3,,,,,7,3,21,cleistogamous
WIR,ALONE,COLLOM,18,7/9/2025,,,7.7,,,,,27,3,81,"cleistogamous, BT"
WIR,ALONE,COLLOM,19,7/9/2025,,,6.2,,,,,33,3,99,cleistogamous
WIR,ALONE,COLLOM,20,7/9/2025,,,4.3,,,,,3,3,9,
WIR,ALONE,COLLOM,21,7/9/2025,,,6.3,,,,,46,3,138,cleistogamous
WIR,ALONE,COLLOM,22,7/9/2025,,,4,,,,,9,3,27,cleistogamous
WIR,ALONE,COLLOM,23,7/9/2025,,,5,,,,,16,3,48,cleistogamous
WIR,ALONE,COLLOM,24,7/9/2025,,,4.9,,,,,16,3,48,cleistogamous
WIR,DIVERSE,COLLOM,1,7/11/2025,11,C2,5.7,,,,,2,3,6,
WIR,DIVERSE,COLLOM,2,7/16/2025,9,D4,3.5,,,,,1,3,3,
WIR,DIVERSE,COLLOM,3,7/9/2025,1,D4,4,,,,,1,3,3,
WIR,DIVERSE,COLLOM,4,7/16/2025,10,E4,5.5,,,,,1,3,3,
WIR,DIVERSE,COLLOM,5,7/11/2025,11,A3,8,,,,,2,3,6,
WIR,DIVERSE,COLLOM,6,7/9/2025,1,B1,15.5,,,,,9,3,27,
WIR,DIVERSE,COLLOM,7,7/11/2025,2,D3,19.4,,,,,14,3,42,cleistogamous
WIR,DIVERSE,COLLOM,8,7/16/2025,10,E5,14.2,,,,,9,3,27,
WIR,DIVERSE,COLLOM,9,7/16/2025,10,C2,10,,,,,4,3,12,
WIR,DIVERSE,COLLOM,10,7/9/2025,12,C3,17.1,,,,,15,3,45,
WIR,DIVERSE,COLLOM,11,7/9/2025,1,E5,7.9,,,,,1,3,3,
WIR,DIVERSE,COLLOM,12,7/9/2025,1,C5,11.5,,,,,1,3,3,
WIR,DIVERSE,COLLOM,13,7/9/2025,1,E2,8.5,,,,,1,3,3,
WIR,DIVERSE,COLLOM,14,7/9/2025,1,C2,8.4,,,,,1,3,3,
WIR,DIVERSE,COLLOM,15,7/9/2025,1,A5,9.4,,,,,1,3,3,
WIR,DIVERSE,COLLOM,16,7/9/2025,1,C4,7.5,,,,,2,3,6,
WIR,DIVERSE,COLLOM,17,7/9/2025,1,B3,7.5,,,,,1,3,3,
WIR,DIVERSE,COLLOM,18,7/9/2025,12,B3,7.1,,,,,3,3,9,
WIR,DIVERSE,COLLOM,19,7/9/2025,12,B4,8.1,,,,,2,3,6,
WIR,DIVERSE,COLLOM,20,7/9/2025,12,B5,8.5,,,,,6,3,18,
WIR,DIVERSE,COLLOM,21,7/9/2025,12,D1,6.1,,,,,1,3,3,
WIR,DIVERSE,COLLOM,22,7/11/2025,2,A3,11.1,,,,,4,3,12,cleistogamous
WIR,DIVERSE,COLLOM,23,7/11/2025,3,D5,5.8,,,,,1,3,3,
WIR,DIVERSE,COLLOM,24,7/11/2025,3,E4,4.4,,,,,1,3,3,
WIR,DIVERSE,COLLOM,25,7/11/2025,11,D3,10.5,,,,,3,3,9,
WIR,DIVERSE,COLLOM,26,7/11/2025,3,B3,7.8,,,,,1,3,3,
WIR,DIVERSE,COLLOM,27,7/11/2025,3,D4,5.2,,,,,1,3,3,
WIR,DIVERSE,COLLOM,28,7/11/2025,11,B5,13.2,,,,,6,3,18,
WIR,DIVERSE,COLLOM,29,7/16/2025,4,D1,9.4,,,,,1,3,3,
WIR,DIVERSE,COLLOM,30,7/16/2025,4,D2,10.9,,,,,3,3,9,
WIR,DIVERSE,COLLOM,31,7/16/2025,4,E3,9,,,,,4,3,12,
WIR,DIVERSE,COLLOM,32,7/16/2025,10,D4,21.5,,,,,15,3,45,
WIR,DIVERSE,COLLOM,33,7/16/2025,9,D5,8.6,,,,,2,3,6,
WIR,DIVERSE,COLLOM,34,7/16/2025,9,B2,7,,,,,1,3,3,
BR,ALONE,EPIDEN,1,7/23/2025,,,3.6,,,,,0,18,0,herb
BR,ALONE,EPIDEN,2,7/23/2025,,,4.1,,,,,9,18,162,herb
BR,ALONE,EPIDEN,3,7/23/2025,,,3.2,,,,,12,18,216,herb
BR,ALONE,EPIDEN,4,7/23/2025,,,7.1,,,,,56,18,1008,herb
BR,ALONE,EPIDEN,5,7/23/2025,,,6.4,,,,,30,18,540,herb
BR,ALONE,EPIDEN,6,7/23/2025,,,6.2,,,,,82,18,1476,herb
BR,ALONE,EPIDEN,7,7/23/2025,,,5.1,,,,,43,18,774,herb
BR,ALONE,EPIDEN,8,7/23/2025,,,4.3,,,,,10,18,180,herb
BR,ALONE,EPIDEN,9,7/23/2025,,,7.8,,,,,56,18,1008,herb
BR,ALONE,EPIDEN,10,7/23/2025,,,8.5,,,,,71,18,1278,BT
BR,ALONE,EPIDEN,11,7/23/2025,,,4.3,,,,,77,18,1386,herb
BR,ALONE,EPIDEN,12,7/23/2025,,,6.9,,,,,80,18,1440,herb
BR,ALONE,EPIDEN,13,,,,,,,,,,18,0,gone
BR,ALONE,EPIDEN,14,7/23/2025,,,5.5,,,,,103,18,1854,
BR,ALONE,EPIDEN,15,7/23/2025,,,12.7,,,,,111,18,1998,herb
BR,ALONE,EPIDEN,16,7/23/2025,,,5.8,,,,,60,18,1080,herb
BR,ALONE,EPIDEN,17,7/23/2025,,,5,,,,,24,18,432,herb
BR,ALONE,EPIDEN,18,7/23/2025,,,5.6,,,,,37,18,666,BT
BR,ALONE,EPIDEN,19,7/23/2025,,,4.7,,,,,37,18,666,herb
BR,ALONE,EPIDEN,20,7/23/2025,,,7.1,,,,,67,18,1206,
BR,ALONE,EPIDEN,21,7/23/2025,,,7.5,,,,,24,18,432,
BR,DIVERSE,EPIDEN,1,7/29/2025,12,E5,4.6,,,,,1,18,18,
BR,DIVERSE,EPIDEN,2,7/29/2025,3,C4,2.8,,,,,1,18,18,
BR,DIVERSE,EPIDEN,3,7/29/2025,5,D3,3,,,,,1,18,18,
BR,DIVERSE,EPIDEN,4,,8,,,,,,,,18,0,gone
BR,DIVERSE,EPIDEN,5,,11,,,,,,,,18,0,gone
BR,DIVERSE,EPIDEN,6,7/29/2025,12,D2,6.9,,,,,3,18,54,
BR,DIVERSE,EPIDEN,7,,5,,,,,,,,18,0,gone
BR,DIVERSE,EPIDEN,8,7/23/2025,6,C1,3.7,,,,,1,18,18,
BR,DIVERSE,EPIDEN,9,,8,,,,,,,,18,0,gone
BR,DIVERSE,EPIDEN,10,7/23/2025,1,D3,7.1,,,,,1,18,18,
BR,DIVERSE,EPIDEN,11,7/23/2025,1,B1,6.1,,,,,4,18,72,
BR,DIVERSE,EPIDEN,12,7/29/2025,12,A5,10.5,,,,,2,18,36,
BR,DIVERSE,EPIDEN,,7/23/2035,9,D3,3.3,,,,,1,18,18,
BR,DIVERSE,EPIDEN,,7/29/2025,4,D1,6.6,,,,,5,18,90,
BR,DIVERSE,EPIDEN,,7/29/2025,3,E3,4.4,,,,,2,18,0,
BR,DIVERSE,EPIDEN,,7/29/2025,3,D1,1.3,,,,,0,18,0,
RF,ALONE,EPIDEN,1,7/8/2025,,,32.3,,,,,35,18,630,
RF,ALONE,EPIDEN,2,7/8/2025,,,29.5,,,,,53,18,954,
RF,ALONE,EPIDEN,3,7/8/2025,,,75.8,,,,,450,18,8100,
RF,ALONE,EPIDEN,4,7/8/2025,,,20.5,,,,,24,18,432,
RF,ALONE,EPIDEN,5,7/8/2025,,,60.3,,,,,36,18,648,
RF,ALONE,EPIDEN,6,7/8/2025,,,38.1,,,,,52,18,936,
RF,ALONE,EPIDEN,7,7/8/2025,,,58.6,,,,,575,18,10350,
RF,ALONE,EPIDEN,8,7/8/2025,,,50.6,,,,,181,18,3258,
RF,ALONE,EPIDEN,9,7/8/2025,,,74,,,,,152,18,2736,
RF,ALONE,EPIDEN,10,7/8/2025,,,52.4,,,,,239,18,4302,
RF,ALONE,EPIDEN,11,7/8/2025,,,70.2,,,,,245,18,4410,
RF,ALONE,EPIDEN,12,7/8/2025,,,42.4,,,,,107,18,1926,
RF,ALONE,EPIDEN,13,7/8/2025,,,63.3,,,,,204,18,3672,
RF,ALONE,EPIDEN,14,7/8/2025,,,23.9,,,,,18,18,324,
RF,ALONE,EPIDEN,15,7/8/2025,,,40.9,,,,,2175,18,39150,
RF,ALONE,EPIDEN,16,7/8/2025,,,22.4,,,,,36,18,648,
RF,ALONE,EPIDEN,17,7/8/2025,,,29.2,,,,,70,18,1260,
RF,ALONE,EPIDEN,18,7/8/2025,,,12.6,,,,,13,18,234,
RF,ALONE,EPIDEN,19,7/8/2025,,,28.1,,,,,33,18,594,
RF,ALONE,EPIDEN,20,7/8/2025,,,32.5,,,,,52,18,936,
RF,DIVERSE,EPIDEN,1,7/8/2025,6,B2,17.4,,,,,7,18,126,
RF,DIVERSE,EPIDEN,2,7/8/2025,4,C3,18.1,,,,,4,18,72,
RF,DIVERSE,EPIDEN,3,,2,A5,2.9,,,,,0,18,0,
RF,DIVERSE,EPIDEN,4,7/8/2025,4,A1,,,,,,,18,0,gone
RF,DIVERSE,EPIDEN,5,7/2/2025,3,C2,,,,,,,18,0,gone
RF,DIVERSE,EPIDEN,6,,1,B1,3.3,,,,,1,18,18,
RF,DIVERSE,EPIDEN,7,,4,D4,,,,,,,18,0,gone
RF,DIVERSE,EPIDEN,8,7/8/2025,5,D4,,,,,,,18,0,
RF,DIVERSE,EPIDEN,9,,2,D3,,,,,,,18,0,gone
RF,DIVERSE,EPIDEN,10,,1,A4,,,,,,,18,0,gone
RF,DIVERSE,EPIDEN,11,7/2/2025,1,A1,7.6,,,,,2,18,36,
RF,DIVERSE,EPIDEN,12,7/2/2025,1,A1,5.3,,,,,2,18,36,
RF,DIVERSE,EPIDEN,13,7/2/2025,1,E1,32.7,,,,,33,18,594,
RF,DIVERSE,EPIDEN,14,7/2/2025,1,C3,19.6,,,,,4,18,72,
RF,DIVERSE,EPIDEN,15,7/2/2025,1,E3,26.9,,,,,12,18,216,
RF,DIVERSE,EPIDEN,16,7/2/2025,1,B3,17.6,,,,,7,18,126,
RF,DIVERSE,EPIDEN,17,7/2/2025,1,D1,5.6,,,,,3,18,54,
RF,DIVERSE,EPIDEN,18,7/2/2025,2,A2,6.5,,,,,2,18,36,
RF,DIVERSE,EPIDEN,19,7/2/2025,2,D1,43.2,,,,,116,18,2088,
RF,DIVERSE,EPIDEN,20,7/2/2025,2,C1,31.5,,,,,52,18,936,
RF,DIVERSE,EPIDEN,21,7/2/2025,2,D3,15.1,,,,,3,18,54,
RF,DIVERSE,EPIDEN,22,7/2/2025,2,C2,24.2,,,,,11,18,198,
RF,DIVERSE,EPIDEN,23,7/2/2025,2,A4,5.9,,,,,3,18,54,
RF,DIVERSE,EPIDEN,24,7/2/2025,2,C3,42,,,,,45,18,810,
RF,DIVERSE,EPIDEN,25,7/2/2025,2,C5,20.8,,,,,14,18,252,
RF,DIVERSE,EPIDEN,26,7/8/2025,3,E1,12,,,,,6,18,108,
RF,DIVERSE,EPIDEN,27,7/8/2025,3,A5,11.3,,,,,3,18,54,
RF,DIVERSE,EPIDEN,28,7/8/2025,3,E1,11.9,,,,,5,18,90,
RF,DIVERSE,EPIDEN,29,7/8/2025,3,B1,9.1,,,,,2,18,36,
RF,DIVERSE,EPIDEN,30,7/8/2025,3,D1,44.6,,,,,56,18,1008,
RF,DIVERSE,EPIDEN,31,7/8/2025,3,C5,20,,,,,7,18,126,
RF,DIVERSE,EPIDEN,32,7/8/2025,3,C1,14.5,,,,,6,18,108,
RF,DIVERSE,EPIDEN,33,7/8/2025,4,E1,11.4,,,,,5,18,90,
RF,DIVERSE,EPIDEN,34,7/8/2025,4,E4,24.8,,,,,7,18,126,
RF,DIVERSE,EPIDEN,35,7/8/2025,4,C1,20.2,,,,,5,18,90,
RF,DIVERSE,EPIDEN,37,7/8/2025,4,D2,7.5,,,,,3,18,54,
RF,DIVERSE,EPIDEN,38,7/8/2025,5,E2,11.7,,,,,4,18,72,
RF,DIVERSE,EPIDEN,39,7/8/2025,5,B4,5.8,,,,,5,18,90,
RF,DIVERSE,EPIDEN,40,7/8/2025,5,E3,14.7,,,,,5,18,90,
RF,DIVERSE,EPIDEN,41,7/8/2025,5,C2,27.1,,,,,13,18,234,
RF,DIVERSE,EPIDEN,42,7/8/2025,6,E5,6.1,,,,,3,18,54,
RF,DIVERSE,EPIDEN,43,7/8/2025,6,E4,16.3,,,,,11,18,198,
RF,DIVERSE,EPIDEN,44,7/8/2025,6,D4,5,,,,,2,18,36,
RF,DIVERSE,EPIDEN,45,7/8/2025,6,E4,7,,,,,3,18,54,
RF,DIVERSE,EPIDEN,46,7/8/2025,6,E2,9.5,,,,,8,18,144,
RF,DIVERSE,EPIDEN,47,7/8/2025,6,B4,10.5,,,,,3,18,54,
RF,DIVERSE,EPIDEN,48,7/8/2025,6,D3,12.3,,,,,4,18,72,
RF,DIVERSE,EPIDEN,49,7/8/2025,6,D5,17.3,,,,,19,18,342,
SEM,ALONE,EPIDEN,1,7/18/2025,,,6.9,,,,,6,18,108,
SEM,ALONE,EPIDEN,2,7/18/2025,,,10.8,,,,,11,18,198,
SEM,ALONE,EPIDEN,3,7/18/2025,,,8.5,,,,,20,18,360,
SEM,ALONE,EPIDEN,4,7/18/2025,,,25.6,,,,,61,18,1098,
SEM,ALONE,EPIDEN,5,7/18/2025,,,6,,,,,4,18,72,
SEM,ALONE,EPIDEN,6,7/18/2025,,,15.9,,,,,25,18,450,
SEM,ALONE,EPIDEN,7,7/18/2025,,,5.1,,,,,7,18,126,
SEM,ALONE,EPIDEN,8,7/18/2025,,,9.1,,,,,10,18,180,
SEM,ALONE,EPIDEN,9,7/18/2025,,,2.5,,,,,0,18,0,
SEM,ALONE,EPIDEN,11,7/18/2025,,,6.8,,,,,32,18,576,
SEM,ALONE,EPIDEN,12,7/18/2025,,,4.4,,,,,17,18,306,
SEM,ALONE,EPIDEN,13,7/18/2025,,,9.2,,,,,36,18,648,
SEM,ALONE,EPIDEN,14,7/18/2025,,,8.6,,,,,55,18,990,
SEM,ALONE,EPIDEN,15,7/18/2025,,,4.2,,,,,18,18,324,
SEM,ALONE,EPIDEN,16,7/18/2025,,,8.1,,,,,9,18,162,
SEM,ALONE,EPIDEN,17,7/18/2025,,,8.4,,,,,11,18,198,
SEM,ALONE,EPIDEN,18,7/18/2025,,,11.2,,,,,14,18,252,
SEM,ALONE,EPIDEN,19,7/18/2025,,,6.7,,,,,20,18,360,
SEM,ALONE,EPIDEN,20,7/18/2025,,,16.2,,,,,21,18,378,
SEM,DIVERSE,EPIDEN,1,7/22/2025,2,E5,18.6,,,,,8,18,144,
SEM,DIVERSE,EPIDEN,2,,2,A2,,,,,,,18,0,gone
SEM,DIVERSE,EPIDEN,3,7/22/2025,4,B3,5.8,,,,,1,18,18,
SEM,DIVERSE,EPIDEN,4,7/22/2025,4,D5,3.3,,,,,1,18,18,
SEM,DIVERSE,EPIDEN,5,,1,,,,,,,,18,0,gone
SEM,DIVERSE,EPIDEN,6,7/18/2025,5,B5,3,,,,,1,18,18,
SEM,DIVERSE,EPIDEN,7,7/22/2025,3,D2,21.9,,,,,9,18,162,
SEM,DIVERSE,EPIDEN,8,7/18/2025,5,E5,5.6,,,,,1,18,18,
SEM,DIVERSE,EPIDEN,9,7/22/2025,3,B2,16.4,,,,,5,18,90,
SEM,DIVERSE,EPIDEN,10,7/22/2025,1,E3,7.7,,,,,3,18,54,
SEM,DIVERSE,EPIDEN,11,7/18/2025,2,C1,13.1,,,,,3,18,54,
SEM,DIVERSE,EPIDEN,12,7/18/2025,2,C2,2.5,,,,,1,18,18,
SEM,DIVERSE,EPIDEN,13,7/22/2025,1,E4,10.8,,,,,8,18,144,
SEM,DIVERSE,EPIDEN,14,7/22/2025,1,A3,5.5,,,,,1,18,18,
SEM,DIVERSE,EPIDEN,15,,,,,,,,,,18,0,gone
SEM,DIVERSE,EPIDEN,,7/18/2025,2,D2,18.2,,,,,10,18,180,
SEM,DIVERSE,EPIDEN,,7/18/2025,2,B2,4.1,,,,,1,18,18,
SEM,DIVERSE,EPIDEN,,7/18/2025,1,E4,9.8,,,,,13,18,234,
SEM,DIVERSE,EPIDEN,,7/18/2025,6,B5,8.7,,,,,1,18,18,
SEM,DIVERSE,EPIDEN,,,8,E1,6.1,,,,,1,18,18,
SEM,DIVERSE,EPIDEN,,,8,D1,7.2,,,,,3,18,54,
SEM,DIVERSE,EPIDEN,,7/22/2025,4,E4,10.2,,,,,3,18,54,
SEM,DIVERSE,EPIDEN,,7/22/2025,4,C4,7.9,,,,,1,18,18,
SEM,DIVERSE,EPIDEN,,7/22/2025,4,D3,17.2,,,,,13,18,234,
SEM,DIVERSE,EPIDEN,,7/22/2025,4,E1,9.4,,,,,4,18,72,
SEM,DIVERSE,EPIDEN,,7/22/2025,1,C3,13.1,,,,,11,18,198,
SEM,DIVERSE,EPIDEN,,7/22/2025,1,D4,21.9,,,,,24,18,432,
SEM,DIVERSE,EPIDEN,,7/22/2025,1,D1,7.2,,,,,6,18,108,
SEM,DIVERSE,EPIDEN,,7/22/2025,1,E1,12.1,,,,,7,18,126,
SEM,DIVERSE,EPIDEN,,7/22/2025,1,D2,15.4,,,,,5,18,90,
WIR,ALONE,EPIDEN,1,7/9/2025,,,8.6,,,,,15,18,270,
WIR,ALONE,EPIDEN,2,7/9/2025,,,29.6,,,,,107,18,1926,
WIR,ALONE,EPIDEN,3,7/9/2025,,,19.5,,,,,101,18,1818,BT
WIR,ALONE,EPIDEN,4,7/9/2025,,,15.1,,,,,152,18,2736,BT
WIR,ALONE,EPIDEN,5,7/9/2025,,,11.1,,,,,169,18,3042,
WIR,ALONE,EPIDEN,6,7/9/2025,,,9.7,,,,,72,18,1296,BT
WIR,ALONE,EPIDEN,7,7/9/2025,,,12.1,,,,,105,18,1890,BT
WIR,ALONE,EPIDEN,8,7/9/2025,,,9.4,,,,,67,18,1206,BT
WIR,ALONE,EPIDEN,9,7/9/2025,,,13.1,,,,,85,18,1530,BT
WIR,ALONE,EPIDEN,10,7/9/2025,,,39.1,,,,,113,18,2034,BT
WIR,ALONE,EPIDEN,11,7/9/2025,,,11,,,,,23,18,414,BT
WIR,ALONE,EPIDEN,12,7/9/2025,,,33.1,,,,,68,18,1224,BT
WIR,ALONE,EPIDEN,13,7/9/2025,,,15,,,,,27,18,486,
WIR,ALONE,EPIDEN,14,7/9/2025,,,21.3,,,,,49,18,882,BT
WIR,ALONE,EPIDEN,15,7/9/2025,,,15.3,,,,,86,18,1548,BT
WIR,ALONE,EPIDEN,16,7/9/2025,,,11.6,,,,,53,18,954,BT
WIR,ALONE,EPIDEN,17,7/9/2025,,,13.8,,,,,16,18,288,
WIR,ALONE,EPIDEN,18,7/9/2025,,,8.2,,,,,25,18,450,
WIR,ALONE,EPIDEN,19,7/9/2025,,,8.4,,,,,8,18,144,
WIR,ALONE,EPIDEN,20,7/9/2025,,,6.6,,,,,131,18,2358,BT
WIR,DIVERSE,EPIDEN,1,7/11/2025,2,E2,1.5,,,,,1,18,18,
WIR,DIVERSE,EPIDEN,3,7/11/2025,7,A4,9.9,,,,,7,18,126,
WIR,DIVERSE,EPIDEN,4,7/11/2025,7,C3,15.5,,,,,5,18,90,
WIR,DIVERSE,EPIDEN,5,7/9/2025,1,A2,13.3,,,,,9,18,162,
WIR,DIVERSE,EPIDEN,6,,6,,,,,,,,18,0,gone
WIR,DIVERSE,EPIDEN,7,7/11/2025,2,D4,12.1,,,,,5,18,90,
WIR,DIVERSE,EPIDEN,8,7/16/2025,9,C2,12.1,,,,,5,18,90,
WIR,DIVERSE,EPIDEN,9,7/9/2025,1,A1,14,,,,,4,18,72,
WIR,DIVERSE,EPIDEN,10,7/9/2025,6,A1,4.1,,,,,2,18,36,
WIR,DIVERSE,EPIDEN,11,7/9/2025,6,A2,5.5,,,,,2,18,36,
WIR,DIVERSE,EPIDEN,12,7/11/2025,2,E3,6.7,,,,,3,18,54,
WIR,DIVERSE,EPIDEN,13,7/11/2025,2,D5,6.5,,,,,2,18,36,
WIR,DIVERSE,EPIDEN,14,7/11/2025,2,E5,4.6,,,,,1,18,18,
WIR,DIVERSE,EPIDEN,15,7/11/2025,2,C4,4.2,,,,,1,18,18,
WIR,DIVERSE,EPIDEN,16,7/16/2025,9,A3,10.6,,,,,3,18,54,
WIR,DIVERSE,EPIDEN,17,7/9/2025,12,A5,3.9,,,,,1,18,18,
WIR,DIVERSE,EPIDEN,18,7/11/2025,7,A3,8.5,,,,,2,18,36,
WIR,DIVERSE,EPIDEN,19,7/11/2025,7,C2,10.9,,,,,6,18,108,
WIR,DIVERSE,EPIDEN,20,7/11/2025,7,C2,11.7,,,,,3,18,54,
WIR,DIVERSE,EPIDEN,21,7/11/2025,7,A5,12,,,,,11,18,198,
WIR,DIVERSE,EPIDEN,22,7/16/2025,4,A5,9.1,,,,,4,18,72,
WIR,DIVERSE,EPIDEN,23,7/16/2025,10,A2,7.2,,,,,3,18,54,
WIR,DIVERSE,EPIDEN,24,7/16/2025,4,A4,8.1,,,,,3,18,54,
WIR,DIVERSE,EPIDEN,25,7/16/2025,10,B3,7.5,,,,,1,18,18,
WIR,DIVERSE,EPIDEN,26,7/16/2025,8,C5,11,,,,,5,18,90,
WIR,DIVERSE,EPIDEN,27,7/16/2025,10,A3,6.2,,,,,1,18,18,
WIR,DIVERSE,EPIDEN,28,7/16/2025,9,A4,16.9,,,,,9,18,162,
WIR,DIVERSE,EPIDEN,29,7/16/2025,9,B4,4.5,,,,,2,18,36,
WIR,DIVERSE,EPIDEN,30,7/16/2025,9,A2,8.1,,,,,2,18,36,
WIR,DIVERSE,EPIDEN,31,7/16/2025,9,A3,10.6,,,,,3,18,54,
WIR,DIVERSE,EPIDEN,32,7/16/2025,9,B3,8.1,,,,,1,18,18,
WIR,DIVERSE,EPIDEN,33,7/16/2025,9,C1,8.6,,,,,3,18,54,
BR,ALONE,GILCAP,1,7/23/2025,,,7.8,4,,,,100,3,300,BT
BR,ALONE,GILCAP,2,7/23/2025,,,8.4,6,,,,150,3,450,
BR,ALONE,GILCAP,3,7/23/2025,,,15.5,0,,,,0,3,0,BT
BR,ALONE,GILCAP,4,7/23/2025,,,13.2,5,,,,125,3,375,BT
BR,ALONE,GILCAP,5,7/23/2025,,,22.3,45,,,,1125,3,3375,BT
BR,ALONE,GILCAP,6,7/23/2025,,,8.1,1,,,,25,3,75,BT
BR,ALONE,GILCAP,7,,,,,,,,,,3,0,gone
BR,ALONE,GILCAP,8,7/23/2025,,,13.8,4,,,,100,3,300,BT
BR,ALONE,GILCAP,9,7/23/2025,,,8.1,5,,,,125,3,375,BT
BR,ALONE,GILCAP,10,7/23/2025,,,5.6,3,,,,75,3,225,BT
BR,ALONE,GILCAP,11,7/23/2025,,,7.5,11,,,,275,3,825,BT
BR,ALONE,GILCAP,12,7/23/2025,,,7.9,3,,,,75,3,225,BT
BR,ALONE,GILCAP,13,,,,,,,,,,3,0,gone
BR,ALONE,GILCAP,14,7/23/2025,,,13.3,39,,,,975,3,2925,BT
BR,ALONE,GILCAP,15,7/23/2025,,,17.3,9,,,,225,3,675,BT
BR,ALONE,GILCAP,16,7/23/2025,,,8.2,5,,,,125,3,375,BT
BR,ALONE,GILCAP,17,7/23/2025,,,11.4,3,,,,75,3,225,BT
BR,ALONE,GILCAP,18,7/23/2025,,,8,1,,,,25,3,75,
BR,DIVERSE,GILCAP,1,7/29/2025,12,D5,19.7,2,,,,50,3,150,
BR,DIVERSE,GILCAP,2,7/23/2025,14,E1,24,3,,,,75,3,225,BT
BR,DIVERSE,GILCAP,3,,11,,,,,,,,3,0,gone
BR,DIVERSE,GILCAP,4,7/29/2025,12,D2,22.2,1,,,,25,3,75,
BR,DIVERSE,GILCAP,5,7/29/2025,12,B3,18.5,2,,,,50,3,150,
BR,DIVERSE,GILCAP,6,7/23/2025,10,D2,14.2,1,,,,25,3,75,
BR,DIVERSE,GILCAP,7,7/29/2025,13,D5,22.9,1,,,,25,3,75,
BR,DIVERSE,GILCAP,8,7/23/2025,11,C1,16.1,2,,,,50,3,150,
BR,DIVERSE,GILCAP,9,7/23/2025,10,C5,14.3,1,,,,25,3,75,
BR,DIVERSE,GILCAP,10,7/29/2025,13,D4,15.4,1,,,,25,3,75,
BR,DIVERSE,GILCAP,11,7/23/2025,9,D1,16.1,1,,,,25,3,75,
BR,DIVERSE,GILCAP,12,7/29/2025,12,E1,11.7,1,,,,25,3,75,
BR,DIVERSE,GILCAP,13,7/29/2025,12,B1,31.3,1,,,,25,3,75,
BR,DIVERSE,GILCAP,14,7/29/2025,12,A1,15.5,1,,,,25,3,75,
BR,DIVERSE,GILCAP,15,7/29/2025,12,A2,23.7,1,,,,25,3,75,
BR,DIVERSE,GILCAP,16,7/29/2025,12,D3,18.6,1,,,,25,3,75,
BR,DIVERSE,GILCAP,,7/23/2035,2,A4,11,1,,,,25,3,75,
BR,DIVERSE,GILCAP,,7/23/2035,9,C4,8.8,1,,,,25,3,75,
BR,DIVERSE,GILCAP,,7/23/2035,2,A2,23,2,,,,50,3,150,
BR,DIVERSE,GILCAP,,7/29/2025,5,A3,9.9,2,,,,50,3,150,
BR,DIVERSE,GILCAP,,7/29/2025,12,B4,14.6,2,,,,50,3,150,
BR,DIVERSE,GILCAP,,7/29/2025,13,B1,13.1,1,,,,25,3,75,
BR,DIVERSE,GILCAP,,7/29/2025,13,A1,46,1,,,,25,3,75,
BR,DIVERSE,GILCAP,,7/29/2025,12,E1,11.6,1,,,,25,3,75,
BR,DIVERSE,GILCAP,,7/29/2025,13,E3,11.8,1,,,,25,3,75,
BR,DIVERSE,GILCAP,,7/29/2025,13,B4,29.5,2,,,,50,3,150,BT
BR,DIVERSE,GILCAP,,7/29/2025,13,A4,16.5,1,,,,25,3,75,
BR,DIVERSE,GILCAP,,7/29/2025,13,B5,16.6,1,,,,25,3,75,
RF,ALONE,GILCAP,1,7/2/2025,,,8.2,0,,,,0,3,0,"BT, herbivory"
RF,ALONE,GILCAP,2,7/2/2025,,,49.8,18,,,,450,3,1350,
RF,ALONE,GILCAP,3,7/2/2025,,,24.1,5,,,,125,3,375,
RF,ALONE,GILCAP,4,7/2/2025,,,52,25,,,,625,3,1875,BS
RF,ALONE,GILCAP,5,7/2/2025,,,50.3,15,,,,375,3,1125,
RF,ALONE,GILCAP,6,7/2/2025,,,8.5,0,,,,0,3,0,"BT, herbivory "
RF,ALONE,GILCAP,7,7/2/2025,,,56,36,,,,900,3,2700,
RF,ALONE,GILCAP,8,7/2/2025,,,1.1,0,,,,0,3,0,BT
RF,ALONE,GILCAP,9,7/2/2025,,,67.9,14,,,,350,3,1050,BT
RF,ALONE,GILCAP,10,7/2/2025,,,69.3,20,,,,500,3,1500,
RF,ALONE,GILCAP,11,7/2/2025,,,47.8,7,,,,175,3,525,
RF,ALONE,GILCAP,12,7/2/2025,,,55.2,12,,,,300,3,900,
RF,ALONE,GILCAP,13,7/2/2025,,,49.4,10,,,,250,3,750,
RF,ALONE,GILCAP,14,7/2/2025,,,55.1,23,,,,575,3,1725,
RF,ALONE,GILCAP,15,7/2/2025,,,16.1,0,,,,0,3,0,BT
RF,ALONE,GILCAP,16,7/2/2025,,,16.7,2,,,,50,3,150,
RF,ALONE,GILCAP,17,7/2/2025,,,37.4,5,,,,125,3,375,
RF,ALONE,GILCAP,18,7/2/2025,,,16.2,4,,,,100,3,300,
RF,ALONE,GILCAP,19,7/2/2025,,,49,14,,,,350,3,1050,
RF,ALONE,GILCAP,20,7/2/2025,,,39.5,3,,,,75,3,225,
RF,DIVERSE,GILCAP,1,7/2/2025,2,D4,25.3,1,,,,25,3,75,
RF,DIVERSE,GILCAP,2,7/8/2025,5,4.5,0,,,,,0,3,0,BT
RF,DIVERSE,GILCAP,3,,1,A5,,,,,,,3,0,gone
RF,DIVERSE,GILCAP,4,,5,D2,,,,,,,3,0,gone 
RF,DIVERSE,GILCAP,5,,4,D3,,,,,,,3,0,gone
RF,DIVERSE,GILCAP,6,7/8/2025,6,A2,5.7,,,,,0,3,0,BT
SEM,ALONE,GILCAP,1,7/18/2025,,,25.2,9,,,,225,3,675,
SEM,ALONE,GILCAP,2,7/18/2025,,,25.2,18,,,,450,3,1350,
SEM,ALONE,GILCAP,3,7/18/2025,,,8.2,1,,,,25,3,75,BT
SEM,ALONE,GILCAP,4,7/18/2025,,,20.8,13,,,,325,3,975,
SEM,ALONE,GILCAP,5,7/18/2025,,,14.4,5,,,,125,3,375,
SEM,ALONE,GILCAP,6,7/18/2025,,,17.4,22,,,,550,3,1650,
SEM,ALONE,GILCAP,7,7/18/2025,,,19,25,,,,625,3,1875,
SEM,ALONE,GILCAP,8,7/18/2025,,,11.9,14,,,,350,3,1050,
SEM,ALONE,GILCAP,9,7/18/2025,,,7.3,4,,,,100,3,300,BT
SEM,ALONE,GILCAP,10,7/18/2025,,,17,17,,,,425,3,1275,
SEM,ALONE,GILCAP,11,7/18/2025,,,20.7,13,,,,325,3,975,
SEM,ALONE,GILCAP,12,7/18/2025,,,14.9,31,,,,775,3,2325,
SEM,ALONE,GILCAP,13,7/18/2025,,,14.2,21,,,,525,3,1575,
SEM,ALONE,GILCAP,14,7/18/2025,,,19.2,4,,,,100,3,300,
SEM,ALONE,GILCAP,15,7/18/2025,,,27.4,4,,,,100,3,300,BT
SEM,ALONE,GILCAP,16,7/18/2025,,,21,16,,,,400,3,1200,
SEM,ALONE,GILCAP,17,7/18/2025,,,16.9,10,,,,250,3,750,BT
SEM,ALONE,GILCAP,18,7/18/2025,,,21,70,,,,1750,3,5250,
SEM,ALONE,GILCAP,19,7/18/2025,,,8.6,13,,,,325,3,975,BT
SEM,ALONE,GILCAP,20,7/18/2025,,,15.9,8,,,,200,3,600,BT
SEM,DIVERSE,GILCAP,1,,8,,,,,,,,3,0,gone
SEM,DIVERSE,GILCAP,2,7/22/2025,3,E1,22.6,1,,,,25,3,75,
SEM,DIVERSE,GILCAP,3,7/22/2025,8,C2,26.2,2,,,,50,3,150,BT
SEM,DIVERSE,GILCAP,4,7/22/2025,8,D4,21.2,3,,,,75,3,225,
SEM,DIVERSE,GILCAP,5,7/23/2025,7,D1,18.9,1,,,,25,3,75,BT
SEM,DIVERSE,GILCAP,6,7/18/2025,5,C3,4,2,,,,50,3,150,
SEM,DIVERSE,GILCAP,7,,5,,,,,,,,3,0,gone
SEM,DIVERSE,GILCAP,8,,2,E3,,,,,,,3,0,gone
SEM,DIVERSE,GILCAP,9,7/22/2025,4,E3,26.9,7,,,,175,3,525,
SEM,DIVERSE,GILCAP,10,7/18/2025,6,C3,15.7,1,,,,25,3,75,BT
SEM,DIVERSE,GILCAP,11,7/18/2025,5,D5,15.3,2,,,,50,3,150,
SEM,DIVERSE,GILCAP,12,7/18/2025,5,D2,13.8,1,,,,25,3,75,
SEM,DIVERSE,GILCAP,13,7/18/2025,5,C4,13.2,1,,,,25,3,75,
SEM,DIVERSE,GILCAP,14,7/18/2025,5,D4,29.1,1,,,,25,3,75,
SEM,DIVERSE,GILCAP,15,7/18/2025,2,D5,17,4,,,,100,3,300,BT
SEM,DIVERSE,GILCAP,16,7/18/2025,5,C1,27.1,1,,,,25,3,75,
SEM,DIVERSE,GILCAP,17,7/18/2025,5,C2,21.7,1,,,,25,3,75,BT
SEM,DIVERSE,GILCAP,18,7/18/2025,5,B1,9.9,1,,,,25,3,75,BT
SEM,DIVERSE,GILCAP,19,7/18/2025,2,A5,14.1,1,,,,25,3,75,
SEM,DIVERSE,GILCAP,20,7/18/2025,5,A1,35.2,2,,,,50,3,150,BT
SEM,DIVERSE,GILCAP,21,7/18/2025,2,A3,14.1,1,,,,25,3,75,
SEM,DIVERSE,GILCAP,22,7/18/2025,2,D4,4.5,4,,,,100,3,300,BT
SEM,DIVERSE,GILCAP,23,7/18/2025,6,A1,16.6,1,,,,25,3,75,
SEM,DIVERSE,GILCAP,24,7/18/2025,1,E5,11,37,,,,925,3,2775,BT
SEM,DIVERSE,GILCAP,25,7/18/2025,6,D3,32.6,8,,,,200,3,600,
SEM,DIVERSE,GILCAP,26,7/18/2025,6,A3,40,3,,,,75,3,225,
SEM,DIVERSE,GILCAP,27,7/18/2025,6,B2,32.5,1,,,,25,3,75,
SEM,DIVERSE,GILCAP,28,7/18/2025,6,E5,30.5,0,,,,0,3,0,BT
SEM,DIVERSE,GILCAP,29,7/18/2025,6,C5,24.2,1,,,,25,3,75,
SEM,DIVERSE,GILCAP,30,7/18/2025,6,A5,14,1,,,,25,3,75,
SEM,DIVERSE,GILCAP,31,7/18/2025,6,A4,34.2,1,,,,25,3,75,
SEM,DIVERSE,GILCAP,32,7/18/2025,6,B4,23.2,1,,,,25,3,75,
SEM,DIVERSE,GILCAP,33,7/22/2025,8,A1,26.6,4,,,,100,3,300,
SEM,DIVERSE,GILCAP,34,,8,D5,24.8,4,,,,100,3,300,BT
SEM,DIVERSE,GILCAP,35,,8,B1,32.1,4,,,,100,3,300,BT
SEM,DIVERSE,GILCAP,36,,8,B2,19.2,2,,,,50,3,150,
SEM,DIVERSE,GILCAP,37,,8,A3,18.7,3,,,,75,3,225,
SEM,DIVERSE,GILCAP,38,,8,C4,23.3,6,,,,150,3,450,BT
SEM,DIVERSE,GILCAP,39,7/23/2025,7,A4,15.1,1,,,,25,3,75,
SEM,DIVERSE,GILCAP,40,7/23/2025,7,C2,21.2,2,,,,50,3,150,BT
SEM,DIVERSE,GILCAP,41,7/23/2025,7,B4,27.3,1,,,,25,3,75,
SEM,DIVERSE,GILCAP,42,7/23/2025,7,D3,10.8,1,,,,25,3,75,
SEM,DIVERSE,GILCAP,43,7/23/2025,7,C4,23.2,1,,,,25,3,75,
SEM,DIVERSE,GILCAP,44,7/22/2025,4,B5,17.3,1,,,,25,3,75,
SEM,DIVERSE,GILCAP,45,7/22/2025,4,D5,18.6,,,,,0,3,0,BT
SEM,DIVERSE,GILCAP,46,7/22/2025,3,A1,24.1,1,,,,25,3,75,
SEM,DIVERSE,GILCAP,47,7/22/2025,3,C1,30.2,4,,,,100,3,300,
SEM,DIVERSE,GILCAP,48,7/22/2025,3,B4,32.3,2,,,,50,3,150,BT
SEM,DIVERSE,GILCAP,49,7/22/2025,3,D3,26.3,6,,,,150,3,450,
SEM,DIVERSE,GILCAP,50,7/22/2025,3,C5,30.8,1,,,,25,3,75,
SEM,DIVERSE,GILCAP,51,7/22/2025,3,C4,27,2,,,,50,3,150,BT
SEM,DIVERSE,GILCAP,52,7/22/2025,1,B3,8.8,1,,,,25,3,75,
SEM,DIVERSE,GILCAP,53,7/22/2025,1,D5,9.8,1,,,,25,3,75,
WIR,ALONE,GILCAP,1,7/9/2025,,,19.8,24,,,,600,3,1800,
WIR,ALONE,GILCAP,2,7/9/2025,,,18.5,24,,,,600,3,1800,BT
WIR,ALONE,GILCAP,3,7/9/2025,,,45.4,63,,,,1575,3,4725,BT
WIR,ALONE,GILCAP,4,7/9/2025,,,18.2,14,,,,350,3,1050,BT
WIR,ALONE,GILCAP,5,7/9/2025,,,12.8,15,,,,375,3,1125,BT
WIR,ALONE,GILCAP,6,7/9/2025,,,34,41,,,,1025,3,3075,BT
WIR,ALONE,GILCAP,7,7/9/2025,,,26.2,34,,,,850,3,2550,BT
WIR,ALONE,GILCAP,8,7/9/2025,,,42.3,18,,,,450,3,1350,BT
WIR,ALONE,GILCAP,9,7/9/2025,,,36.7,78,,,,1950,3,5850,BT
WIR,ALONE,GILCAP,10,7/9/2025,,,21.9,8,,,,200,3,600,BT
WIR,ALONE,GILCAP,11,,,,,,,,,,3,0,gone
WIR,ALONE,GILCAP,12,7/9/2025,,,10,20,,,,500,3,1500,BT
WIR,ALONE,GILCAP,13,7/9/2025,,,15.3,76,,,,1900,3,5700,BT
WIR,ALONE,GILCAP,14,7/9/2025,,,13.2,28,,,,700,3,2100,BT
WIR,ALONE,GILCAP,15,7/9/2025,,,8.1,1,,,,25,3,75,
WIR,ALONE,GILCAP,16,7/9/2025,,,18.8,12,,,,300,3,900,
WIR,ALONE,GILCAP,17,7/9/2025,,,19.6,17,,,,425,3,1275,BT
WIR,ALONE,GILCAP,18,7/9/2025,,,11.2,3,,,,75,3,225,BT
WIR,ALONE,GILCAP,19,7/9/2025,,,8.8,2,,,,50,3,150,BT
WIR,ALONE,GILCAP,20,7/9/2025,,,8.2,1,,,,25,3,75,
WIR,ALONE,GILCAP,21,7/9/2025,,,9,1,,,,25,3,75,BT
WIR,DIVERSE,GILCAP,1,7/16/2025,4,C4,40.1,2,,,,50,3,150,BT
WIR,DIVERSE,GILCAP,2,7/11/2025,2,D2,38,3,,,,75,3,225,BT
WIR,DIVERSE,GILCAP,3,7/16/2025,9,C3,29.1,,,,,0,3,0,BT
WIR,DIVERSE,GILCAP,4,7/16/2025,4,D3,24.1,1,,,,25,3,75,
WIR,DIVERSE,GILCAP,5,7/9/2025,12,A4,43.5,5,,,,125,3,375,BT
WIR,DIVERSE,GILCAP,6,7/16/2025,4,C4,22.2,1,,,,25,3,75,BT
WIR,DIVERSE,GILCAP,7,7/11/2025,2,E4,17.1,1,,,,25,3,75,
WIR,DIVERSE,GILCAP,8,7/16/2025,4,D4,24.5,1,,,,25,3,75,BT
WIR,DIVERSE,GILCAP,9,7/11/2025,2,C2,11.9,1,,,,25,3,75,
WIR,DIVERSE,GILCAP,10,7/11/2025,3,D1,30.6,3,,,,75,3,225,BT
WIR,DIVERSE,GILCAP,11,7/11/2025,3,D3,11.2,1,,,,25,3,75,
BR,ALONE,NAVSQU,1,7/29/2025,,,33.1,,,,,140,20,2800,
BR,ALONE,NAVSQU,2,7/29/2025,,,25.5,,,,,109,20,2180,
BR,ALONE,NAVSQU,3,7/29/2025,,,37.4,,,,,272,20,5440,
BR,ALONE,NAVSQU,4,7/29/2025,,,16.8,,,,,41,20,820,
BR,ALONE,NAVSQU,5,7/29/2025,,,23,,,,,51,20,1020,
BR,ALONE,NAVSQU,6,7/29/2025,,,4.4,,,,,5,20,100,
BR,ALONE,NAVSQU,7,7/29/2025,,,17.9,,,,,68,20,1360,
BR,ALONE,NAVSQU,8,7/29/2025,,,6.9,,,,,73,20,1460,
BR,ALONE,NAVSQU,9,7/29/2025,,,12.7,,,,,29,20,580,
BR,ALONE,NAVSQU,10,7/29/2025,,,19.2,,,,,35,20,700,
BR,ALONE,NAVSQU,11,7/29/2025,,,12.6,,,,,5,20,100,
BR,ALONE,NAVSQU,12,7/29/2025,,,15.3,,,,,28,20,560,
BR,ALONE,NAVSQU,13,7/29/2025,,,36.6,,,,,231,20,4620,
BR,ALONE,NAVSQU,14,7/29/2025,,,12.2,,,,,5,20,100,
BR,ALONE,NAVSQU,15,7/29/2025,,,18.1,,,,,44,20,880,
BR,ALONE,NAVSQU,16,7/29/2025,,,24.2,,,,,69,20,1380,
BR,ALONE,NAVSQU,17,7/29/2025,,,15.1,,,,,29,20,580,
BR,ALONE,NAVSQU,18,7/29/2025,,,5.9,,,,,3,20,60,
BR,ALONE,NAVSQU,19,7/29/2025,,,29.8,,,,,100,20,2000,
BR,ALONE,NAVSQU,20,7/29/2025,,,19,,,,,31,20,620,
RF,ALONE,NAVSQU,1,7/2/2025,,,3.5,,,,,0,20,0,
RF,ALONE,NAVSQU,2,7/2/2025,,,7.4,,,,,10,20,200,
RF,ALONE,NAVSQU,3,7/2/2025,,,22.6,,,,,35,20,700,
RF,ALONE,NAVSQU,4,7/2/2025,,,13.8,,,,,24,20,480,
RF,ALONE,NAVSQU,5,7/2/2025,,,5.6,,,,,9,20,180,
RF,ALONE,NAVSQU,6,7/2/2025,,,6.6,,,,,7,20,140,
RF,ALONE,NAVSQU,7,7/2/2025,,,7.1,,,,,,20,0,actually a NAVINT
RF,ALONE,NAVSQU,8,7/2/2025,,,4.1,,,,,5,20,100,
RF,ALONE,NAVSQU,9,7/2/2025,,,36.4,,,,,93,20,1860,
RF,ALONE,NAVSQU,10,7/2/2025,,,9.6,,,,,16,20,320,
RF,ALONE,NAVSQU,11,7/2/2025,,,15.8,,,,,25,20,500,
RF,ALONE,NAVSQU,12,7/2/2025,,,16.4,,,,,28,20,560,
RF,ALONE,NAVSQU,13,7/2/2025,,,16.1,,,,,26,20,520,
RF,ALONE,NAVSQU,14,7/2/2025,,,12.5,,,,,16,20,320,
RF,ALONE,NAVSQU,15,7/2/2025,,,4,,,,,6,20,120,
RF,ALONE,NAVSQU,16,7/2/2025,,,17.2,,,,,33,20,660,
RF,ALONE,NAVSQU,17,7/2/2025,,,5.1,,,,,6,20,120,
RF,ALONE,NAVSQU,18,7/2/2025,,,19.6,,,,,27,20,540,
RF,ALONE,NAVSQU,19,7/2/2025,,,7.3,,,,,21,20,420,
RF,ALONE,NAVSQU,20,7/2/2025,,,6.1,,,,,,20,0,actually a NAVINT
RF,DIVERSE,NAVSQU,1,7/8/2025,6,A5,4.8,,,,,1,20,20,
RF,DIVERSE,NAVSQU,2,7/8/2025,6,A4,7.1,,,,,1,20,20,
SEM,ALONE,NAVSQU,1,7/18/2025,,,6,,,,,0,20,0,
SEM,ALONE,NAVSQU,2,7/18/2025,,,4,,,,,3,20,60,
SEM,ALONE,NAVSQU,3,7/18/2025,,,11.5,,,,,28,20,560,
SEM,ALONE,NAVSQU,4,7/18/2025,,,10.6,,,,,43,20,860,
SEM,ALONE,NAVSQU,5,7/18/2025,,,31.2,,,,,141,20,2820,
SEM,ALONE,NAVSQU,6,7/18/2025,,,19.8,,,,,111,20,2220,
SEM,ALONE,NAVSQU,7,7/18/2025,,,17.1,,,,,118,20,2360,
SEM,ALONE,NAVSQU,8,7/18/2025,,,12.6,,,,,25,20,500,
SEM,ALONE,NAVSQU,9,7/18/2025,,,16.2,,,,,32,20,640,
SEM,ALONE,NAVSQU,10,7/18/2025,,,18.2,,,,,44,20,880,
SEM,ALONE,NAVSQU,11,7/18/2025,,,22.4,,,,,72,20,1440,
SEM,ALONE,NAVSQU,12,7/18/2025,,,17.3,,,,,29,20,580,
SEM,ALONE,NAVSQU,13,7/18/2025,,,13,,,,,77,20,1540,
SEM,ALONE,NAVSQU,14,7/18/2025,,,10.9,,,,,16,20,320,
SEM,ALONE,NAVSQU,15,7/18/2025,,,21.1,,,,,59,20,1180,
SEM,ALONE,NAVSQU,16,7/18/2025,,,6.5,,,,,19,20,380,
SEM,ALONE,NAVSQU,17,7/18/2025,,,18.2,,,,,40,20,800,
SEM,ALONE,NAVSQU,18,7/18/2025,,,14.5,,,,,24,20,480,
SEM,ALONE,NAVSQU,19,7/18/2025,,,8.6,,,,,18,20,360,
SEM,ALONE,NAVSQU,20,7/18/2025,,,19.2,,,,,49,20,980,
SEM,DIVERSE,NAVSQU,1,7/18/2025,2,E2,7.5,,,,,2,20,40,
SEM,DIVERSE,NAVSQU,2,7/18/2025,2,E2,5.4,,,,,2,20,40,
SEM,DIVERSE,NAVSQU,3,7/18/2025,2,E2,4.2,,,,,2,20,40,
SEM,DIVERSE,NAVSQU,4,7/18/2025,6,A2,3.5,,,,,1,20,20,
SEM,DIVERSE,NAVSQU,5,7/18/2025,2,E1,5.7,,,,,1,20,20,
SEM,DIVERSE,NAVSQU,6,7/18/2025,4,E3,5.2,,,,,1,20,20,
SEM,DIVERSE,NAVSQU,7,7/18/2025,4,A3,10.6,,,,,6,20,120,
SEM,DIVERSE,NAVSQU,8,7/18/2025,7,A5,6.2,,,,,2,20,40,
WIR,ALONE,NAVSQU,1,7/9/2025,,,41.5,,,,,486,20,9720,
WIR,ALONE,NAVSQU,2,7/9/2025,,,35.2,,,,,162,20,3240,
WIR,ALONE,NAVSQU,3,7/9/2025,,,11.1,,,,,41,20,820,
WIR,ALONE,NAVSQU,4,7/9/2025,,,26.9,,,,,66,20,1320,
WIR,ALONE,NAVSQU,5,7/9/2025,,,8.2,,,,,9,20,180,
WIR,ALONE,NAVSQU,6,7/9/2025,,,19.3,,,,,33,20,660,
WIR,ALONE,NAVSQU,7,7/9/2025,,,6.4,,,,,6,20,120,
WIR,ALONE,NAVSQU,8,7/9/2025,,,17.8,,,,,25,20,500,
WIR,ALONE,NAVSQU,9,7/9/2025,,,11.2,,,,,14,20,280,
WIR,ALONE,NAVSQU,10,7/9/2025,,,10.9,,,,,12,20,240,
WIR,ALONE,NAVSQU,11,7/9/2025,,,45.6,,,,,378,20,7560,
WIR,ALONE,NAVSQU,12,7/9/2025,,,30,,,,,147,20,2940,
WIR,ALONE,NAVSQU,13,7/9/2025,,,27,,,,,106,20,2120,
WIR,ALONE,NAVSQU,14,7/9/2025,,,34.5,,,,,362,20,7240,
WIR,ALONE,NAVSQU,15,7/9/2025,,,31.4,,,,,233,20,4660,
WIR,ALONE,NAVSQU,16,7/9/2025,,,17.1,,,,,62,20,1240,
WIR,ALONE,NAVSQU,17,7/9/2025,,,21.2,,,,,44,20,880,
WIR,ALONE,NAVSQU,18,7/9/2025,,,20,,,,,49,20,980,
WIR,ALONE,NAVSQU,19,7/9/2025,,,8.5,,,,,12,20,240,
WIR,ALONE,NAVSQU,20,7/9/2025,,,41.4,,,,,240,20,4800,
WIR,DIVERSE,NAVSQU,1,7/11/2025,7,D3,3.3,,,,,0,20,0,
WIR,DIVERSE,NAVSQU,2,7/9/2025,1,A3,6.2,,,,,3,20,60,
WIR,DIVERSE,NAVSQU,3,7/9/2025,6,E2,6.6,,,,,2,20,40,
BR,ALONE,PLAFIG,1,7/1/2025,,,6,,,,,18,4,72,
BR,ALONE,PLAFIG,2,7/1/2025,,,12.2,,,,,29,4,116,
BR,ALONE,PLAFIG,3,7/1/2025,,,15.4,,,,,92,4,368,BT
BR,ALONE,PLAFIG,4,7/1/2025,,,9.1,,,,,18,4,72,
BR,ALONE,PLAFIG,5,7/1/2025,,,9.7,,,,,40,4,160,
BR,ALONE,PLAFIG,6,7/1/2025,,,19.9,,,,,187,4,748,
BR,ALONE,PLAFIG,7,7/1/2025,,,17,,,,,35,4,140,
BR,ALONE,PLAFIG,8,7/1/2025,,,25.3,,,,,226,4,904,
BR,ALONE,PLAFIG,9,7/1/2025,,,23.1,,,,,246,4,984,BT
BR,ALONE,PLAFIG,10,,,,,,,,,,4,0,gone
BR,ALONE,PLAFIG,11,7/1/2025,,,17.4,,,,,63,4,252,
BR,ALONE,PLAFIG,12,7/1/2025,,,7.1,,,,,41,4,164,
BR,ALONE,PLAFIG,13,,,,,,,,,,4,0,gone
BR,ALONE,PLAFIG,14,7/1/2025,,,13.6,,,,,31,4,124,BT
BR,ALONE,PLAFIG,15,7/1/2025,,,35.2,,,,,630,4,2520,BT
BR,ALONE,PLAFIG,16,7/1/2025,,,12.1,,,,,49,4,196,
BR,ALONE,PLAFIG,17,7/1/2025,,,23.3,,,,,31,4,124,
RF,ALONE,PLAFIG,1,6/24/2025,,,13.6,,,,,48,4,192,
RF,ALONE,PLAFIG,2,6/24/2025,,,23.5,,,,,62,4,248,
RF,ALONE,PLAFIG,3,6/24/2025,,,22.7,,,,,57,4,228,
RF,ALONE,PLAFIG,4,6/24/2025,,,4.3,,,,,10,4,40,
RF,ALONE,PLAFIG,5,6/24/2025,,,21.6,,,,,,4,0,
RF,ALONE,PLAFIG,6,6/24/2025,,,17.3,,,,,,4,0,
RF,ALONE,PLAFIG,7,6/24/2025,,,15,,,,,,4,0,
RF,ALONE,PLAFIG,8,6/24/2025,,,0,,,,,0,4,0,gone
RF,ALONE,PLAFIG,9,6/24/2025,,,3.1,,,,,0,4,0,
RF,ALONE,PLAFIG,10,6/24/2025,,,0,,,,,,4,0,gone
RF,ALONE,PLAFIG,11,6/24/2025,,,0,,,,,,4,0,gone
RF,ALONE,PLAFIG,12,6/24/2025,,,22.1,,,,,108,4,432,
RF,ALONE,PLAFIG,13,6/24/2025,,,10.8,,,,,53,4,212,
RF,ALONE,PLAFIG,14,6/24/2025,,,3.7,,,,,5,4,20,
RF,ALONE,PLAFIG,15,6/24/2025,,,0,,,,,,4,0,gone
RF,ALONE,PLAFIG,16,6/24/2025,,,20.1,,,,,39,4,156,
RF,ALONE,PLAFIG,17,6/24/2025,,,22.7,,,,,97,4,388,
RF,ALONE,PLAFIG,18,6/24/2025,,,19.7,,,,,95,4,380,
RF,ALONE,PLAFIG,19,6/24/2025,,,16.7,,,,,46,4,184,
RF,ALONE,PLAFIG,20,6/24/2025,,,23,,,,,63,4,252,
RF,ALONE,PLAFIG,21,6/24/2025,,,23.4,,,,,46,4,184,
RF,ALONE,PLAFIG,22,6/24/2025,,,19.4,,,,,82,4,328,
RF,DIVERSE,PLAFIG,1,6/24/2025,6,C3,6.8,,,,,6,4,24,
RF,DIVERSE,PLAFIG,2,6/24/2025,5,B4,18.3,,,,,11,4,44,
RF,DIVERSE,PLAFIG,3,6/24/2025,6,C2,9.4,,,,,1,4,4,
RF,DIVERSE,PLAFIG,4,6/24/2025,6,C4,7.5,,,,,4,4,16,
RF,DIVERSE,PLAFIG,5,6/24/2025,6,A5,10.3,,,,,5,4,20,
RF,DIVERSE,PLAFIG,6,6/24/2025,5,A5,11.1,,,,,7,4,28,
RF,DIVERSE,PLAFIG,7,6/24/2025,6,C1,9.7,,,,,2,4,8,
SEM,ALONE,PLAFIG,1,7/1/2025,,,9.6,,,,,70,4,280,
SEM,ALONE,PLAFIG,2,7/1/2025,,,8.1,,,,,239,4,956,
SEM,ALONE,PLAFIG,3,7/1/2025,,,15.1,,,,,173,4,692,
SEM,ALONE,PLAFIG,4,7/1/2025,,,14.9,,,,,179,4,716,
SEM,ALONE,PLAFIG,5,7/1/2025,,,15.2,,,,,284,4,1136,
SEM,ALONE,PLAFIG,6,7/1/2025,,,15.1,,,,,79,4,316,
SEM,ALONE,PLAFIG,7,7/1/2025,,,14.1,,,,,331,4,1324,
SEM,ALONE,PLAFIG,8,7/1/2025,,,14.1,,,,,198,4,792,
SEM,ALONE,PLAFIG,9,7/1/2025,,,10.2,,,,,269,4,1076,
SEM,ALONE,PLAFIG,10,7/1/2025,,,7.8,,,,,17,4,68,
SEM,ALONE,PLAFIG,11,7/1/2025,,,25.2,,,,,143,4,572,
SEM,ALONE,PLAFIG,12,7/1/2025,,,10.5,,,,,105,4,420,
SEM,ALONE,PLAFIG,13,7/1/2025,,,19.5,,,,,68,4,272,
SEM,ALONE,PLAFIG,14,7/1/2025,,,12.2,,,,,114,4,456,
SEM,ALONE,PLAFIG,15,7/1/2025,,,8.2,,,,,214,4,856,
SEM,ALONE,PLAFIG,16,7/18/2025,,,16.5,,,,,300,4,1200,
SEM,ALONE,PLAFIG,17,7/18/2025,,,17,,,,,200,4,800,
SEM,DIVERSE,PLAFIG,1,7/1/2025,3,E3,10,,,,,4,4,16,
SEM,DIVERSE,PLAFIG,2,7/1/2025,2,E3,5,,,,,0,4,0,
SEM,DIVERSE,PLAFIG,3,7/1/2025,2,E3,8.4,,,,,8,4,32,
SEM,DIVERSE,PLAFIG,4,7/1/2025,2,D4,2.8,,,,,2,4,8,
SEM,DIVERSE,PLAFIG,5,7/1/2025,1,E1,,,,,,,4,0,gone
SEM,DIVERSE,PLAFIG,6,7/1/2025,1,E1,6.8,,,,,0,4,0,
SEM,DIVERSE,PLAFIG,7,7/1/2025,1,A5,16.4,,,,,2,4,8,BT
SEM,DIVERSE,PLAFIG,,7/22/2025,1,B4,19.8,,,,,2,4,8,BT
WIR,ALONE,PLAFIG,1,6/27/2025,,,9.9,,,,,50,4,200,
WIR,ALONE,PLAFIG,2,,,,,,,,,,4,0,gone
WIR,ALONE,PLAFIG,3,6/27/2025,,,11.1,,,,,49,4,196,
WIR,ALONE,PLAFIG,4,6/27/2025,,,3.1,,,,,18,4,72,
WIR,ALONE,PLAFIG,5,6/27/2025,,,10.4,,,,,52,4,208,
WIR,ALONE,PLAFIG,6,6/27/2025,,,6.5,,,,,29,4,116,
WIR,ALONE,PLAFIG,7,6/27/2025,,,8.9,,,,,50,4,200,
WIR,ALONE,PLAFIG,8,6/27/2025,,,10.2,,,,,84,4,336,
WIR,ALONE,PLAFIG,9,,,,,,,,,,4,0,gone
WIR,ALONE,PLAFIG,10,6/27/2025,,,12.4,,,,,191,4,764,
WIR,ALONE,PLAFIG,11,6/27/2025,,,5.6,,,,,20,4,80,
WIR,ALONE,PLAFIG,12,6/27/2025,,,4.1,,,,,28,4,112,
WIR,ALONE,PLAFIG,13,6/27/2025,,,7.3,,,,,32,4,128,
WIR,ALONE,PLAFIG,14,6/27/2025,,,3.5,,,,,20,4,80,
WIR,ALONE,PLAFIG,15,6/27/2025,,,9.8,,,,,109,4,436,
WIR,DIVERSE,PLAFIG,1,6/27/2025,4,D3,8,,,,,3,4,12,
WIR,DIVERSE,PLAFIG,2,7/11/2025,3,E3,0.6,,,,,1,4,4,
BR,ALONE,PLECON,1,,,,,,,,,,,0,gone
BR,ALONE,PLECON,2,,,,,,,,,,,0,gone
BR,ALONE,PLECON,3,7/1/2025,,,5,0,,,,,,0,BT
BR,ALONE,PLECON,4,,,,,,,,,,,0,gone
BR,ALONE,PLECON,5,,,,,,,,,,,0,gone
BR,ALONE,PLECON,6,7/1/2025,,,9.5,2,,,,,,48,
BR,ALONE,PLECON,7,,,,,,,,,,,0,gone
BR,ALONE,PLECON,8,7/1/2025,,,10,1,,,,,,24,
BR,ALONE,PLECON,9,,,,,,,,,,,0,gone
BR,ALONE,PLECON,10,7/1/2025,,,13.9,8,,,,,,350,
BR,ALONE,PLECON,11,7/1/2025,,,9.9,1,,,,,,24,BT
BR,ALONE,PLECON,12,,,,,,,,,,,0,gone
BR,ALONE,PLECON,13,7/1/2025,,,13.4,6,,,,,,322,BT
BR,ALONE,PLECON,14,,,,,,,,,,,0,gone
BR,ALONE,PLECON,15,7/1/2025,,,3.5,1,,,,,,24,
BR,ALONE,PLECON,16,7/1/2025,,,9.7,2,,,,,,48,BT
BR,ALONE,PLECON,17,7/1/2025,,,8.3,4,,,,,,119,
BR,ALONE,PLECON,18,7/1/2025,,,12.7,5,,,,,,189,BT
BR,ALONE,PLECON,19,7/1/2025,,,24.3,4,,,,,,119,
BR,ALONE,PLECON,20,7/1/2025,,,11.8,5,,,,,,189,
BR,ALONE,PLECON,21,7/1/2025,,,6.5,2,,,,,,48,
BR,ALONE,PLECON,22,7/1/2025,,,11.7,28,,,,,,1166,
BR,ALONE,PLECON,23,7/1/2025,,,8.5,12,,,,,,578,
BR,DIVERSE,PLECON,1,7/1/2025,7,D5,13.2,0,,,,,,0,
BR,DIVERSE,PLECON,2,7/1/2025,5,E1,11.1,0,,,,,,0,BT
BR,DIVERSE,PLECON,3,7/1/2025,5,D5,10.6,1,,,,,,24,
BR,DIVERSE,PLECON,4,7/1/2025,3,D2,12.3,1,,,,,,24,
BR,DIVERSE,PLECON,5,7/1/2025,1,D1,17.6,1,,,,,,47,
BR,DIVERSE,PLECON,6,7/1/2025,9,B4,3.9,1,,,,,,24,
BR,DIVERSE,PLECON,7,7/1/2025,4,D2,8.9,0,,,,,,0,BT
BR,DIVERSE,PLECON,8,7/1/2025,7,D2,,,,,,,,0,gone
BR,DIVERSE,PLECON,9,7/1/2025,14,D2,6.8,1,,,,,,24,
BR,DIVERSE,PLECON,10,7/1/2025,12,E3,,,,,,,,0,gone
BR,DIVERSE,PLECON,11,7/23/2025,1,B4,15.6,1,,,,,,47,
BR,DIVERSE,PLECON,12,7/23/2025,1,C2,10.2,2,,,,,,48,
BR,DIVERSE,PLECON,13,7/1/2025,2,D4,11.7,2,,,,,,48,BT
BR,DIVERSE,PLECON,14,7/1/2025,2,C5,14.5,1,,,,,,24,
BR,DIVERSE,PLECON,15,7/1/2025,2,C3,10,1,,,,,,24,
BR,DIVERSE,PLECON,16,7/1/2025,2,C4,17.1,1,,,,,,47,
BR,DIVERSE,PLECON,17,7/1/2025,2,D2,20.4,2,,,,,,48,
BR,DIVERSE,PLECON,18,7/1/2025,2,A1,12.5,1,,,,,,24,
BR,DIVERSE,PLECON,19,7/1/2025,9,D4,11.2,1,,,,,,24,
BR,DIVERSE,PLECON,20,7/1/2025,3,A5,16.7,3,,,,,,95,BT
BR,DIVERSE,PLECON,21,7/1/2025,9,A3,6.6,1,,,,,,24,
BR,DIVERSE,PLECON,22,7/1/2025,9,E1,14.7,1,,,,,,24,
BR,DIVERSE,PLECON,23,7/1/2025,4,C4,9.6,1,,,,,,24,
BR,DIVERSE,PLECON,24,7/1/2025,9,D1,13.2,1,,,,,,24,
BR,DIVERSE,PLECON,25,7/1/2025,4,E5,12.3,1,,,,,,24,
BR,DIVERSE,PLECON,26,7/1/2025,4,A5,12.7,1,,,,,,24,
BR,DIVERSE,PLECON,27,7/1/2025,9,D4,12.2,2,,,,,,48,
BR,DIVERSE,PLECON,28,7/1/2025,5,E3,8.5,2,,,,,,48,
BR,DIVERSE,PLECON,29,7/1/2025,5,C5,17.1,3,,,,,,95,BT
BR,DIVERSE,PLECON,30,7/1/2025,5,C2,15,2,,,,,,48,
BR,DIVERSE,PLECON,31,7/1/2025,11,D1,18.2,1,,,,,,47,
BR,DIVERSE,PLECON,32,7/1/2025,5,E4,3.2,1,,,,,,24,
BR,DIVERSE,PLECON,33,7/1/2025,11,C5,13.9,2,,,,,,48,
BR,DIVERSE,PLECON,34,7/1/2025,6,E4,13.5,1,,,,,,24,
BR,DIVERSE,PLECON,35,7/1/2025,11,B4,10.3,2,,,,,,48,
BR,DIVERSE,PLECON,36,7/1/2025,11,D2,6,2,,,,,,48,
BR,DIVERSE,PLECON,37,7/1/2025,11,E1,16.6,3,,,,,,95,
BR,DIVERSE,PLECON,38,7/1/2025,12,D2,9.6,2,,,,,,48,
BR,DIVERSE,PLECON,39,7/1/2025,12,D3,11.3,1,,,,,,24,BT
BR,DIVERSE,PLECON,40,7/1/2025,7,A2,10.5,1,,,,,,24,
BR,DIVERSE,PLECON,41,7/1/2025,12,E4,15.6,3,,,,,,95,
BR,DIVERSE,PLECON,42,7/1/2025,12,D4,14.5,2,,,,,,48,
BR,DIVERSE,PLECON,43,7/1/2025,10,D5,10.6,1,,,,,,24,
BR,DIVERSE,PLECON,44,7/1/2025,10,D1,13.1,1,,,,,,24,
BR,DIVERSE,PLECON,45,7/1/2025,10,E3,13.4,2,,,,,,48,
BR,DIVERSE,PLECON,46,7/1/2025,10,D1,14.5,2,,,,,,48,
BR,DIVERSE,PLECON,47,7/1/2025,13,A1,10.5,3,,,,,,95,
BR,DIVERSE,PLECON,48,7/1/2025,10,B2,9.5,3,,,,,,95,
BR,DIVERSE,PLECON,49,7/1/2025,10,E5,4.1,1,,,,,,24,
BR,DIVERSE,PLECON,50,7/1/2025,13,A2,12.2,1,,,,,,24,
BR,DIVERSE,PLECON,51,7/1/2025,13,D5,9.2,1,,,,,,24,
BR,DIVERSE,PLECON,52,7/1/2025,14,E2,12.8,3,,,,,,95,
BR,DIVERSE,PLECON,53,7/1/2025,14,B1,9.8,2,,,,,,48,
BR,DIVERSE,PLECON,54,7/1/2025,14,E2,10.3,1,,,,,,24,
BR,DIVERSE,PLECON,55,7/1/2025,14,C4,11,2,,,,,,48,
BR,DIVERSE,PLECON,56,7/1/2025,14,C1,9.4,1,,,,,,24,
BR,DIVERSE,PLECON,57,7/1/2025,8,E1,3.2,2,,,,,,48,
BR,DIVERSE,PLECON,58,7/1/2025,1,A4,18.1,1,,,,,,47,
BR,DIVERSE,PLECON,,7/23/2035,1,D1,16.9,1,,,,,,47,
BR,DIVERSE,PLECON,,7/23/2035,9,B3,17.8,2,,,,,,24,
BR,DIVERSE,PLECON,,7/23/2035,9,C3,6.8,1,,,,,,24,
BR,DIVERSE,PLECON,,7/23/2035,2,B5,12,1,,,,,,24,
BR,DIVERSE,PLECON,,7/23/2035,2,E3,12.2,1,,,,,,24,BT
BR,DIVERSE,PLECON,,7/23/2035,9,D4,7.6,1,,,,,,48,
BR,DIVERSE,PLECON,,7/23/2035,2,D5,10.1,1,,,,,,24,
BR,DIVERSE,PLECON,,7/23/2035,2,D4,14.7,1,,,,,,47,
BR,DIVERSE,PLECON,,7/23/2035,2,C3,12.2,2,,,,,,24,
BR,DIVERSE,PLECON,,7/23/2035,2,B1,16.5,1,,,,,,47,
BR,DIVERSE,PLECON,,7/23/2035,2,B2,9.1,1,,,,,,47,
BR,DIVERSE,PLECON,,7/29/2025,5,A1,6.2,1,,,,,,24,
BR,DIVERSE,PLECON,,7/29/2025,5,E4,10.9,1,,,,,,24,
BR,DIVERSE,PLECON,,7/29/2025,5,E3,9.6,1,,,,,,24,
BR,DIVERSE,PLECON,,7/29/2025,5,E1,12.5,1,,,,,,24,
BR,DIVERSE,PLECON,,7/29/2025,4,E4,13.8,1,,,,,,24,
BR,DIVERSE,PLECON,,7/29/2025,4,D2,11.6,1,,,,,,24,
BR,DIVERSE,PLECON,,7/29/2025,4,E1,13.3,1,,,,,,24,BT
BR,DIVERSE,PLECON,,7/29/2025,12,C1,15.5,1,,,,,,24,
BR,DIVERSE,PLECON,,7/29/2025,4,C3,8.9,1,,,,,,24,
BR,DIVERSE,PLECON,,7/29/2025,12,D4,12.6,1,,,,,,24,
BR,DIVERSE,PLECON,,7/29/2025,4,A4,6,1,,,,,,24,
BR,DIVERSE,PLECON,,7/29/2025,4,D4,9.8,1,,,,,,24,
BR,DIVERSE,PLECON,,7/29/2025,12,B5,14.6,2,,,,,,24,
BR,DIVERSE,PLECON,,7/29/2025,4,E4,12.4,1,,,,,,24,
BR,DIVERSE,PLECON,,7/29/2025,13,E1,11.6,1,,,,,,24,
BR,DIVERSE,PLECON,,7/29/2025,4,B5,9.9,1,,,,,,48,
BR,DIVERSE,PLECON,,7/29/2025,13,B2,13.3,1,,,,,,24,
BR,DIVERSE,PLECON,,7/29/2025,13,A3,14.2,1,,,,,,48,
BR,DIVERSE,PLECON,,7/29/2025,13,E4,6.2,1,,,,,,47,
BR,DIVERSE,PLECON,,7/29/2025,13,C5,16.4,1,,,,,,24,
BR,DIVERSE,PLECON,,7/29/2025,3,A5,17.2,1,,,,,,24,
BR,DIVERSE,PLECON,,7/29/2025,3,B3,8.9,1,,,,,,24,
BR,DIVERSE,PLECON,,7/29/2025,3,E2,19.5,1,,,,,,24,
BR,DIVERSE,PLECON,,7/29/2025,5,D1,10.5,1,,,,,,47,
RF,ALONE,PLECON,1,6/24/2025,,,15,1,,,,,,47,BT
RF,ALONE,PLECON,2,6/24/2025,,,1.8,0,,,,,,0,TOO SENESCED TO COUNT
RF,ALONE,PLECON,3,6/24/2025,,,6.8,0,,,,,,0,
RF,ALONE,PLECON,4,6/24/2025,,,31,9,,,,,,374,
RF,ALONE,PLECON,5,6/24/2025,,,23.6,8,,,,,,350,
RF,ALONE,PLECON,6,6/24/2025,,,38.9,14,,,,,,606,
RF,ALONE,PLECON,7,6/24/2025,,,29.1,10,,,,,,421,
RF,ALONE,PLECON,8,6/24/2025,,,33.2,7,,,,,,303,
RF,ALONE,PLECON,9,6/24/2025,,,31.3,11,,,,,,488,
RF,ALONE,PLECON,10,6/24/2025,,,36.1,11,,,,,,488,
RF,ALONE,PLECON,11,6/24/2025,,,29.5,9,,,,,,374,
RF,ALONE,PLECON,12,6/24/2025,,,40,40,,,,,,1724,
RF,ALONE,PLECON,13,6/24/2025,,,45,31,,,,,,1284,
RF,ALONE,PLECON,14,6/24/2025,,,28.1,4,,,,,,119,
RF,ALONE,PLECON,15,6/24/2025,,,45.8,10,,,,,,421,
RF,ALONE,PLECON,16,6/24/2025,,,37.4,9,,,,,,374,
RF,ALONE,PLECON,17,6/24/2025,,,23.8,5,,,,,,189,
RF,ALONE,PLECON,18,6/24/2025,,,49.4,37,,,,,,1586,
RF,ALONE,PLECON,19,6/24/2025,,,26,7,,,,,,303,
RF,ALONE,PLECON,20,6/24/2025,,,50.9,14,,,,,,606,
RF,DIVERSE,PLECON,1,6/24/2025,2,D2,21.2,2,,,,,,48,
RF,DIVERSE,PLECON,2,6/24/2025,2,D5,19.9,3,,,,,,95,
RF,DIVERSE,PLECON,3,6/24/2025,3,C2,16,2,,,,,,48,
RF,DIVERSE,PLECON,4,6/24/2025,3,C5,,,,,,,,0,gone
RF,DIVERSE,PLECON,5,6/24/2025,4,D1,15.1,3,,,,,,95,
RF,DIVERSE,PLECON,6,6/24/2025,1,D3,17.6,0,,,,,,0,bt
RF,DIVERSE,PLECON,7,6/24/2025,3,D5,18.3,2,,,,,,48,
RF,DIVERSE,PLECON,8,6/24/2025,5,D2,17.6,0,,,,,,0,bt
RF,DIVERSE,PLECON,9,6/24/2025,1,B4,16.8,0,,,,,,0,bt
RF,DIVERSE,PLECON,10,6/24/2025,4,D2,19.8,3,,,,,,95,
RF,DIVERSE,PLECON,11,6/24/2025,4,D2,20.5,4,,,,,,119,
RF,DIVERSE,PLECON,12,6/24/2025,4,E2,18.2,3,,,,,,95,
RF,DIVERSE,PLECON,13,6/24/2025,4,E1,17.2,3,,,,,,95,
RF,DIVERSE,PLECON,14,6/24/2025,4,D3,18.2,3,,,,,,95,
RF,DIVERSE,PLECON,15,6/24/2025,4,C2,19.1,4,,,,,,119,
RF,DIVERSE,PLECON,16,6/24/2025,3,C5,20.1,2,,,,,,48,
RF,DIVERSE,PLECON,17,6/24/2025,3,C5,19.5,2,,,,,,48,
RF,DIVERSE,PLECON,18,6/24/2025,3,C5,11.8,2,,,,,,48,
RF,DIVERSE,PLECON,19,6/24/2025,2,C1,34.1,3,,,,,,95,
RF,DIVERSE,PLECON,20,6/24/2025,2,B3,7.2,1,,,,,,24,
RF,DIVERSE,PLECON,21,6/24/2025,2,A1,28.5,2,,,,,,48,
RF,DIVERSE,PLECON,22,6/24/2025,1,E4,13.3,1,,,,,,24,
RF,DIVERSE,PLECON,23,6/24/2025,3,D1,26.7,6,,,,,,322,
RF,DIVERSE,PLECON,24,6/24/2025,1,C5,32.7,3,,,,,,95,
RF,DIVERSE,PLECON,25,6/24/2025,1,D1,29.5,3,,,,,,95,
RF,DIVERSE,PLECON,26,6/24/2025,1,C2,15,2,,,,,,48,
RF,DIVERSE,PLECON,27,6/24/2025,1,E1,14.1,2,,,,,,48,
RF,DIVERSE,PLECON,28,6/24/2025,1,C3,16.5,1,,,,,,47,
RF,DIVERSE,PLECON,29,6/24/2025,1,D3,18.9,2,,,,,,48,
RF,DIVERSE,PLECON,30,6/24/2025,3,C3,16.7,1,,,,,,47,
RF,DIVERSE,PLECON,31,7/2/2025,1,A3,8.9,1,,,,,,24,
RF,DIVERSE,PLECON,32,7/2/2025,1,C1,17.6,0,,,,,,0,BT
RF,DIVERSE,PLECON,33,7/2/2025,1,C4,15.6,2,,,,,,48,
RF,DIVERSE,PLECON,34,7/2/2025,1,B2,14.2,0,,,,,,0,BT
RF,DIVERSE,PLECON,35,7/2/2025,1,D2,18,0,,,,,,0,BT
RF,DIVERSE,PLECON,36,7/8/2025,3,D4,9.8,1,,,,,,24,
RF,DIVERSE,PLECON,37,7/8/2025,4,D1,11.6,2,,,,,,48,
SEM,ALONE,PLECON,2,7/1/2025,,,3.7,1,,,,,,24,
SEM,ALONE,PLECON,3,7/1/2025,,,13.2,4,,,,,,119,
SEM,ALONE,PLECON,4,7/1/2025,,,9.5,6,,,,,,322,BT
SEM,ALONE,PLECON,5,7/1/2025,,,16.9,5,,,,,,189,BT
SEM,ALONE,PLECON,8,7/1/2025,,,18.5,5,,,,,,189,
SEM,ALONE,PLECON,9,7/1/2025,,,12.3,4,,,,,,119,BT
SEM,ALONE,PLECON,10,7/1/2025,,,5.8,2,,,,,,48,
SEM,ALONE,PLECON,11,7/1/2025,,,5,2,,,,,,48,
SEM,ALONE,PLECON,12,7/1/2025,,,16.9,6,,,,,,322,
SEM,ALONE,PLECON,13,7/1/2025,,,17.5,9,,,,,,417,
SEM,ALONE,PLECON,14,7/1/2025,,,15.3,11,,,,,,445,BT
SEM,ALONE,PLECON,15,7/1/2025,,,19,7,,,,,,303,BT
SEM,ALONE,PLECON,16,7/1/2025,,,10.4,2,,,,,,48,
SEM,ALONE,PLECON,17,7/1/2025,,,16,4,,,,,,119,BT
SEM,ALONE,PLECON,18,7/1/2025,,,17.8,5,,,,,,189,
SEM,ALONE,PLECON,19,7/18/2025,,,18,6,,,,,,322,
SEM,DIVERSE,PLECON,1,7/1/2025,8,E2,2.9,0,,,,,,0,BT
SEM,DIVERSE,PLECON,2,7/1/2025,8,B5,12.4,2,,,,,,48,
SEM,DIVERSE,PLECON,3,7/1/2025,7,B1,6.8,0,,,,,,0,BT
SEM,DIVERSE,PLECON,4,7/1/2025,7,C3,1.5,0,,,,,,0,BT
SEM,DIVERSE,PLECON,5,7/1/2025,7,D5,1.7,0,,,,,,0,BT
SEM,DIVERSE,PLECON,6,7/1/2025,4,C3,2.3,0,,,,,,0,BT
SEM,DIVERSE,PLECON,7,7/1/2025,2,B5,1.1,0,,,,,,0,BT
SEM,DIVERSE,PLECON,8,7/1/2025,2,D5,16,0,,,,,,0,BT
SEM,DIVERSE,PLECON,9,7/1/2025,2,C1,,,,,,,,0,gone
SEM,DIVERSE,PLECON,10,7/1/2025,6,C4,,,,,,,,0,gone
SEM,DIVERSE,PLECON,11,7/1/2025,3,D1,19.2,2,,,,,,48,
SEM,DIVERSE,PLECON,12,7/1/2025,8,D5,9.5,2,,,,,,48,
SEM,DIVERSE,PLECON,13,7/1/2025,8,D5,11.9,0,,,,,,0,BT
SEM,DIVERSE,PLECON,14,7/18/2025,2,A4,9.9,1,,,,,,24,
SEM,DIVERSE,PLECON,15,7/22/2025,4,D1,19.3,1,,,,,,47,
SEM,DIVERSE,PLECON,16,7/23/2025,7,A1,20.5,1,,,,,,90,
SEM,DIVERSE,PLECON,17,7/23/2025,7,C1,15,1,,,,,,47,
SEM,DIVERSE,PLECON,18,7/23/2025,7,C3,14.8,1,,,,,,24,
WIR,ALONE,PLECON,1,6/27/2025,,,9.3,4,,,,,,119,
WIR,ALONE,PLECON,2,6/27/2025,,,14,5,,,,,,189,
WIR,ALONE,PLECON,3,,,,,,,,,,,0,gone
WIR,ALONE,PLECON,4,6/27/2025,,,14.1,2,,,,,,48,
WIR,ALONE,PLECON,5,6/27/2025,,,8.3,0,,,,,,0,
WIR,ALONE,PLECON,6,6/27/2025,,,9.4,3,,,,,,95,
WIR,ALONE,PLECON,7,6/27/2025,,,14.6,14,,,,,,583,
WIR,ALONE,PLECON,8,6/27/2025,,,19.7,15,,,,,,630,
WIR,ALONE,PLECON,9,6/27/2025,,,3.6,0,,,,,,0,
WIR,ALONE,PLECON,10,6/27/2025,,,10.5,4,,,,,,119,
WIR,ALONE,PLECON,11,6/27/2025,,,12.4,5,,,,,,189,
WIR,ALONE,PLECON,12,6/27/2025,,,4.9,3,,,,,,95,
WIR,ALONE,PLECON,13,6/27/2025,,,10.1,8,,,,,,304,
WIR,ALONE,PLECON,14,6/27/2025,,,15,14,,,,,,583,
WIR,ALONE,PLECON,15,6/27/2025,,,16.3,17,,,,,,744,
WIR,DIVERSE,PLECON,1,6/27/2025,6,D5,14.3,1,,,,,,24,
WIR,DIVERSE,PLECON,2,6/27/2025,4,A2,15.8,3,,,,,,95,BT
WIR,DIVERSE,PLECON,3,6/27/2025,1,C3,14.7,2,,,,,,48,BT
WIR,DIVERSE,PLECON,4,6/27/2025,2,D2,8.1,0,,,,,,0,BT
WIR,DIVERSE,PLECON,5,6/27/2025,3,B3,19.2,2,,,,,,48,
WIR,DIVERSE,PLECON,6,6/27/2025,12,C1,16.5,2,,,,,,48,
WIR,DIVERSE,PLECON,7,6/27/2025,9,B3,20.7,1,,,,,,90,
WIR,DIVERSE,PLECON,8,6/27/2025,4,D2,5.4,0,,,,,,0,BT
WIR,DIVERSE,PLECON,9,6/27/2025,2,A4,10.1,4,,,,,,119,
WIR,DIVERSE,PLECON,10,6/27/2025,4,C5,14.8,1,,,,,,24,
WIR,DIVERSE,PLECON,11,7/9/2025,1,E1,10.7,1,,,,,,24,
WIR,DIVERSE,PLECON,12,7/9/2025,1,E4,4.1,1,,,,,,24,
WIR,DIVERSE,PLECON,13,7/11/2025,2,E1,11.7,2,,,,,,48,
WIR,DIVERSE,PLECON,14,7/11/2025,2,C5,11.4,1,,,,,,24,BT
WIR,DIVERSE,PLECON,15,7/11/2025,5,E1,9.2,1,,,,,,24,
WIR,DIVERSE,PLECON,16,6/27/2025,1,C1,18.6,2,,,,,,48,
WIR,DIVERSE,PLECON,17,6/27/2025,1,D3,9.3,2,,,,,,48,
WIR,DIVERSE,PLECON,18,6/27/2025,1,C2,13.7,2,,,,,,48,BT
WIR,DIVERSE,PLECON,19,6/27/2025,2,D3,19.3,2,,,,,,48,
WIR,DIVERSE,PLECON,20,6/27/2025,2,E4,14.7,8,,,,,,350,
WIR,DIVERSE,PLECON,21,6/27/2025,3,B3,10.9,3,,,,,,95,
WIR,DIVERSE,PLECON,22,6/27/2025,4,C5,17.5,3,,,,,,95,
WIR,DIVERSE,PLECON,23,6/27/2025,6,B5,13.2,1,,,,,,24,
WIR,DIVERSE,PLECON,24,6/27/2025,9,D2,11.1,1,,,,,,24,
WIR,DIVERSE,PLECON,25,6/27/2025,10,E4,16.6,3,,,,,,95,
WIR,DIVERSE,PLECON,26,7/9/2025,1,D2,10.9,2,,,,,,48,
WIR,DIVERSE,PLECON,27,7/9/2025,1,E3,5.6,1,,,,,,24,
WIR,DIVERSE,PLECON,28,7/9/2025,1,D3,6.5,1,,,,,,24,
WIR,DIVERSE,PLECON,29,7/9/2025,1,C3,17.7,1,,,,,,47,
WIR,DIVERSE,PLECON,30,7/9/2025,12,C2,18.4,1,,,,,,47,
WIR,DIVERSE,PLECON,31,7/9/2025,12,A5,11.2,1,,,,,,24,
WIR,DIVERSE,PLECON,32,7/9/2025,12,C5,21.3,1,,,,,,90,
WIR,DIVERSE,PLECON,33,7/11/2025,2,C1,7.1,2,,,,,,48,
WIR,DIVERSE,PLECON,34,7/16/2025,4,A3,13.2,0,,,,,,0,BT
WIR,DIVERSE,PLECON,35,7/16/2025,4,C5,19.3,2,,,,,,48,BT
WIR,DIVERSE,PLECON,36,7/16/2025,4,B3,16.8,2,,,,,,48,
WIR,DIVERSE,PLECON,37,7/16/2025,4,D5,19.1,1,,,,,,47,
WIR,DIVERSE,PLECON,38,7/16/2025,9,D3,13.2,3,,,,,,95,
