PARK,PLOT,SPECIES,REP,DATE,PLOT,SUBPLOT,HEIGHT,BIOMASS,STEMS,TOTALINFL,TOPINFL_FR,SIDEINFL_FR,FR_PER_INFL,FINALFR,SEEDSPERFR,FINALSEED,NOTES,,,,,
BR,ALONE,CLAPUR,1,7/24/24,,,13.0,0.371,3,,,,,11,55,605,,,,,,
BR,ALONE,CLAPUR,4,7/24/24,,,9.5,0.136,1,,,,,2,55,110,,,,,,
BR,ALONE,CLAPUR,5,7/24/24,,,12.1,0.199,2,,,,,3,55,165,,,,,,
BR,ALONE,CLAPUR,6,7/24/24,,,10.2,0.304,1,,,,,4,55,220,,,,,,
BR,ALONE,CLAPUR,7,7/24/24,,,13.6,0.469,1,,,,,9,55,495,,,,,,
BR,ALONE,CLAPUR,8,7/24/24,,,6.9,,1,,,,,4,55,220,,,,,,
BR,ALONE,CLAPUR,9,7/24/24,,,14.9,,4,,,,,9,55,495,,,,,,
BR,ALONE,CLAPUR,10,7/24/24,,,14.3,0.528,1,,,,,11,55,605,,,,,,
BR,ALONE,CLAPUR,11,7/24/24,,,17.2,0.189,1,,,,,3,55,165,,,,,,
BR,ALONE,CLAPUR,12,7/24/24,,,5.3,0.167,2,,,,,5,55,275,,,,,,
BR,DIVERSE,CLAPUR,1,7/25/24,12,E1,22.2,0.138,1,,,,,3,55,165,BT,,,,,
BR,DIVERSE,CLAPUR,2,7/25/24,5,E1,8.1,0.070,1,,,,,1,55,55,,,,,,
BR,DIVERSE,CLAPUR,3,7/25/24,5,E5,9.4,0.058,1,,,,,2,55,110,,,,,,
BR,DIVERSE,CLAPUR,4,7/24/24,1,B3,20.5,0.084,,,,,,2,55,110,,,,,,
BR,DIVERSE,CLAPUR,5,7/24/24,1,C2,20.2,0.129,,,,,,3,55,165,,,,,,
BR,DIVERSE,CLAPUR,6,7/24/24,1,D3,19.1,0.148,,,,,,2,55,110,,,,,,
BR,DIVERSE,CLAPUR,7,7/24/24,1,E4,39.1,0.542,,,,,,7,55,385,,,,,,
BR,DIVERSE,CLAPUR,8,7/24/24,2,E2,15.5,0.060,1,,,,,1,55,55,,,,,,
BR,DIVERSE,CLAPUR,9,7/24/24,2,D2,10.7,0.017,1,,,,,1,55,55,,,,,,
BR,DIVERSE,CLAPUR,10,7/24/24,2,E1,22.3,,1,,,,,1,55,55,,,,,,
BR,DIVERSE,CLAPUR,11,7/24/24,2,C1,16.1,,3,,,,,6,55,330,,,,,,
BR,DIVERSE,CLAPUR,12,7/24/24,3,E5,23.9,,2,,,,,5,55,275,,,,,,
BR,DIVERSE,CLAPUR,13,7/24/24,3,D5,16.8,,1,,,,,2,55,110,,,,,,
BR,DIVERSE,CLAPUR,14,7/24/24,3,E4,28.2,,1,,,,,4,55,220,,,,,,
BR,DIVERSE,CLAPUR,15,7/24/24,4,B4,35.6,,1,,,,,5,55,275,,,,,,
BR,DIVERSE,CLAPUR,16,7/24/24,4,D1,18.3,,1,,,,,1,55,55,,,,,,
BR,DIVERSE,CLAPUR,17,7/24/24,4,D3,13.6,,1,,,,,5,55,275,,,,,,
BR,DIVERSE,CLAPUR,18,7/25/24,5,D2,11.2,,,,,,,1,55,55,,,,,,
BR,DIVERSE,CLAPUR,19,7/25/24,5,D4,27.8,,1,,,,,5,55,275,,,,,,
BR,DIVERSE,CLAPUR,20,7/25/24,12,E2,14.5,,1,,,,,2,55,110,,,,,,
BR,DIVERSE,CLAPUR,21,7/25/24,12,D4,18.2,,1,,,,,2,55,110,,,,,,
BR,DIVERSE,CLAPUR,22,7/25/24,12,A1,36.5,,3,,,,,13,55,715,,,,,,
BR,DIVERSE,CLAPUR,23,7/25/24,9,B2,25.1,,1,,,,,4,55,220,,,,,,
BR,DIVERSE,CLAPUR,24,7/25/24,9,D3,12.1,,1,,,,,4,55,220,,,,,,
BR,DIVERSE,CLAPUR,25,7/25/24,9,E4,15.9,,2,,,,,3,55,165,,,,,,
BR,DIVERSE,CLAPUR,26,7/25/24,13,E5,31.8,,2,,,,,6,55,330,,,,,,
BR,DIVERSE,CLAPUR,27,7/25/24,13,E4,14.6,,1,,,,,1,55,55,,,,,,
BR,DIVERSE,CLAPUR,28,7/25/24,13,A4,24.0,,1,,,,,4,55,220,,,,,,
BR,DIVERSE,CLAPUR,29,7/25/24,13,B1,15.1,,1,,,,,2,55,110,,,,,,
RF,ALONE,CLAPUR,2,7/10/24,,,113.2,,1,,,,,213,55,11715,,,,,,
RF,ALONE,CLAPUR,4,7/10/24,,,79.6,,2,,,,,71,55,3905,,,,,,
RF,ALONE,CLAPUR,5,7/10/24,,,59.6,,1,,,,,19,55,1045,,,,,,
RF,ALONE,CLAPUR,6,7/10/24,,,42.4,,1,,,,,8,55,440,,,,,,
RF,ALONE,CLAPUR,7,7/10/24,,,43.0,,1,,,,,146,55,8030,,,,,,
RF,ALONE,CLAPUR,8,7/10/24,,,90.9,,1,,,,,209,55,11495,,,,,,
RF,ALONE,CLAPUR,9,7/10/24,,,65.7,,1,,,,,45,55,2475,,,,,,
RF,ALONE,CLAPUR,10,7/10/24,,,123.4,,1,,,,,489,55,26895,,,,,,
RF,ALONE,CLAPUR,11,7/10/24,,,82.0,,1,,,,,96,55,5280,,,,,,
RF,ALONE,CLAPUR,12,7/10/24,,,61.0,,1,,,,,15,55,825,,,,,,
RF,ALONE,CLAPUR,13,7/10/24,,,63.8,,1,,,,,13,55,715,,,,,,
RF,ALONE,CLAPUR,14,7/10/24,,,70.3,,1,,,,,36,55,1980,,,,,,
RF,DIVERSE,CLAPUR,1,7/8/24,3,D1,42.1,,1,,,,,4,55,220,,,,,,
RF,DIVERSE,CLAPUR,2,7/8/24,4,D4,48.0,,1,,,,,9,55,495,,,,,,
RF,DIVERSE,CLAPUR,4,7/4/24,1,A3,42.8,,1,,,,,3,55,165,,,,,,
RF,DIVERSE,CLAPUR,5,7/4/24,1,A2,50.2,,1,,,,,3,55,165,,,,,,
RF,DIVERSE,CLAPUR,6,7/4/24,1,D5,42.0,,1,,,,,5,55,275,,,,,,
RF,DIVERSE,CLAPUR,7,7/8/24,2,B5,44.9,,1,,,,,5,55,275,,,,,,
RF,DIVERSE,CLAPUR,8,7/8/24,2,A3,56.0,,1,,,,,6,55,330,,,,,,
RF,DIVERSE,CLAPUR,9,7/8/24,2,C5,46.4,,1,,,,,6,55,330,,,,,,
RF,DIVERSE,CLAPUR,10,7/8/24,2,A2,41.0,,1,,,,,2,55,110,,,,,,
RF,DIVERSE,CLAPUR,11,7/8/24,3,D2,37.1,,1,,,,,5,55,275,,,,,,
RF,DIVERSE,CLAPUR,12,7/8/24,3,C2,55.5,,,,,,,6,55,330,,,,,,
RF,DIVERSE,CLAPUR,13,7/8/24,4,E5,53.5,,,,,,,10,55,550,,,,,,
RF,DIVERSE,CLAPUR,14,7/8/24,4,B4,46.2,,,,,,,8,55,440,,,,,,
RF,DIVERSE,CLAPUR,15,7/8/24,4,B1,38.6,,,,,,,4,55,220,,,,,,
RF,DIVERSE,CLAPUR,16,7/10/24,5,C5,45.4,,,,,,,4,55,220,,,,,,
RF,DIVERSE,CLAPUR,17,7/10/24,5,C1,16.6,,,,,,,2,55,110,,,,,,
RF,DIVERSE,CLAPUR,18,7/10/24,6,A3,27.0,,,,,,,4,55,220,,,,,,
RF,DIVERSE,CLAPUR,19,7/10/24,6,C1,47.2,,,,,,,4,55,220,,,,,,
RF,DIVERSE,CLAPUR,20,7/10/24,6,E2,25.2,,1,,,,,1,55,55,,,,,,
RF,DIVERSE,CLAPUR,21,7/10/24,6,E3,74.6,,1,,,,,19,55,1045,,,,,,
RF,DIVERSE,CLAPUR,22,7/10/24,6,D2,56.0,,1,,,,,6,55,330,,,,,,
SEM,ALONE,CLAPUR,4,8/7/24,,,7.9,0.716,1,,,,,10,55,550,,,,,,
SEM,ALONE,CLAPUR,5,8/7/24,,,7.7,0.801,1,,,,,29,55,1595,,,,,,
SEM,ALONE,CLAPUR,6,8/7/24,,,6.1,0.367,1,,,,,16,55,880,,,,,,
SEM,ALONE,CLAPUR,7,8/7/24,,,4.5,0.111,1,,,,,2,55,110,,,,,,
SEM,ALONE,CLAPUR,8,8/7/24,,,8.1,0.468,1,,,,,8,55,440,,,,,,
SEM,ALONE,CLAPUR,9,8/7/24,,,11.6,0.654,1,,,,,10,55,550,,,,,,
SEM,ALONE,CLAPUR,10,8/7/24,,,7.0,0.390,1,,,,,9,55,495,,,,,,
SEM,ALONE,CLAPUR,11,8/7/24,,,6.5,0.267,1,,,,,7,55,385,,,,,,
SEM,ALONE,CLAPUR,12,8/7/24,,,5.9,0.470,1,,,,,11,55,605,,,,,,
SEM,ALONE,CLAPUR,13,8/7/24,,,7.6,0.564,1,,,,,22,55,1210,,,,,,
SEM,DIVERSE,CLAPUR,2,7/19/24,1,D2,16.5,0.868,,,,,,16,55,880,,,,,,
SEM,DIVERSE,CLAPUR,3,7/22/24,7,B3,11.3,0.731,,,,,,10,55,550,,,,,,
SEM,DIVERSE,CLAPUR,4,7/19/24,4,D3,41.0,2.948,,,,,,37,55,2035,,,,,,
SEM,DIVERSE,CLAPUR,5,7/19/24,4,C3,31.0,0.241,1,,,,,2,55,110,BT,,,,,
SEM,DIVERSE,CLAPUR,6,7/19/24,1,E5,23.0,0.691,1,,,,,10,55,550,,,,,,
SEM,DIVERSE,CLAPUR,7,7/19/24,4,A4,14.8,0.176,1,,,,,3,55,165,,,,,,
SEM,DIVERSE,CLAPUR,8,7/19/24,1,D4,10.6,0.145,1,,,,,2,55,110,,,,,,
SEM,DIVERSE,CLAPUR,9,7/22/24,6,C5,44.3,,4,,,,,20,55,1100,,,,,,
SEM,DIVERSE,CLAPUR,10,7/22/24,6,A4,19.1,,,,,,,2,55,110,,,,,,
SEM,DIVERSE,CLAPUR,11,7/19/24,8,E2,16.6,,1,,,,,1,55,55,,,,,,
SEM,DIVERSE,CLAPUR,12,7/19/24,8,D4,11.8,,1,,,,,9,55,495,,,,,,
SEM,DIVERSE,CLAPUR,13,7/19/24,8,B1,11.6,,1,,,,,10,55,550,,,,,,
SEM,DIVERSE,CLAPUR,14,7/19/24,8,D3,13.5,,1,,,,,4,55,220,,,,,,
SEM,DIVERSE,CLAPUR,15,7/19/24,8,D1,15.1,,1,,,,,6,55,330,,,,,,
SEM,DIVERSE,CLAPUR,16,7/22/24,2,E5,23.5,,1,,,,,2,55,110,,,,,,
SEM,DIVERSE,CLAPUR,17,7/22/24,2,D3,34.9,,1,,,,,21,55,1155,,,,,,
SEM,DIVERSE,CLAPUR,18,7/22/24,2,B3,16.1,,1,,,,,10,55,550,,,,,,
SEM,DIVERSE,CLAPUR,19,7/22/24,2,A2,21.7,,1,,,,,9,55,495,,,,,,
SEM,DIVERSE,CLAPUR,20,7/22/24,6,D1,22.2,,,,,,,2,55,110,,,,,,
SEM,DIVERSE,CLAPUR,21,7/22/24,6,E3,22.1,,,,,,,4,55,220,,,,,,
SEM,DIVERSE,CLAPUR,22,7/22/24,5,D4,26.9,,1,,,,,4,55,220,,,,,,
SEM,DIVERSE,CLAPUR,23,7/22/24,5,E3,18.6,,1,,,,,6,55,330,,,,,,
SEM,DIVERSE,CLAPUR,24,7/22/24,5,E2,19.0,,1,,,,,4,55,220,,,,,,
SEM,DIVERSE,CLAPUR,25,7/22/24,7,C5,17.0,,1,,,,,2,55,110,,,,,,
SEM,DIVERSE,CLAPUR,26,7/22/24,7,D1,13.8,,1,,,,,3,55,165,,,,,,
SEM,DIVERSE,CLAPUR,27,7/22/24,7,C1,17.3,,1,,,,,11,55,605,,,,,,
SEM,DIVERSE,CLAPUR,28,7/22/24,7,C4,18.1,,1,,,,,6,55,330,,,,,,
SEM,DIVERSE,CLAPUR,29,7/22/24,7,C3,19.9,,,,,,,18,55,990,,,,,,
SEM,DIVERSE,CLAPUR,30,7/19/24,8,D2,13.0,,1,,,,,3,55,165,,,,,,
WIR,ALONE,CLAPUR,1,7/12/24,,,10.7,1.473,,,,,,30,55,1650,,,,,,
WIR,ALONE,CLAPUR,2,7/12/24,,,11.4,0.624,,,,,,19,55,1045,,,,,,
WIR,ALONE,CLAPUR,3,7/12/24,,,10.6,2.008,,,,,,71,55,3905,,,,,,
WIR,ALONE,CLAPUR,4,7/12/24,,,14.4,,,,,,,76,55,4180,,,,,,
WIR,ALONE,CLAPUR,5,7/12/24,,,14.5,,,,,,,93,55,5115,,,,,,
WIR,ALONE,CLAPUR,6,7/12/24,,,15.6,1.688,,,,,,34,55,1870,,,,,,
WIR,ALONE,CLAPUR,7,7/12/24,,,11.5,0.679,,,,,,18,55,990,,,,,,
WIR,ALONE,CLAPUR,8,7/12/24,,,10.3,3.385,,,,,,58,55,3190,,,,,,
WIR,ALONE,CLAPUR,9,7/12/24,,,14.5,0.557,,,,,,33,55,1815,,,,,,
WIR,ALONE,CLAPUR,10,7/12/24,,,7.1,,,,,,,2,55,110,,,,,,
WIR,ALONE,CLAPUR,11,7/12/24,,,13.5,0.940,1,,,,,51,55,2805,,,,,,
WIR,ALONE,CLAPUR,12,7/12/24,,,7.6,,1,,,,,37,55,2035,,,,,,
WIR,ALONE,CLAPUR,13,7/12/24,,,16.0,,1,,,,,22,55,1210,,,,,,
WIR,DIVERSE,CLAPUR,1,7/15/24,5,C5,20.5,,1,,,,,6,55,330,,,,,,
WIR,DIVERSE,CLAPUR,2,7/17/24,4,C5,19.1,0.347,,,,,,7,55,385,,,,,,
WIR,DIVERSE,CLAPUR,3,7/15/24,2,B5,9.5,0.097,1,,,,,2,55,110,,,,,,
WIR,DIVERSE,CLAPUR,4,7/12/24,1,D5,10.3,,1,,,,,7,55,385,,,,,,
WIR,DIVERSE,CLAPUR,5,7/12/24,1,A5,11.3,,1,,,,,4,55,220,,,,,,
WIR,DIVERSE,CLAPUR,6,7/12/24,1,D4,14.0,,1,,,,,6,55,330,,,,,,
WIR,DIVERSE,CLAPUR,7,7/12/24,1,A3,21.0,,1,,,,,4,55,220,,,,,,
WIR,DIVERSE,CLAPUR,8,7/12/24,1,B1,13.4,,1,,,,,3,55,165,,,,,,
WIR,DIVERSE,CLAPUR,9,7/15/24,2,A2,18.8,1.016,1,,,,,16,55,880,,,,,,
WIR,DIVERSE,CLAPUR,10,7/15/24,2,B4,14.1,0.444,1,,,,,5,55,275,,,,,,
WIR,DIVERSE,CLAPUR,11,7/15/24,3,E3,18.2,0.285,1,,,,,5,55,275,,,,,,
WIR,DIVERSE,CLAPUR,12,7/15/24,3,C4,20.3,0.327,1,,,,,5,55,275,,,,,,
WIR,DIVERSE,CLAPUR,13,7/15/24,3,B5,20.3,0.270,1,,,,,4,55,220,,,,,,
WIR,DIVERSE,CLAPUR,14,7/15/24,3,C3,15.2,0.190,1,,,,,2,55,110,,,,,,
WIR,DIVERSE,CLAPUR,15,7/15/24,3,C2,12.5,,1,,,,,6,55,330,,,,,,
WIR,DIVERSE,CLAPUR,16,7/15/24,5,E4,15.3,,1,,,,,2,55,110,,,,,,
WIR,DIVERSE,CLAPUR,17,7/15/24,5,D2,21.5,,1,,,,,3,55,165,,,,,,
WIR,DIVERSE,CLAPUR,18,7/15/24,5,B1,23.7,,1,,,,,26,55,1430,,,,,,
WIR,DIVERSE,CLAPUR,19,7/15/24,5,B2,22.5,,1,,,,,5,55,275,,,,,,
WIR,DIVERSE,CLAPUR,20,7/15/24,5,A5,9.4,,1,,,,,4,55,220,,,,,,
WIR,DIVERSE,CLAPUR,21,7/17/24,6,A2,15.4,,1,,,,,10,55,550,,,,,,
WIR,DIVERSE,CLAPUR,22,7/17/24,6,A4,22.0,,1,,,,,17,55,935,,,,,,
WIR,DIVERSE,CLAPUR,23,7/17/24,6,C2,28.6,,1,,,,,25,55,1375,,,,,,
WIR,DIVERSE,CLAPUR,24,7/17/24,6,D5,30.3,,1,,,,,5,55,275,,,,,,
WIR,DIVERSE,CLAPUR,25,7/17/24,4,E5,18.2,,1,,,,,2,55,110,,,,,,
WIR,DIVERSE,CLAPUR,26,7/17/24,4,E3,19.6,,,,,,,4,55,220,,,,,,
WIR,DIVERSE,CLAPUR,27,7/17/24,4,E1,16.5,,,,,,,7,55,385,,,,,,
WIR,DIVERSE,CLAPUR,28,7/17/24,4,E4,20.1,,,,,,,4,55,220,,,,,,
WIR,DIVERSE,CLAPUR,29,7/17/24,4,C2,28.1,,2,,,,,13,55,715,,,,,,
WIR,DIVERSE,CLAPUR,30,7/17/24,7,D2,11.1,,,,,,,2,55,110,,,,,,
WIR,DIVERSE,CLAPUR,31,7/17/24,7,A2,16.4,,,,,,,21,55,1155,,,,,,
WIR,DIVERSE,CLAPUR,32,7/17/24,7,D4,21.5,,,,,,,21,55,1155,,,,,,
WIR,DIVERSE,CLAPUR,33,7/17/24,7,A4,18.5,,,,,,,15,55,825,,,,,,
WIR,DIVERSE,CLAPUR,34,7/17/24,7,C4,11.8,,,,,,,5,55,275,,,,,,
WIR,DIVERSE,CLAPUR,35,7/17/24,11,A1,12.2,,,,,,,6,55,330,,,,,,
WIR,DIVERSE,CLAPUR,36,7/17/24,11,A3,8.0,,,,,,,2,55,110,,,,,,
WIR,DIVERSE,CLAPUR,37,7/17/24,11,B1,15.9,,,,,,,2,55,110,,,,,,
WIR,DIVERSE,CLAPUR,38,7/17/24,11,A4,15.8,,,,,,,7,55,385,,,,,,
WIR,DIVERSE,CLAPUR,39,7/17/24,11,B5,14.6,,,,,,,2,55,110,,,,,,
WIR,DIVERSE,CLAPUR,40,7/17/24,11,B2,14.9,,,,,,,4,55,220,,,,,,
WIR,DIVERSE,CLAPUR,41,7/17/24,11,D2,12.8,,,,,,,2,55,110,,,,,,
WIR,DIVERSE,CLAPUR,42,7/17/24,11,D3,13.4,,,,,,,5,55,275,,,,,,
WIR,DIVERSE,CLAPUR,43,7/17/24,11,D4,11.1,,,,,,,4,55,220,,,,,,
WIR,DIVERSE,CLAPUR,44,7/17/24,9,A1,21.0,,,,,,,18,55,990,,,,,,
WIR,DIVERSE,CLAPUR,45,7/17/24,9,D4,9.8,,,,,,,2,55,110,,,,,,
WIR,DIVERSE,CLAPUR,46,7/17/24,9,A3,29.7,,,,,,,14,55,770,,,,,,
WIR,DIVERSE,CLAPUR,47,7/17/24,9,C4,5.2,,,,,,,1,55,55,,,,,,
WIR,DIVERSE,CLAPUR,48,7/17/24,9,C2,9.0,,,,,,,5,55,275,,,,,,
WIR,DIVERSE,CLAPUR,49,7/17/24,9,C5,10.2,,,,,,,3,55,165,,,,,,
WIR,DIVERSE,CLAPUR,50,7/17/24,9,C1,11.0,,,,,,,4,55,220,,,,,,
WIR,DIVERSE,CLAPUR,51,7/17/24,9,D4,11.9,,,,,,,1,55,55,,,,,,
WIR,DIVERSE,CLAPUR,52,7/17/24,8,B3,25.1,,,,,,,5,55,275,,,,,,
WIR,DIVERSE,CLAPUR,53,7/17/24,8,A3,16.0,,,,,,,5,55,275,,,,,,
BR,ALONE,COLLIN,1,7/2/24,,,9.0,,1,,,,,16,5,80,,,,,,
BR,ALONE,COLLIN,4,7/2/24,,,22.7,0.053,1,,,,,39,5,195,,,,,,
BR,ALONE,COLLIN,5,7/2/24,,,4.5,0.041,1,,,,,5,5,25,,,,,,
BR,ALONE,COLLIN,6,7/2/24,,,12.6,0.210,1,,,,,12,5,60,,,,,,
BR,ALONE,COLLIN,7,7/2/24,,,8.5,0.132,1,,,,,2,5,10,,,,,,
BR,ALONE,COLLIN,8,7/2/24,,,7.6,0.015,1,,,,,2,5,10,,,,,,
BR,ALONE,COLLIN,9,7/2/24,,,6.0,0.020,1,,,,,3,5,15,,,,,,
BR,ALONE,COLLIN,10,7/2/24,,,8.6,,1,,,,,6,5,30,,,,,,
BR,ALONE,COLLIN,11,7/2/24,,,7.5,,1,,,,,8,5,40,,,,,,
BR,ALONE,COLLIN,12,7/2/24,,,4.4,,1,,,,,1,5,5,,,,,,
BR,DIVERSE,COLLIN,1,7/25/24,5,C3,,0.034,1,,,,,2,5,10,,,,,,
BR,DIVERSE,COLLIN,2,7/24/24,1,A1,,0.178,,,,,,19,5,95,,,,,,
BR,DIVERSE,COLLIN,4,7/24/24,1,A2,,0.053,,,,,,5,5,25,,,,,,
BR,DIVERSE,COLLIN,5,7/24/24,1,C1,,0.041,,,,,,5,5,25,,,,,,
BR,DIVERSE,COLLIN,6,7/24/24,2,A4,,0.210,,,,,,21,5,105,,,,,,
BR,DIVERSE,COLLIN,7,7/24/24,2,B4,,0.132,1,,,,,13,5,65,,,,,,
BR,DIVERSE,COLLIN,8,7/24/24,2,C4,,0.015,1,,,,,4,5,20,,,,,,
BR,DIVERSE,COLLIN,9,7/24/24,2,B3,,0.020,,,,,,3,5,15,,,,,,
BR,DIVERSE,COLLIN,10,7/24/24,2,C2,,,1,,,,,3,5,15,,,,,,
BR,DIVERSE,COLLIN,11,7/24/24,2,B2,,,1,,,,,3,5,15,,,,,,
BR,DIVERSE,COLLIN,12,7/24/24,3,A5,,,1,,,,,7,5,35,,,,,,
BR,DIVERSE,COLLIN,13,7/24/24,4,A5,,,1,,,,,4,5,20,,,,,,
BR,DIVERSE,COLLIN,14,7/25/24,5,D3,7.2,,,,,,,2,5,10,,,,,,
BR,DIVERSE,COLLIN,15,7/25/24,5,C4,,,,,,,,3,5,15,,,,,,
BR,DIVERSE,COLLIN,16,7/25/24,12,C2,,,1,,,,,4,5,20,,,,,,
BR,DIVERSE,COLLIN,17,7/25/24,12,B4,,,1,,,,,3,5,15,,,,,,
BR,DIVERSE,COLLIN,18,7/25/24,13,A2,,,,,,,,3,5,15,,,,,,
BR,DIVERSE,COLLIN,19,7/25/24,9,A2,,,,,,,,3,5,15,,,,,,
BR,DIVERSE,COLLIN,20,7/25/24,9,C1,,,,,,,,3,5,15,,,,,,
BR,DIVERSE,COLLIN,21,7/25/24,9,C4,,,,,,,,1,5,5,,,,,,
BR,DIVERSE,COLLIN,22,7/25/24,13,B5,,,1,,,,,2,5,10,,,,,,
RF,ALONE,COLLIN,1,6/28/24,,,44.4,,4,,,,,879,5,4395,,,,,,
RF,ALONE,COLLIN,2,6/28/24,,,38.1,,8,,,,,238,5,1190,,,,,,
RF,ALONE,COLLIN,3,6/28/24,,,38.1,,5,,,,,691,5,3455,,,,,,
RF,ALONE,COLLIN,4,6/28/24,,,34.3,,5,,,,,478,5,2390,,,,,,
RF,ALONE,COLLIN,5,6/28/24,,,29.4,,4,,,,,158,5,790,,,,,,
RF,ALONE,COLLIN,6,6/28/24,,,42.1,,6,,,,,501,5,2505,,,,,,
RF,ALONE,COLLIN,7,6/28/24,,,39.4,,5,,,,,474,5,2370,,,,,,
RF,ALONE,COLLIN,8,6/28/24,,,47.9,,5,,,,,889,5,4445,,,,,,
RF,ALONE,COLLIN,9,6/28/24,,,39.6,,3,,,,,144,5,720,,,,,,
RF,ALONE,COLLIN,10,6/28/24,,,39.5,,1,,,,,129,5,645,,,,,,
RF,DIVERSE,COLLIN,1,7/8/24,4,D3,,,,,,,,7,5,35,,,,,,
RF,DIVERSE,COLLIN,2,7/8/24,2,D5,23.1,,1,,,,,4,5,20,,,,,,
RF,DIVERSE,COLLIN,3,7/8/24,3,C5,,,1,,,,,18,5,90,,,,,,
RF,DIVERSE,COLLIN,4,7/4/24,1,E1,43.9,,1,,,,,28,5,140,,,,,,
RF,DIVERSE,COLLIN,5,7/4/24,1,D5,,,1,,,,,17,5,85,,,,,,
RF,DIVERSE,COLLIN,6,7/4/24,1,A4,41.0,,1,,,,,16,5,80,,,,,,
RF,DIVERSE,COLLIN,7,7/8/24,2,D5,,,1,,,,,9,5,45,,,,,,
RF,DIVERSE,COLLIN,8,7/8/24,2,C1,,,1,,,,,19,5,95,,,,,,
RF,DIVERSE,COLLIN,9,7/8/24,3,A4,,,1,,,,,14,5,70,,,,,,
RF,DIVERSE,COLLIN,10,7/8/24,3,D1,,,,,,,,13,5,65,,,,,,
RF,DIVERSE,COLLIN,11,7/8/24,3,C3,,,,,,,,8,5,40,,,,,,
RF,DIVERSE,COLLIN,12,7/8/24,4,A5,,,,,,,,8,5,40,,,,,,
RF,DIVERSE,COLLIN,13,7/8/24,4,B2,,,,,,,,8,5,40,,,,,,
RF,DIVERSE,COLLIN,14,7/8/24,4,C2,,,,,,,,18,5,90,,,,,,
RF,DIVERSE,COLLIN,15,7/10/24,5,A4,,,,,,,,9,5,45,,,,,,
RF,DIVERSE,COLLIN,16,7/10/24,5,E4,,,,,,,,10,5,50,,,,,,
RF,DIVERSE,COLLIN,17,7/10/24,5,B1,,,,,,,,20,5,100,,,,,,
RF,DIVERSE,COLLIN,18,7/10/24,6,A1,23.2,,,,,,,7,5,35,,,,,,
RF,DIVERSE,COLLIN,19,7/10/24,6,B2,25.2,,,,,,,4,5,20,,,,,,
SEM,ALONE,COLLIN,1,,,,,,,,,,,,5,0,GONE,,,,,
SEM,ALONE,COLLIN,2,,,,,,,,,,,,5,0,GONE,,,,,
SEM,ALONE,COLLIN,3,,,,,,,,,,,,5,0,GONE,,,,,
SEM,ALONE,COLLIN,4,,,,,,,,,,,,5,0,GONE,,,,,
SEM,ALONE,COLLIN,5,,,,,,,,,,,,5,0,GONE,,,,,
SEM,ALONE,COLLIN,6,,,,,,,,,,,,5,0,GONE,,,,,
SEM,ALONE,COLLIN,7,,,,,,,,,,,,5,0,GONE,,,,,
SEM,ALONE,COLLIN,8,,,,,,,,,,,,5,0,GONE,,,,,
SEM,ALONE,COLLIN,9,,,,,,,,,,,,5,0,GONE,,,,,
SEM,ALONE,COLLIN,10,,,,,,,,,,,,5,0,GONE,,,,,
SEM,DIVERSE,COLLIN,2,7/19/24,8,D5,,0.031,1,,,,,,5,0,"BT, no fr count",,,,,
SEM,DIVERSE,COLLIN,3,7/19/24,1,B5,,0.031,,,,,,3,5,15,,,,,,
SEM,DIVERSE,COLLIN,4,7/19/24,4,E5,,0.064,1,,,,,11,5,55,,,,,,
SEM,DIVERSE,COLLIN,5,7/19/24,1,A3,,0.025,1,,,,,6,5,30,,,,,,
SEM,DIVERSE,COLLIN,6,7/19/24,1,D3,,0.027,1,,,,,6,5,30,,,,,,
SEM,DIVERSE,COLLIN,7,7/19/24,3,E1,,0.110,1,,,,,8,5,40,,,,,,
SEM,DIVERSE,COLLIN,8,7/19/24,1,B4,,0.086,1,,,,,6,5,30,,,,,,
SEM,DIVERSE,COLLIN,9,7/19/24,3,D1,,,1,,,,,6,5,30,,,,,,
SEM,DIVERSE,COLLIN,10,7/19/24,3,C4,,,1,,,,,10,5,50,,,,,,
WIR,ALONE,COLLIN,3,7/2/24,,,7.3,,1,,,,,0,5,0,,,,,,
WIR,ALONE,COLLIN,4,7/2/24,,,14.4,,1,,,,,33,5,165,,,,,,
WIR,ALONE,COLLIN,5,7/2/24,,,17.1,,1,,,,,118,5,590,,,,,,
WIR,ALONE,COLLIN,6,7/2/24,,,21.6,,1,,,,,41,5,205,,,,,,
WIR,ALONE,COLLIN,7,7/2/24,,,8.2,,1,,,,,24,5,120,,,,,,
WIR,ALONE,COLLIN,8,7/2/24,,,10.1,,1,,,,,12,5,60,,,,,,
WIR,ALONE,COLLIN,9,7/2/24,,,8.5,,1,,,,,4,5,20,,,,,,
WIR,ALONE,COLLIN,10,7/2/24,,,5.2,,1,,,,,10,5,50,,,,,,
WIR,ALONE,COLLIN,11,7/2/24,,,4.5,,1,,,,,7,5,35,,,,,,
WIR,ALONE,COLLIN,12,7/2/24,,,9.3,,1,,,,,2,5,10,,,,,,
WIR,ALONE,COLLIN,13,7/2/24,,,5.6,,1,,,,,2,5,10,,,,,,
WIR,DIVERSE,COLLIN,2,7/15/24,2,D1,,0.032,1,,,,,4,5,20,,,,,,
WIR,DIVERSE,COLLIN,3,7/17/24,4,A5,,0.033,,,,,,3,5,15,,,,,,
WIR,DIVERSE,COLLIN,4,7/12/24,1,B4,,,1,,,,,4,5,20,,,,,,
WIR,DIVERSE,COLLIN,5,7/12/24,1,C1,,,1,,,,,3,5,15,,,,,,
WIR,DIVERSE,COLLIN,6,7/12/24,1,C3,,,1,,,,,8,5,40,,,,,,
WIR,DIVERSE,COLLIN,7,7/15/24,2,D5,,0.030,1,,,,,2,5,10,,,,,,
WIR,DIVERSE,COLLIN,8,7/15/24,2,D1,,,1,,,,,2,5,10,,,,,,
WIR,DIVERSE,COLLIN,9,7/15/24,2,D4,,,1,,,,,2,5,10,,,,,,
WIR,DIVERSE,COLLIN,10,7/15/24,2,C3,,,1,,,,,2,5,10,,,,,,
WIR,DIVERSE,COLLIN,11,7/15/24,3,D4,,0.053,1,,,,,2,5,10,,,,,,
WIR,DIVERSE,COLLIN,12,7/15/24,5,D1,,,1,,,,,2,5,10,,,,,,
WIR,DIVERSE,COLLIN,13,7/17/24,6,C5,,0.449,1,,,,,48,5,240,,,,,,
WIR,DIVERSE,COLLIN,14,7/17/24,6,A5,,0.142,1,,,,,18,5,90,,,,,,
WIR,DIVERSE,COLLIN,15,7/17/24,4,E4,,,1,,,,,4,5,20,,,,,,
WIR,DIVERSE,COLLIN,16,7/17/24,7,D1,,,1,,,,,7,5,35,,,,,,
WIR,DIVERSE,COLLIN,17,7/17/24,7,A3,,,1,,,,,4,5,20,,,,,,
WIR,DIVERSE,COLLIN,18,7/17/24,7,C2,,,1,,,,,5,5,25,,,,,,
WIR,DIVERSE,COLLIN,19,7/17/24,7,B1,,,,,,,,4,5,20,,,,,,
WIR,DIVERSE,COLLIN,20,7/17/24,10,A5,,,1,,,,,4,5,20,,,,,,
WIR,DIVERSE,COLLIN,21,7/17/24,10,A3,,,,,,,,2,5,10,,,,,,
WIR,DIVERSE,COLLIN,22,7/17/24,8,B5,,,,,,,,11,5,55,,,,,,
WIR,DIVERSE,COLLIN,23,7/17/24,11,C5,,,,,,,,5,5,25,,,,,,
WIR,DIVERSE,COLLIN,24,7/17/24,9,A5,,,,,,,,9,5,45,,,,,,
WIR,DIVERSE,COLLIN,25,7/17/24,9,A4,,,,,,,,5,5,25,,,,,,
WIR,DIVERSE,COLLIN,26,7/17/24,9,B3,,,,,,,,12,5,60,,,,,,
BR,ALONE,COLLOM,1,7/24/24,,,8.4,0.618,2,5,9,1,,13,3,39,,,,,,
BR,ALONE,COLLOM,3,7/24/24,,,6.4,1.544,1,15,6,4,,62,3,186,,,,,,
BR,ALONE,COLLOM,4,7/24/24,,,12.4,3.677,1,32,5,4,,129,3,387,,,,,,
BR,ALONE,COLLOM,5,7/24/24,,,5.3,0.329,1,3,0,2,,4,3,12,,,,,,
BR,ALONE,COLLOM,6,7/24/24,,,6.2,0.222,1,2,6,2,,8,3,24,,,,,,
BR,DIVERSE,COLLOM,1,7/25/24,13,B3,14.9,0.110,1,1,5,0,,5,3,15,,,,,,
BR,DIVERSE,COLLOM,2,7/24/24,4,D5,24.2,0.705,1,1,20,0,,20,3,60,,,,,,
BR,DIVERSE,COLLOM,3,7/24/24,2,A3,11.7,0.185,1,2,3,1,,4,3,12,1 really small fruit (not counted) and 1 normal on side fruit,,,,,
BR,DIVERSE,COLLOM,4,7/24/24,1,B1,13.8,,,4,,,,,3,0,,,,,,
BR,DIVERSE,COLLOM,5,7/24/24,1,D2,6.5,,,1,,,,,3,0,,,,,,
BR,DIVERSE,COLLOM,6,7/24/24,1,C4,6.9,0.016,,1,2,0,,2,3,6,,,,,,
BR,DIVERSE,COLLOM,7,7/24/24,2,D4,7.1,0.660,1,5,9,2,,17,3,51,,,,,,
BR,DIVERSE,COLLOM,8,7/24/24,2,E3,7.6,,1,1,,,,,3,0,,,,,,
BR,DIVERSE,COLLOM,9,7/24/24,3,C1,9.6,,1,1,,,,,3,0,,,,,,
BR,DIVERSE,COLLOM,10,7/24/24,3,B5,15.1,,1,3,,,,,3,0,,,,,,
BR,DIVERSE,COLLOM,11,7/24/24,3,B3,19.5,0.448,1,1,12,0,,12,3,36,,,,,,
BR,DIVERSE,COLLOM,12,7/24/24,3,C2,16.7,0.301,3,2,10,1,,11,3,33,BT,,,,,
BR,DIVERSE,COLLOM,13,7/24/24,4,C4,10.1,,1,1,,,,,3,0,,,,,,
BR,DIVERSE,COLLOM,14,7/24/24,4,E4,11.6,,1,1,,,,,3,0,,,,,,
BR,DIVERSE,COLLOM,15,7/25/24,5,E2,6.3,,,1,,,,,3,0,,,,,,
BR,DIVERSE,COLLOM,16,7/25/24,5,A3,9.7,,1,1,,,,,3,0,,,,,,
BR,DIVERSE,COLLOM,17,7/25/24,5,E4,7.5,,,1,,,,,3,0,,,,,,
BR,DIVERSE,COLLOM,18,7/25/24,12,C1,14.1,0.223,3,3,5,2,,9,3,27,,,,,,
BR,DIVERSE,COLLOM,19,7/25/24,12,B3,9.5,,1,1,,,,,3,0,,,,,,
BR,DIVERSE,COLLOM,20,7/25/24,12,A3,20.3,0.562,1,3,6,5,,16,3,48,Poss munched: tallest mid inf as top but side inf similar in size,,,,,
BR,DIVERSE,COLLOM,21,7/25/24,9,E2,24.3,,,1,,,,,3,0,,,,,,
BR,DIVERSE,COLLOM,22,7/25/24,9,E5,14.4,,1,1,,,,,3,0,,,,,,
BR,DIVERSE,COLLOM,23,7/25/24,13,A1,17.2,0.574,1,1,18,0,,18,3,54,,,,,,
BR,DIVERSE,COLLOM,24,7/25/24,13,D1,13.5,,1,1,,,,,3,0,,,,,,
BR,DIVERSE,COLLOM,25,7/24/24,4,B5,17.7,,1,1,,,,,3,0,,,,,,
RF,ALONE,COLLOM,1,7/10/24,,,83.0,,1,68,,,,,3,0,,,,,,
RF,ALONE,COLLOM,2,7/10/24,,,85.0,,1,34,118,46,,1636,3,4908,,,,,,
RF,ALONE,COLLOM,3,7/10/24,,,83.0,,8,81,64,45,,3664,3,10992,,,,,,
RF,ALONE,COLLOM,4,7/10/24,,,81.0,,11,225,76,41,,9260,3,27780,,,,,,
RF,ALONE,COLLOM,5,7/10/24,,,77.0,,1,102,,,,,3,0,,,,,,
RF,ALONE,COLLOM,6,7/10/24,,,68.1,,13,82,180,101,,8361,3,25083,,,,,,
RF,ALONE,COLLOM,7,7/10/24,,,82.4,,9,123,185,34,,4333,3,12999,,,,,,
RF,ALONE,COLLOM,8,7/10/24,,,71.0,,4,38,123,45,,1788,3,5364,,,,,,
RF,ALONE,COLLOM,9,7/10/24,,,67.3,,1,16,100,44,,760,3,2280,,,,,,
RF,ALONE,COLLOM,10,7/10/24,,,56.5,,1,25,110,22,,638,3,1914,,,,,,
RF,ALONE,COLLOM,11,7/10/24,,,73.5,,4,237,,,,,3,0,,,,,,
RF,ALONE,COLLOM,12,7/10/24,,,79.9,,2,106,,,,,3,0,,,,,,
RF,ALONE,COLLOM,13,7/10/24,,,80.2,,7,,,,,,3,0,,,,,,
RF,DIVERSE,COLLOM,1,7/4/24,1,C3,39.9,0.620,1,1,17,0,,17,3,51,,,,,,
RF,DIVERSE,COLLOM,2,7/8/24,3,D4,51.9,1.855,1,1,64,0,,64,3,192,,,,,,
RF,DIVERSE,COLLOM,3,7/8/24,2,A3,43.2,0.941,1,1,41,0,,41,3,123,,,,,,
RF,DIVERSE,COLLOM,4,7/4/24,1,A5,33.6,0.341,1,1,13,0,,13,3,39,,,,,,
RF,DIVERSE,COLLOM,5,7/4/24,1,E4,40.0,,1,1,,,,,3,0,,,,,,
RF,DIVERSE,COLLOM,6,7/8/24,2,B1,41.6,,1,1,,,,,3,0,,,,,,
RF,DIVERSE,COLLOM,7,7/8/24,2,C4,31.3,0.317,1,1,12,0,,12,3,36,,,,,,
RF,DIVERSE,COLLOM,8,7/8/24,3,E3,32.5,,2,2,,,,,3,0,,,,,,
RF,DIVERSE,COLLOM,9,7/8/24,3,A3,28.3,,1,2,,,,,3,0,,,,,,
RF,DIVERSE,COLLOM,10,7/8/24,4,A2,42.2,,5,10,,,,,3,0,,,,,,
RF,DIVERSE,COLLOM,11,7/8/24,4,B3,31.4,,1,1,,,,,3,0,,,,,,
RF,DIVERSE,COLLOM,12,7/8/24,4,B1,20.0,,1,1,,,,,3,0,,,,,,
RF,DIVERSE,COLLOM,13,7/8/24,4,D1,17.6,,1,1,,,,,3,0,,,,,,
RF,DIVERSE,COLLOM,14,7/10/24,5,A1,34.6,,1,1,,,,,3,0,,,,,,
RF,DIVERSE,COLLOM,15,7/10/24,5,E1,28.6,0.907,1,1,17,0,,17,3,51,,,,,,
RF,DIVERSE,COLLOM,16,7/10/24,5,D5,44.3,1.458,,,34,0,,34,3,102,,,,,,
RF,DIVERSE,COLLOM,17,7/10/24,5,C4,38.8,,,3,,,,,3,0,,,,,,
RF,DIVERSE,COLLOM,18,7/10/24,5,C2,30.6,,,,,,,,3,0,,,,,,
RF,DIVERSE,COLLOM,19,7/10/24,6,B3,21.4,0.238,,1,8,0,,8,3,24,,,,,,
SEM,ALONE,COLLOM,1,7/18/24,,,4.4,0.390,1,7,6,2,,18,3,54,,,,,,
SEM,ALONE,COLLOM,4,7/18/24,,,4.5,0.934,1,10,4,3,,31,3,93,,,,,,
SEM,ALONE,COLLOM,5,7/18/24,,,3.8,0.915,1,5,6,3,,18,3,54,,,,,,
SEM,ALONE,COLLOM,6,7/18/24,,,3.0,0.149,1,5,4,,,4,3,12,,,,,,
SEM,ALONE,COLLOM,7,7/18/24,,,4.6,1.281,1,13,7,3,,43,3,129,,,,,,
SEM,DIVERSE,COLLOM,2,7/22/24,5,D1,8.5,0.109,1,0,0,0,,,3,0,BT no fruits?,,,,,
SEM,DIVERSE,COLLOM,3,7/19/24,3,C5,9.6,0.178,3,2,0,5,,5,3,15,BT,,,,,
SEM,DIVERSE,COLLOM,4,7/19/24,4,E1,13.7,0.524,,2,0,8,,8,3,24,BT,,,,,
SEM,DIVERSE,COLLOM,5,7/19/24,4,D1,13.7,,,2,,,,,3,0,,,,,,
SEM,DIVERSE,COLLOM,6,7/19/24,4,B1,10.8,,,3,,,,,3,0,,,,,,
SEM,DIVERSE,COLLOM,7,7/19/24,4,C4,19.8,,,2,,,,,3,0,,,,,,
SEM,DIVERSE,COLLOM,8,7/19/24,4,A3,24.2,,1,4,,,,,3,0,,,,,,
SEM,DIVERSE,COLLOM,8,7/19/24,1,D2,12.5,,1,5,,,,,3,0,,,,,,
SEM,DIVERSE,COLLOM,9,7/19/24,4,B3,12.1,,1,1,,,,,3,0,,,,,,
SEM,DIVERSE,COLLOM,10,7/19/24,1,E4,5.5,,1,,,,,,3,0,,,,,,
SEM,DIVERSE,COLLOM,11,7/19/24,4,B4,17.8,,1,6,,,,,3,0,,,,,,
SEM,DIVERSE,COLLOM,12,7/19/24,1,A2,9.1,0.127,1,2,3,5,,8,3,24,,,,,,
SEM,DIVERSE,COLLOM,13,7/19/24,3,D3,15.2,,3,3,,,,,3,0,,,,,,
SEM,DIVERSE,COLLOM,14,7/19/24,3,C3,13.5,0.279,1,2,0,6,,6,3,18,BT,,,,,
SEM,DIVERSE,COLLOM,15,7/19/24,3,B3,14.5,,3,2,,,,,3,0,,,,,,
SEM,DIVERSE,COLLOM,16,7/19/24,3,A3,11.6,0.124,1,1,5,0,,5,3,15,,,,,,
SEM,DIVERSE,COLLOM,17,7/19/24,3,A1,20.1,0.780,3,3,16,1,,18,3,54,BT,,,,,
SEM,DIVERSE,COLLOM,18,7/19/24,8,A3,10.6,,1,4,,,,,3,0,,,,,,
SEM,DIVERSE,COLLOM,20,7/19/24,8,D2,10.9,,1,2,,,,,3,0,,,,,,
SEM,DIVERSE,COLLOM,21,7/19/24,8,C2,9.4,,1,1,,,,,3,0,,,,,,
SEM,DIVERSE,COLLOM,22,7/22/24,2,D1,7.3,,1,1,,,,,3,0,,,,,,
SEM,DIVERSE,COLLOM,23,7/22/24,2,D4,12.1,0.536,1,4,7,4,,19,3,57,,,,,,
SEM,DIVERSE,COLLOM,24,7/22/24,2,C2,14.0,0.668,1,7,7,4,,31,3,93,BT,,,,,
SEM,DIVERSE,COLLOM,25,7/22/24,2,A4,12.0,,1,4,,,,,3,0,,,,,,
SEM,DIVERSE,COLLOM,26,7/22/24,6,A1,14.2,,1,4,,,,,3,0,,,,,,
SEM,DIVERSE,COLLOM,27,7/22/24,6,C1,9.0,,1,2,,,,,3,0,,,,,,
SEM,DIVERSE,COLLOM,28,7/22/24,6,D3,11.9,,,1,,,,,3,0,,,,,,
SEM,DIVERSE,COLLOM,29,7/22/24,6,C4,14.4,,3,3,,,,,3,0,,,,,,
SEM,DIVERSE,COLLOM,30,7/22/24,6,B4,21.1,,1,1,,,,,3,0,,,,,,
SEM,DIVERSE,COLLOM,31,7/22/24,6,A5,15.4,0.278,4,3,9,3,,15,3,45,,,,,,
SEM,DIVERSE,COLLOM,32,7/22/24,5,B5,13.6,,1,3,,,,,3,0,,,,,,
SEM,DIVERSE,COLLOM,33,7/22/24,5,B4,17.1,,1,2,,,,,3,0,,,,,,
SEM,DIVERSE,COLLOM,34,7/22/24,5,A4,22.6,,1,2,,,,,3,0,,,,,,
SEM,DIVERSE,COLLOM,35,7/22/24,5,B3,18.1,,1,1,,,,,3,0,,,,,,
SEM,DIVERSE,COLLOM,36,7/22/24,5,A2,19.5,,1,1,,,,,3,0,,,,,,
SEM,DIVERSE,COLLOM,37,7/22/24,5,A1,25.2,,1,3,,,,,3,0,,,,,,
SEM,DIVERSE,COLLOM,38,7/22/24,7,B5,22.5,,3,7,,,,,3,0,,,,,,
SEM,DIVERSE,COLLOM,39,7/22/24,7,B4,9.6,,1,1,,,,,3,0,,,,,,
WIR,ALONE,COLLOM,2,7/12/24,,,8.1,1.505,,15,6,4,,62,3,186,,,,,,
WIR,ALONE,COLLOM,3,7/12/24,,,11.4,5.500,,32,21,11,,362,3,1086,,,,,,
WIR,ALONE,COLLOM,4,7/12/24,,,10.2,3.835,,26,13,6,,163,3,489,,,,,,
WIR,ALONE,COLLOM,5,7/12/24,,,7.9,1.234,,4,10,7,,31,3,93,,,,,,
WIR,ALONE,COLLOM,6,7/12/24,,,8.0,2.794,,28,11,9,,254,3,762,,,,,,
WIR,ALONE,COLLOM,7,7/12/24,,,10.3,3.552,,30,10,4,,126,3,378,,,,,,
WIR,ALONE,COLLOM,8,7/12/24,,,6.6,1.304,,11,19,9,,109,3,327,,,,,,
WIR,ALONE,COLLOM,9,7/12/24,,,8.3,1.073,,7,13,10,,73,3,219,,,,,,
WIR,ALONE,COLLOM,10,7/12/24,,,9.1,,,9,,,,,3,0,,,,,,
WIR,DIVERSE,COLLOM,1,7/17/24,4,B1,16.3,1.136,,5,11,9,,47,3,141,,,,,,
WIR,DIVERSE,COLLOM,2,7/15/24,3,B3,11.5,0.456,1,4,6,4,,18,3,54,,,,,,
WIR,DIVERSE,COLLOM,4,7/12/24,1,E4,7.1,,3,3,,,,,3,0,,,,,,
WIR,DIVERSE,COLLOM,5,7/12/24,1,A1,4.0,,1,1,,,,,3,0,,,,,,
WIR,DIVERSE,COLLOM,6,7/12/24,1,C4,10.6,0.540,3,3,6,5,,16,3,48,,,,,,
WIR,DIVERSE,COLLOM,7,7/12/24,1,A2,7.3,,1,1,,,,,3,0,,,,,,
WIR,DIVERSE,COLLOM,8,7/15/24,2,A3,5.4,0.030,1,1,1,0,,1,3,3,,,,,,
WIR,DIVERSE,COLLOM,9,7/15/24,2,E2,8.5,,1,1,,,,,3,0,,,,,,
WIR,DIVERSE,COLLOM,10,7/15/24,2,C3,5.9,,1,2,,,,,3,0,,,,,,
WIR,DIVERSE,COLLOM,11,7/15/24,2,C1,15.5,0.307,1,1,7,0,,7,3,21,,,,,,
WIR,DIVERSE,COLLOM,12,7/15/24,3,E5,11.5,,1,4,,,,,3,0,,,,,,
WIR,DIVERSE,COLLOM,13,7/15/24,3,D5,11.8,,1,3,,,,,3,0,,,,,,
WIR,DIVERSE,COLLOM,14,7/15/24,3,C5,13.1,0.383,1,2,13,1,,14,3,42,,,,,,
WIR,DIVERSE,COLLOM,15,7/15/24,3,A2,15.5,,,1,,,,,3,0,,,,,,
WIR,DIVERSE,COLLOM,16,7/15/24,5,A1,9.5,,,1,,,,,3,0,,,,,,
WIR,DIVERSE,COLLOM,17,7/17/24,4,B2,20.1,,,7,,,,,3,0,,,,,,
WIR,DIVERSE,COLLOM,19,7/17/24,4,D5,5.2,0.041,1,1,1,0,,1,3,3,,,,,,
WIR,DIVERSE,COLLOM,20,7/17/24,7,C1,15.2,0.381,1,6,5,3,,20,3,60,,,,,,
WIR,DIVERSE,COLLOM,21,7/17/24,7,B4,9.0,,1,5,,,,,3,0,,,,,,
WIR,DIVERSE,COLLOM,22,7/17/24,11,B3,5.8,,1,1,,,,,3,0,,,,,,
WIR,DIVERSE,COLLOM,23,7/17/24,11,B5,13.9,,1,3,,,,,3,0,,,,,,
WIR,DIVERSE,COLLOM,24,7/17/24,11,C3,7.5,,1,1,,,,,3,0,,,,,,
WIR,DIVERSE,COLLOM,25,7/17/24,11,D5,10.5,,1,1,,,,,3,0,,,,,,
WIR,DIVERSE,COLLOM,26,7/17/24,11,C4,11.5,,1,1,,,,,3,0,,,,,,
WIR,DIVERSE,COLLOM,27,7/17/24,11,C2,12.3,,,2,,,,,3,0,,,,,,
WIR,DIVERSE,COLLOM,28,7/17/24,9,A4,12.6,,,5,,,,,3,0,,,,,,
WIR,DIVERSE,COLLOM,29,7/17/24,9,A3,8.9,,,1,,,,,3,0,,,,,,
WIR,DIVERSE,COLLOM,30,7/17/24,9,D3,7.1,,,,,,,,3,0,,,,,,
WIR,DIVERSE,COLLOM,31,7/17/24,9,B2,9.1,,,1,,,,,3,0,,,,,,
WIR,DIVERSE,COLLOM,32,7/17/24,9,B4,5.0,,,1,,,,,3,0,,,,,,
WIR,DIVERSE,COLLOM,33,7/17/24,9,D1,9.9,,,5,,,,,3,0,,,,,,
BR,ALONE,EPIDEN,1,7/24/24,,,8.1,1.230,1,,,,,24,18,432,,,,,,
BR,ALONE,EPIDEN,2,7/24/24,,,7.6,0.213,1,,,,,9,18,162,,,,,,
BR,ALONE,EPIDEN,4,7/24/24,,,11.8,0.473,1,,,,,15,18,270,,,,,,
BR,ALONE,EPIDEN,5,7/24/24,,,5.5,0.389,1,,,,,13,18,234,,,,,,
BR,ALONE,EPIDEN,6,7/24/24,,,6.4,0.290,1,,,,,11,18,198,,,,,,
BR,ALONE,EPIDEN,7,7/24/24,,,7.1,1.808,1,,,,,38,18,684,,,,,,
BR,ALONE,EPIDEN,8,7/24/24,,,7.3,0.441,1,,,,,9,18,162,,,,,,
BR,ALONE,EPIDEN,9,7/24/24,,,6.0,,1,,,,,,18,0,,,,,,
BR,ALONE,EPIDEN,10,7/24/24,,,6.1,,1,,,,,,18,0,,,,,,
BR,ALONE,EPIDEN,11,7/24/24,,,6.8,0.997,1,,,,,23,18,414,,,,,,
BR,ALONE,EPIDEN,12,7/24/24,,,7.1,,1,,,,,,18,0,,,,,,
BR,DIVERSE,EPIDEN,1,7/24/24,4,A2,11.6,0.105,,,,,,6,18,108,,,,,,
BR,DIVERSE,EPIDEN,2,7/25/24,13,D2,11.2,0.043,1,,,,,5,18,90,,,,,,
BR,DIVERSE,EPIDEN,3,7/25/24,5,C1,8.5,0.056,1,,,,,4,18,72,,,,,,
BR,DIVERSE,EPIDEN,4,7/24/24,1,B2,30.6,0.372,,,,,,19,18,342,,,,,,
BR,DIVERSE,EPIDEN,5,7/24/24,1,C2,11.3,,,,,,,,18,0,,,,,,
BR,DIVERSE,EPIDEN,6,7/24/24,2,B5,14.9,,1,,,,,,18,0,,,,,,
BR,DIVERSE,EPIDEN,7,7/24/24,2,A5,7.5,,1,,,,,,18,0,,,,,,
BR,DIVERSE,EPIDEN,8,7/24/24,2,D1,6.0,0.007,1,,,,,1,18,18,,,,,,
BR,DIVERSE,EPIDEN,9,7/24/24,3,B4,12.3,,,,,,,,18,0,,,,,,
BR,DIVERSE,EPIDEN,10,7/24/24,3,D3,15.8,,,,,,,,18,0,,,,,,
BR,DIVERSE,EPIDEN,11,7/24/24,3,C3,11.3,,1,,,,,,18,0,,,,,,
BR,DIVERSE,EPIDEN,12,7/24/24,4,E2,10.1,,1,,,,,,18,0,,,,,,
BR,DIVERSE,EPIDEN,13,7/24/24,4,C1,6.0,0.013,1,,,,,3,18,54,,,,,,
BR,DIVERSE,EPIDEN,14,7/24/24,4,E3,9.8,,1,,,,,,18,0,,,,,,
BR,DIVERSE,EPIDEN,15,7/25/24,5,B1,9.4,,1,,,,,,18,0,,,,,,
BR,DIVERSE,EPIDEN,16,7/25/24,5,E3,14.6,,,,,,,,18,0,,,,,,
BR,DIVERSE,EPIDEN,17,7/25/24,5,B3,13.5,0.051,,,,,,4,18,72,,,,,,
BR,DIVERSE,EPIDEN,18,7/25/24,5,A4,15.1,,1,,,,,,18,0,,,,,,
BR,DIVERSE,EPIDEN,19,7/25/24,12,D2,16.6,,1,,,,,,18,0,,,,,,
BR,DIVERSE,EPIDEN,20,7/25/24,12,B5,6.2,,1,,,,,,18,0,,,,,,
BR,DIVERSE,EPIDEN,21,7/25/24,12,A5,32.4,0.598,1,,,,,22,18,396,,,,,,
BR,DIVERSE,EPIDEN,22,7/25/24,9,D2,17.3,,,,,,,,18,0,,,,,,
BR,DIVERSE,EPIDEN,23,7/25/24,9,A4,28.2,,1,,,,,,18,0,,,,,,
BR,DIVERSE,EPIDEN,24,7/25/24,13,C5,13.0,,1,,,,,,18,0,,,,,,
BR,DIVERSE,EPIDEN,25,7/25/24,13,E1,11.5,,1,,,,,,18,0,,,,,,
BR,DIVERSE,EPIDEN,26,7/24/24,2,D3,7.9,,1,,,,,,18,0,,,,,,
RF,ALONE,EPIDEN,1,7/10/24,,,80.8,20.159,2,,,,,513,18,9234,,,,,,
RF,ALONE,EPIDEN,2,7/10/24,,,80.8,6.737,1,,,,,128,18,2304,,,,,,
RF,ALONE,EPIDEN,3,7/10/24,,,54.8,3.527,1,,,,,100,18,1800,,,,,,
RF,ALONE,EPIDEN,4,7/10/24,,,60.9,9.377,3,,,,,150,18,2700,,,,,,
RF,ALONE,EPIDEN,5,7/10/24,,,79.3,,4,,,,,,18,0,,,,,,
RF,ALONE,EPIDEN,6,7/10/24,,,74.2,4.435,1,,,,,104,18,1872,,,,,,
RF,ALONE,EPIDEN,7,7/10/24,,,64.9,9.446,3,,,,,223,18,4014,,,,,,
RF,ALONE,EPIDEN,8,7/10/24,,,73.7,15.647,3,,,,,319,18,5742,,,,,,
RF,ALONE,EPIDEN,9,7/10/24,,,74.3,,7,,,,,16,18,288,,,,,,
RF,ALONE,EPIDEN,10,7/10/24,,,72.6,,4,,,,,,18,0,,,,,,
RF,ALONE,EPIDEN,11,7/10/24,,,45.0,2.536,2,,,,,99,18,1782,,,,,,
RF,ALONE,EPIDEN,12,7/10/24,,,73.9,,5,,,,,,18,0,,,,,,
RF,ALONE,EPIDEN,13,7/10/24,,,80.6,,1,,,,,,18,0,,,,,,
RF,DIVERSE,EPIDEN,1,7/10/24,5,E3,45.2,0.842,,,,,,4,18,72,,,,,,
RF,DIVERSE,EPIDEN,2,7/8/24,2,E1,40.1,0.503,,,,,,14,18,252,,,,,,
RF,DIVERSE,EPIDEN,3,7/8/24,2,D2,26.5,0.170,,,,,,4,18,72,,,,,,
RF,DIVERSE,EPIDEN,4,7/4/24,1,E2,10.4,,1,,,,,6,18,108,,,,,,
RF,DIVERSE,EPIDEN,5,7/4/24,1,D2,38.8,,1,,,,,,18,0,,,,,,
RF,DIVERSE,EPIDEN,6,7/8/24,2,C1,38.0,,,,,,,,18,0,,,,,,
RF,DIVERSE,EPIDEN,7,7/8/24,2,C2,27.0,,1,,,,,,18,0,,,,,,
RF,DIVERSE,EPIDEN,8,7/8/24,2,E4,40.2,,1,,,,,,18,0,,,,,,
RF,DIVERSE,EPIDEN,9,7/8/24,3,A5,68.7,2.820,,,,,,84,18,1512,,,,,,
RF,DIVERSE,EPIDEN,10,7/8/24,3,A1,31.6,0.221,,,,,,7,18,126,,,,,,
RF,DIVERSE,EPIDEN,11,7/8/24,3,E4,59.7,0.486,,,,,,11,18,198,,,,,,
RF,DIVERSE,EPIDEN,12,7/8/24,3,C5,46.2,0.381,,,,,,12,18,216,,,,,,
RF,DIVERSE,EPIDEN,13,7/8/24,3,B1,41.3,,,,,,,,18,0,,,,,,
RF,DIVERSE,EPIDEN,14,7/4/24,4,E4,26.6,0.218,,,,,,19,18,342,,,,,,
RF,DIVERSE,EPIDEN,15,7/8/24,4,A3,29.4,,,,,,,,18,0,,,,,,
RF,DIVERSE,EPIDEN,16,7/8/24,4,A1,13.3,,1,,,,,,18,0,,,,,,
RF,DIVERSE,EPIDEN,17,7/8/24,4,C1,23.0,,1,,,,,,18,0,,,,,,
RF,DIVERSE,EPIDEN,18,7/10/24,5,E5,34.1,,,,,,,,18,0,,,,,,
RF,DIVERSE,EPIDEN,19,7/10/24,5,B2,35.6,,,,,,,,18,0,,,,,,
RF,DIVERSE,EPIDEN,20,7/10/24,5,B4,20.1,,,,,,,,18,0,,,,,,
RF,DIVERSE,EPIDEN,21,7/10/24,5,B5,19.5,,,,,,,,18,0,,,,,,
SEM,ALONE,EPIDEN,1,7/18/24,,,11.0,1.873,,,,,,42,18,756,,,,,,
SEM,ALONE,EPIDEN,2,7/18/24,,,7.5,1.682,,,,,,61,18,1098,,,,,,
SEM,ALONE,EPIDEN,3,7/18/24,,,9.9,2.672,,,,,,78,18,1404,,,,,,
SEM,ALONE,EPIDEN,4,7/18/24,,,12.4,1.752,,,,,,45,18,810,,,,,,
SEM,ALONE,EPIDEN,5,7/18/24,,,9.7,0.806,,,,,,12,18,216,,,,,,
SEM,ALONE,EPIDEN,6,7/18/24,,,11.8,2.839,,,,,,99,18,1782,,,,,,
SEM,ALONE,EPIDEN,7,7/18/24,,,28.2,3.957,,,,,,166,18,2988,,,,,,
SEM,ALONE,EPIDEN,8,7/18/24,,,12.1,3.128,,,,,,156,18,2808,,,,,,
SEM,ALONE,EPIDEN,9,7/18/24,,,10.0,,,,,,,,18,0,,,,,,
SEM,ALONE,EPIDEN,10,7/18/24,,,12.6,,,,,,,,18,0,,,,,,
SEM,DIVERSE,EPIDEN,1,7/22/24,2,B2,15.7,0.301,1,,,,,11,18,198,,,,,,
SEM,DIVERSE,EPIDEN,2,7/22/24,5,D2,23.7,0.175,1,,,,,5,18,90,,,,,,
SEM,DIVERSE,EPIDEN,3,7/22/24,4,C5,9.4,0.048,1,,,,,2,18,36,,,,,,
SEM,DIVERSE,EPIDEN,4,7/19/24,4,E4,64.9,,,,,,,,18,0,,,,,,
SEM,DIVERSE,EPIDEN,5,7/19/24,4,C1,22.1,,2,,,,,,18,0,,,,,,
SEM,DIVERSE,EPIDEN,6,7/19/24,4,A1,14.6,,1,,,,,,18,0,,,,,,
SEM,DIVERSE,EPIDEN,7,7/19/24,4,E2,13.2,,1,,,,,4,18,72,biomass missing,,,,,
SEM,DIVERSE,EPIDEN,8,7/19/24,1,E2,18.5,,1,,,,,,18,0,,,,,,
SEM,DIVERSE,EPIDEN,9,7/19/24,4,A5,17.8,,1,,,,,,18,0,,,,,,
SEM,DIVERSE,EPIDEN,10,7/19/24,1,C4,18.2,,1,,,,,,18,0,,,,,,
SEM,DIVERSE,EPIDEN,11,7/19/24,1,B3,14.0,,1,,,,,,18,0,,,,,,
SEM,DIVERSE,EPIDEN,12,7/19/24,1,B1,25.4,0.369,1,,,,,15,18,270,,,,,,
SEM,DIVERSE,EPIDEN,13,7/19/24,3,D4,21.7,0.135,1,,,,,5,18,90,,,,,,
SEM,DIVERSE,EPIDEN,14,7/19/24,3,C2,22.9,,1,,,,,,18,0,,,,,,
SEM,DIVERSE,EPIDEN,15,7/19/24,3,B2,39.0,1.158,1,,,,,29,18,522,,,,,,
SEM,DIVERSE,EPIDEN,16,7/19/24,8,E3,15.2,,1,,,,,,18,0,,,,,,
SEM,DIVERSE,EPIDEN,17,7/19/24,8,E1,15.2,,1,,,,,,18,0,,,,,,
SEM,DIVERSE,EPIDEN,18,7/19/24,8,B2,16.2,,1,,,,,,18,0,,,,,,
SEM,DIVERSE,EPIDEN,19,7/19/24,8,B4,13.5,,1,,,,,,18,0,,,,,,
SEM,DIVERSE,EPIDEN,20,7/22/24,2,E1,39.9,,3,,,,,,18,0,,,,,,
SEM,DIVERSE,EPIDEN,21,7/22/24,2,C4,17.5,,1,,,,,,18,0,,,,,,
SEM,DIVERSE,EPIDEN,22,7/22/24,2,B4,22.3,0.143,1,,,,,3,18,54,,,,,,
SEM,DIVERSE,EPIDEN,23,7/22/24,5,D5,33.3,,1,,,,,,18,0,,,,,,
SEM,DIVERSE,EPIDEN,26,7/22/24,6,E1,24.8,,,,,,,,18,0,,,,,,
SEM,DIVERSE,EPIDEN,27,7/22/24,6,D2,22.9,,1,,,,,,18,0,,,,,,
SEM,DIVERSE,EPIDEN,28,7/22/24,6,C3,16.0,,,,,,,,18,0,,,,,,
SEM,DIVERSE,EPIDEN,29,7/22/24,6,E5,20.8,,1,,,,,,18,0,,,,,,
SEM,DIVERSE,EPIDEN,30,7/22/24,6,A3,15.3,,1,,,,,,18,0,,,,,,
SEM,DIVERSE,EPIDEN,31,7/22/24,5,C3,16.4,0.146,1,,,,,9,18,162,,,,,,
SEM,DIVERSE,EPIDEN,32,7/22/24,5,E1,12.1,,1,,,,,,18,0,,,,,,
SEM,DIVERSE,EPIDEN,33,7/22/24,7,B1,14.3,,1,,,,,,18,0,,,,,,
SEM,DIVERSE,EPIDEN,34,7/22/24,7,A3,21.2,,,,,,,,18,0,,,,,,
WIR,ALONE,EPIDEN,1,7/12/24,,,10.7,3.100,,,,,,156,18,2808,,,,,,
WIR,ALONE,EPIDEN,2,7/12/24,,,13.7,3.921,,,,,,149,18,2682,,,,,,
WIR,ALONE,EPIDEN,3,7/12/24,,,15.4,6.217,,,,,,164,18,2952,,,,,,
WIR,ALONE,EPIDEN,4,7/12/24,,,10.8,3.903,,,,,,184,18,3312,,,,,,
WIR,ALONE,EPIDEN,5,7/12/24,,,7.6,1.481,,,,,,39,18,702,,,,,,
WIR,ALONE,EPIDEN,6,7/12/24,,,12.2,1.759,,,,,,73,18,1314,,,,,,
WIR,ALONE,EPIDEN,7,7/12/24,,,11.6,,,,,,,,18,0,,,,,,
WIR,ALONE,EPIDEN,8,7/12/24,,,14.8,,,,,,,,18,0,,,,,,
WIR,ALONE,EPIDEN,9,7/12/24,,,11.4,3.023,,,,,,122,18,2196,,,,,,
WIR,ALONE,EPIDEN,10,7/12/24,,,12.8,,,,,,,,18,0,,,,,,
WIR,ALONE,EPIDEN,11,7/12/24,,,8.4,,,,,,,,18,0,,,,,,
WIR,ALONE,EPIDEN,12,7/12/24,,,11.6,2.071,,,,,,77,18,1386,,,,,,
WIR,DIVERSE,EPIDEN,2,7/15/24,5,E1,19.9,0.314,1,,,,,10,18,180,,,,,,
WIR,DIVERSE,EPIDEN,3,7/15/24,2,C2,16.5,0.146,1,,,,,8,18,144,,,,,,
WIR,DIVERSE,EPIDEN,4,7/12/24,1,E5,12.8,,1,,,,,,18,0,,,,,,
WIR,DIVERSE,EPIDEN,5,7/12/24,1,C1,9.0,,1,,,,,,18,0,,,,,,
WIR,DIVERSE,EPIDEN,6,7/12/24,1,E4,13.6,,1,,,,,,18,0,,,,,,
WIR,DIVERSE,EPIDEN,7,7/15/24,2,D4,6.4,,1,,,,,,18,0,,,,,,
WIR,DIVERSE,EPIDEN,8,7/15/24,2,A5,8.6,,1,,,,,,18,0,,,,,,
WIR,DIVERSE,EPIDEN,9,7/15/24,3,A5,13.9,,,,,,,,18,0,,,,,,
WIR,DIVERSE,EPIDEN,10,7/15/24,3,A1,12.5,,,,,,,,18,0,,,,,,
WIR,DIVERSE,EPIDEN,11,7/15/24,5,D3,16.6,0.134,1,,,,,6,18,108,,,,,,
WIR,DIVERSE,EPIDEN,12,7/15/24,5,D5,16.5,,1,,,,,,18,0,,,,,,
WIR,DIVERSE,EPIDEN,13,7/15/24,5,C5,5.8,0.146,1,,,,,7,18,126,,,,,,
WIR,DIVERSE,EPIDEN,14,7/15/24,5,C3,22.1,,,,,,,,18,0,,,,,,
WIR,DIVERSE,EPIDEN,15,7/15/24,5,A4,13.0,,,,,,,,18,0,,,,,,
WIR,DIVERSE,EPIDEN,16,7/17/24,6,C3,19.1,,1,,,,,,18,0,,,,,,
WIR,DIVERSE,EPIDEN,17,7/17/24,6,C5,23.1,,,,,,,,18,0,,,,,,
WIR,DIVERSE,EPIDEN,18,7/17/24,,C4,16.5,0.233,,,,,,11,18,198,,,,,,
WIR,DIVERSE,EPIDEN,19,7/17/24,4,A2,27.1,,,,,,,,18,0,,,,,,
WIR,DIVERSE,EPIDEN,20,7/17/24,4,B4,10.3,,3,,,,,,18,0,,,,,,
WIR,DIVERSE,EPIDEN,21,7/17/24,4,D2,19.2,0.296,3,,,,,11,18,198,,,,,,
WIR,DIVERSE,EPIDEN,22,7/17/24,4,C1,12.8,,,,,,,,18,0,,,,,,
WIR,DIVERSE,EPIDEN,23,7/17/24,4,B3,20.6,,,,,,,,18,0,,,,,,
WIR,DIVERSE,EPIDEN,24,7/17/24,7,A1,12.8,,,,,,,,18,0,,,,,,
WIR,DIVERSE,EPIDEN,25,7/17/24,7,C3,11.2,0.046,,,,,,6,18,108,,,,,,
WIR,DIVERSE,EPIDEN,26,7/17/24,7,B1,11.8,,,,,,,,18,0,,,,,,
WIR,DIVERSE,EPIDEN,27,7/17/24,11,C4,14.0,,,,,,,,18,0,,,,,,
WIR,DIVERSE,EPIDEN,28,7/17/24,11,C1,6.9,,,,,,,,18,0,,,,,,
WIR,DIVERSE,EPIDEN,29,7/17/24,9,C3,11.4,,,,,,,,18,0,,,,,,
WIR,DIVERSE,EPIDEN,30,7/17/24,9,B3,12.0,0.143,,,,,,8,18,144,,,,,,
WIR,DIVERSE,EPIDEN,31,7/17/24,8,A4,19.1,,,,,,,,18,0,,,,,,
BR,ALONE,GILCAP,2,7/24/24,,,10.7,0.765,1,9,,,25,225,3,675,,,,,,
BR,ALONE,GILCAP,4,7/24/24,,,13.6,0.437,1,14,,,25,350,3,1050,,,,,,
BR,ALONE,GILCAP,5,7/24/24,,,11.6,0.952,1,15,,,25,375,3,1125,,,,,,
BR,ALONE,GILCAP,6,7/24/24,,,8.3,0.457,1,17,,,25,425,3,1275,,,,,,
BR,ALONE,GILCAP,7,7/24/24,,,15.1,0.912,1,10,,,25,250,3,750,,,,,,
BR,ALONE,GILCAP,8,7/24/24,,,10.0,0.195,1,16,,,25,400,3,1200,,,,,,
BR,ALONE,GILCAP,9,7/24/24,,,13.7,1.150,1,17,,,25,425,3,1275,,,,,,
BR,ALONE,GILCAP,10,7/24/24,,,29.0,1.295,1,17,,,25,425,3,1275,,,,,,
BR,ALONE,GILCAP,11,7/24/24,,,31.4,,1,14,,,25,350,3,1050,,,,,,
BR,DIVERSE,GILCAP,1,7/25/24,12,D3,16.8,0.099,2,2,,,25,50,3,150,BT,,,,,
BR,DIVERSE,GILCAP,2,7/24/24,4,E5,17.8,0.141,1,2,,,25,50,3,150,,,,,,
BR,DIVERSE,GILCAP,3,7/25/24,4,B1,22.1,0.100,1,2,,,25,50,3,150,,,,,,
BR,DIVERSE,GILCAP,4,7/24/24,1,A3,42.9,0.928,,5,,,25,125,3,375,,,,,,
BR,DIVERSE,GILCAP,5,7/24/24,1,D1,30.3,0.209,,3,,,25,75,3,225,BT,,,,,
BR,DIVERSE,GILCAP,6,7/24/24,1,B4,22.7,0.360,,3,,,25,75,3,225,,,,,,
BR,DIVERSE,GILCAP,7,7/24/24,3,A1,41.7,0.218,1,1,,,25,25,3,75,,,,,,
BR,DIVERSE,GILCAP,8,7/24/24,3,A2,32.4,0.404,3,2,,,25,50,3,150,,,,,,
BR,DIVERSE,GILCAP,9,7/24/24,3,A4,48.6,,1,1,,,25,25,3,75,,,,,,
BR,DIVERSE,GILCAP,10,7/24/24,3,A3,32.2,,1,2,,,25,50,3,150,,,,,,
BR,DIVERSE,GILCAP,11,7/24/24,4,A4,39.7,,3,2,,,25,50,3,150,,,,,,
BR,DIVERSE,GILCAP,12,7/24/24,4,B1,20.3,,1,3,,,25,75,3,225,,,,,,
BR,DIVERSE,GILCAP,13,7/24/24,4,A1,56.8,,,4,,,25,100,3,300,,,,,,
BR,DIVERSE,GILCAP,14,7/25/24,5,D1,30.0,,2,3,,,25,75,3,225,,,,,,
BR,DIVERSE,GILCAP,15,7/25/24,5,C2,34.3,,,5,,,25,125,3,375,,,,,,
BR,DIVERSE,GILCAP,16,7/25/24,5,A2,54.6,,1,1,,,25,25,3,75,,,,,,
BR,DIVERSE,GILCAP,17,7/25/24,5,B4,34.8,,,5,,,25,125,3,375,,,,,,
BR,DIVERSE,GILCAP,18,7/25/24,5,C5,23.3,,,3,,,25,75,3,225,,,,,,
BR,DIVERSE,GILCAP,19,7/25/24,12,E4,41.3,,1,3,,,25,75,3,225,BT,,,,,
BR,DIVERSE,GILCAP,20,7/25/24,12,D1,25.2,,1,1,,,25,25,3,75,,,,,,
BR,DIVERSE,GILCAP,21,7/25/24,12,C3,43.1,,2,4,,,25,100,3,300,,,,,,
BR,DIVERSE,GILCAP,22,7/25/24,12,B2,32.1,,1,2,,,25,50,3,150,,,,,,
BR,DIVERSE,GILCAP,23,7/25/24,12,A2,25.2,,6,6,,,25,150,3,450,Did not count neighbors,,,,,
BR,DIVERSE,GILCAP,24,7/25/24,9,C3,44.3,,1,5,,,25,125,3,375,,,,,,
BR,DIVERSE,GILCAP,25,7/25/24,9,A5,21.5,,1,1,,,25,25,3,75,,,,,,
BR,DIVERSE,GILCAP,26,7/25/24,13,C4,26.4,,1,1,,,25,25,3,75,,,,,,
BR,DIVERSE,GILCAP,27,7/25/24,13,E3,32.6,,1,2,,,25,50,3,150,,,,,,
BR,DIVERSE,GILCAP,28,7/25/24,13,C4,44.5,,2,8,,,25,200,3,600,,,,,,
BR,DIVERSE,GILCAP,29,7/25/24,13,C2,49.2,,1,8,,,25,200,3,600,,,,,,
RF,ALONE,GILCAP,1,7/8/24,,,66.0,,,39,,,25,975,3,2925,,,,,,
RF,ALONE,GILCAP,2,7/8/24,,,85.0,,,84,,,25,2100,3,6300,,,,,,
RF,ALONE,GILCAP,3,7/8/24,,,73.0,,,28,,,25,700,3,2100,,,,,,
RF,ALONE,GILCAP,4,7/8/24,,,58.0,,,105,,,25,2625,3,7875,,,,,,
RF,ALONE,GILCAP,5,7/8/24,,,75.0,,,60,,,25,1500,3,4500,,,,,,
RF,ALONE,GILCAP,6,7/8/24,,,66.0,,,85,,,25,2125,3,6375,,,,,,
RF,ALONE,GILCAP,7,7/8/24,,,68.0,,,97,,,25,2425,3,7275,,,,,,
RF,ALONE,GILCAP,8,7/8/24,,,77.1,,,51,,,25,1275,3,3825,,,,,,
RF,ALONE,GILCAP,9,7/8/24,,,88.2,,,40,,,25,1000,3,3000,,,,,,
RF,ALONE,GILCAP,10,7/8/24,,,95.0,,,89,,,25,2225,3,6675,,,,,,
RF,DIVERSE,GILCAP,1,7/8/24,2,C3,22.7,,1,1,,,25,25,3,75,,,,,,
RF,DIVERSE,GILCAP,2,7/10/24,5,B1,19.9,,1,1,,,25,25,3,75,,,,,,
RF,DIVERSE,GILCAP,3,7/4/24,1,B2,38.9,,1,1,,,25,25,3,75,,,,,,
RF,DIVERSE,GILCAP,4,7/4/24,1,A3,33.5,,1,1,,,25,25,3,75,,,,,,
RF,DIVERSE,GILCAP,5,7/4/24,1,E5,39.0,,1,1,,,25,25,3,75,,,,,,
RF,DIVERSE,GILCAP,6,7/8/24,2,A1,29.2,,1,1,,,25,25,3,75,,,,,,
RF,DIVERSE,GILCAP,7,7/8/24,2,B1,55.0,,1,1,,,25,25,3,75,,,,,,
RF,DIVERSE,GILCAP,8,7/8/24,2,D2,23.5,,1,1,,,25,25,3,75,,,,,,
RF,DIVERSE,GILCAP,9,7/8/24,3,D3,33.7,,1,1,,,25,25,3,75,,,,,,
RF,DIVERSE,GILCAP,10,7/8/24,3,B4,27.8,,1,2,,,25,50,3,150,,,,,,
RF,DIVERSE,GILCAP,11,7/8/24,3,C4,40.5,,1,2,,,25,50,3,150,,,,,,
RF,DIVERSE,GILCAP,12,7/8/24,4,E2,23.3,,1,3,,,25,75,3,225,,,,,,
RF,DIVERSE,GILCAP,13,7/8/24,4,C2,29.1,,1,1,,,25,25,3,75,,,,,,
RF,DIVERSE,GILCAP,14,7/8/24,4,C5,7.1,,1,1,,,25,25,3,75,,,,,,
RF,DIVERSE,GILCAP,15,7/10/24,5,A3,17.3,,1,1,,,25,25,3,75,,,,,,
RF,DIVERSE,GILCAP,16,7/10/24,5,E2,33.3,,,1,,,25,25,3,75,,,,,,
RF,DIVERSE,GILCAP,17,7/10/24,5,E2,27.5,,,1,,,25,25,3,75,,,,,,
RF,DIVERSE,GILCAP,18,7/10/24,6,B1,30.4,,,1,,,25,25,3,75,,,,,,
SEM,ALONE,GILCAP,1,7/19/24,,,12.0,2.160,,34,,,25,850,3,2550,,,,,,
SEM,ALONE,GILCAP,2,7/19/24,,,17.1,3.918,,37,,,25,925,3,2775,,,,,,
SEM,ALONE,GILCAP,3,7/19/24,,,15.5,2.577,,39,,,25,975,3,2925,,,,,,
SEM,ALONE,GILCAP,4,7/19/24,,,15.4,0.176,,9,,,25,225,3,675,,,,,,
SEM,ALONE,GILCAP,5,7/19/24,,,14.0,2.982,,56,,,25,1400,3,4200,,,,,,
SEM,ALONE,GILCAP,6,7/19/24,,,13.0,2.385,,21,,,25,525,3,1575,,,,,,
SEM,ALONE,GILCAP,7,7/19/24,,,19.5,3.645,,54,,,25,1350,3,4050,,,,,,
SEM,ALONE,GILCAP,8,7/19/24,,,13.8,2.052,,17,,,25,425,3,1275,,,,,,
SEM,ALONE,GILCAP,9,7/19/24,,,10.9,3.247,,43,,,25,1075,3,3225,,,,,,
SEM,ALONE,GILCAP,10,7/19/24,,,14.5,2.273,,30,,,25,750,3,2250,,,,,,
SEM,DIVERSE,GILCAP,1,7/22/24,6,D5,47.1,1.480,1,10,,,25,250,3,750,,,,,,
SEM,DIVERSE,GILCAP,3,7/22/24,5,D2,31.2,1.638,,21,,,25,525,3,1575,,,,,,
SEM,DIVERSE,GILCAP,4,7/19/24,4,D4,37.6,2.088,,,,,,,3,0,,,,,,
SEM,DIVERSE,GILCAP,5,7/19/24,4,A2,36.8,0.846,,7,,,25,175,3,525,,,,,,
SEM,DIVERSE,GILCAP,6,7/19/24,1,A5,24.6,0.325,1,1,,,25,25,3,75,,,,,,
SEM,DIVERSE,GILCAP,7,7/19/24,3,D5,51.3,0.829,1,6,,,25,150,3,450,,,,,,
SEM,DIVERSE,GILCAP,8,7/19/24,3,D2,21.6,0.268,1,4,,,25,100,3,300,,,,,,
SEM,DIVERSE,GILCAP,9,7/19/24,3,B5,49.1,,1,5,,,25,125,3,375,,,,,,
SEM,DIVERSE,GILCAP,10,7/19/24,3,B1,47.5,,3,5,,,25,125,3,375,,,,,,
SEM,DIVERSE,GILCAP,11,7/19/24,3,A2,25.0,,,1,,,25,25,3,75,,,,,,
SEM,DIVERSE,GILCAP,12,7/19/24,8,A1,10.4,,,2,,,25,50,3,150,,,,,,
SEM,DIVERSE,GILCAP,13,7/19/24,8,A4,36.2,,1,15,,,25,375,3,1125,,,,,,
SEM,DIVERSE,GILCAP,14,7/19/24,8,C4,19.7,,1,11,,,25,275,3,825,,,,,,
SEM,DIVERSE,GILCAP,15,7/19/24,8,C3,24.1,,1,6,,,25,150,3,450,,,,,,
SEM,DIVERSE,GILCAP,16,7/22/24,2,E4,36.4,,1,24,,,25,600,3,1800,,,,,,
SEM,DIVERSE,GILCAP,17,7/22/24,2,D5,17.6,,1,3,,,25,75,3,225,,,,,,
SEM,DIVERSE,GILCAP,18,7/22/24,2,C3,19.6,,1,3,,,25,75,3,225,,,,,,
SEM,DIVERSE,GILCAP,19,7/22/24,2,A5,26.5,,1,2,,,25,50,3,150,,,,,,
SEM,DIVERSE,GILCAP,20,7/22/24,2,A3,42.6,,1,6,,,25,150,3,450,,,,,,
SEM,DIVERSE,GILCAP,21,7/22/24,6,B1,26.1,,1,3,,,25,75,3,225,,,,,,
SEM,DIVERSE,GILCAP,22,7/22/24,6,B2,14.7,,,2,,,25,50,3,150,,,,,,
SEM,DIVERSE,GILCAP,23,7/22/24,6,B3,28.3,,1,4,,,25,100,3,300,,,,,,
SEM,DIVERSE,GILCAP,24,7/22/24,6,B5,24.0,,1,4,,,25,100,3,300,,,,,,
SEM,DIVERSE,GILCAP,25,7/22/24,5,C5,41.8,,1,15,,,25,375,3,1125,,,,,,
SEM,DIVERSE,GILCAP,26,7/22/24,5,C4,26.9,,1,2,,,25,50,3,150,,,,,,
SEM,DIVERSE,GILCAP,27,7/22/24,5,C2,46.0,,1,10,,,25,250,3,750,,,,,,
SEM,DIVERSE,GILCAP,28,7/22/24,7,D5,33.4,,1,2,,,25,50,3,150,,,,,,
SEM,DIVERSE,GILCAP,29,7/22/24,7,E3,18.3,,1,1,,,25,25,3,75,,,,,,
SEM,DIVERSE,GILCAP,30,7/22/24,7,C2,19.4,,1,1,,,25,25,3,75,,,,,,
SEM,DIVERSE,GILCAP,31,7/22/24,7,B2,25.9,,1,1,,,25,25,3,75,,,,,,
SEM,DIVERSE,GILCAP,32,7/22/24,7,D3,26.7,,1,1,,,25,25,3,75,,,,,,
WIR,ALONE,GILCAP,1,7/12/24,,,13.0,,,,,,,,3,0,herbivory,,,,,
WIR,ALONE,GILCAP,2,7/12/24,,,9.0,2.972,,38,,,25,950,3,2850,herbivory,,,,,
WIR,ALONE,GILCAP,3,7/12/24,,,13.5,8.286,,101,,,25,2525,3,7575,herbivory,,,,,
WIR,ALONE,GILCAP,4,7/12/24,,,23.0,3.267,,51,,,25,1275,3,3825,herbivory,,,,,
WIR,ALONE,GILCAP,5,7/12/24,,,24.0,,,92,,,25,2300,3,6900,herbivory,,,,,
WIR,ALONE,GILCAP,6,7/12/24,,,24.0,5.110,,75,,,25,1875,3,5625,herbivory,,,,,
WIR,ALONE,GILCAP,7,7/12/24,,,13.0,3.298,,58,,,25,1450,3,4350,herbivory,,,,,
WIR,ALONE,GILCAP,8,7/12/24,,,24.0,3.147,,45,,,25,1125,3,3375,herbivory,,,,,
WIR,ALONE,GILCAP,9,7/12/24,,,18.0,2.922,,81,,,25,2025,3,6075,herbivory,,,,,
WIR,ALONE,GILCAP,10,7/12/24,,,12.0,4.229,,57,,,25,1425,3,4275,herbivory,,,,,
WIR,DIVERSE,GILCAP,1,7/15/24,2,D2,21.1,0.212,1,1,,,25,25,3,75,,,,,,
WIR,DIVERSE,GILCAP,3,7/17/24,4,C4,21.2,0.246,,2,,,25,50,3,150,,,,,,
WIR,DIVERSE,GILCAP,4,7/12/24,1,E1,11.4,,1,2,,,25,50,3,150,,,,,,
WIR,DIVERSE,GILCAP,5,7/12/24,1,B5,22.5,,1,5,,,25,125,3,375,,,,,,
WIR,DIVERSE,GILCAP,6,7/12/24,1,D3,18.7,,1,1,,,25,25,3,75,,,,,,
WIR,DIVERSE,GILCAP,7,7/12/24,1,B2,22.8,,1,4,,,25,100,3,300,,,,,,
WIR,DIVERSE,GILCAP,8,7/15/24,2,A4,12.0,0.089,1,1,,,25,25,3,75,,,,,,
WIR,DIVERSE,GILCAP,9,7/16/24,2,D3,13.5,,1,1,,,25,25,3,75,,,,,,
WIR,DIVERSE,GILCAP,10,7/16/24,2,B5,15.1,,1,1,,,25,25,3,75,,,,,,
WIR,DIVERSE,GILCAP,11,7/16/24,2,B2,39.4,,1,7,,,25,175,3,525,,,,,,
WIR,DIVERSE,GILCAP,12,7/16/24,3,E4,22.6,0.297,1,4,,,25,100,3,300,,,,,,
WIR,DIVERSE,GILCAP,13,7/16/24,3,D2,19.6,0.241,1,3,,,25,75,3,225,,,,,,
WIR,DIVERSE,GILCAP,14,7/16/24,5,E2,40.5,,1,2,,,25,50,3,150,,,,,,
WIR,DIVERSE,GILCAP,15,7/16/24,5,B5,22.5,,1,2,,,25,50,3,150,,,,,,
WIR,DIVERSE,GILCAP,16,7/16/24,5,B3,24.1,,1,1,,,25,25,3,75,,,,,,
WIR,DIVERSE,GILCAP,17,7/17/24,6,B3,26.0,,1,3,,,25,75,3,225,,,,,,
WIR,DIVERSE,GILCAP,18,7/17/24,6,B5,34.5,,1,3,,,25,75,3,225,,,,,,
WIR,DIVERSE,GILCAP,19,7/17/24,6,C4,22.2,,1,2,,,25,50,3,150,,,,,,
WIR,DIVERSE,GILCAP,20,7/17/24,6,E4,43.8,,1,8,,,25,200,3,600,,,,,,
WIR,DIVERSE,GILCAP,21,7/17/24,6,B4,31.3,,1,1,,,25,25,3,75,,,,,,
WIR,DIVERSE,GILCAP,22,7/17/24,4,A3,30.4,,1,5,,,25,125,3,375,,,,,,
WIR,DIVERSE,GILCAP,23,7/17/24,4,E2,28.9,,1,8,,,25,200,3,600,,,,,,
WIR,DIVERSE,GILCAP,24,7/17/24,4,D3,18.3,,,2,,,25,50,3,150,,,,,,
WIR,DIVERSE,GILCAP,25,7/17/24,7,B3,26.0,,,4,,,25,100,3,300,,,,,,
WIR,DIVERSE,GILCAP,26,7/17/24,7,B4,19.0,,,6,,,25,150,3,450,,,,,,
WIR,DIVERSE,GILCAP,27,7/17/24,8,C4,17.0,,,1,,,25,25,3,75,,,,,,
WIR,DIVERSE,GILCAP,28,7/17/24,8,A5,16.1,,,2,,,25,50,3,150,,,,,,
WIR,DIVERSE,GILCAP,29,7/17/24,8,C3,24.0,,,6,,,25,150,3,450,,,,,,
WIR,DIVERSE,GILCAP,30,7/17/24,11,C1,15.8,,,1,,,25,25,3,75,,,,,,
WIR,DIVERSE,GILCAP,31,7/17/24,11,C3,13.5,,,3,,,25,75,3,225,,,,,,
WIR,DIVERSE,GILCAP,32,7/17/24,11,B5,19.7,,,1,,,25,25,3,75,,,,,,
WIR,DIVERSE,GILCAP,33,7/17/24,9,B5,19.5,,,1,,,25,25,3,75,,,,,,
WIR,DIVERSE,GILCAP,34,7/17/24,9,A4,24.5,,,1,,,25,25,3,75,,,,,,
WIR,DIVERSE,GILCAP,35,7/17/24,9,B5,11.6,,,1,,,25,25,3,75,,,,,,
WIR,DIVERSE,GILCAP,36,7/17/24,9,A1,13.6,,,1,,,25,25,3,75,,,,,,
BR,ALONE,NAVSQU,1,7/24/24,,,32.8,11.334,10,65,46,31,,2030,20,40600,,,,,,
BR,ALONE,NAVSQU,2,7/24/24,,,43.2,6.363,7,40,28,13,,535,20,10700,,,,,,
BR,ALONE,NAVSQU,3,7/24/24,,,35.1,3.443,5,19,34,15,,304,20,6080,,,,,,
BR,ALONE,NAVSQU,4,7/24/24,,,35.3,,1,18,,,,,20,0,,,,,,
BR,ALONE,NAVSQU,5,7/24/24,,,40.6,,8,51,,,,,20,0,,,,,,
BR,ALONE,NAVSQU,6,7/24/24,,,36.9,4.735,8,31,18,13,,408,20,8160,,,,,,
BR,ALONE,NAVSQU,7,7/24/24,,,38.7,4.934,4,18,29,21,,386,20,7720,,,,,,
BR,ALONE,NAVSQU,8,7/24/24,,,35.6,6.517,7,26,34,16,,434,20,8680,,,,,,
BR,ALONE,NAVSQU,9,7/24/24,,,13.7,0.889,4,11,16,5,,66,20,1320,,,,,,
BR,ALONE,NAVSQU,10,7/24/24,,,43.2,4.321,3,18,28,21,,385,20,7700,,,,,,
BR,DIVERSE,NAVSQU,1,7/24/24,4,C2,29.7,0.582,1,2,26,3,,29,20,580,,,,,,
BR,DIVERSE,NAVSQU,2,7/25/24,9,C2,27.6,0.435,1,1,33,0,,33,20,660,,,,,,
BR,DIVERSE,NAVSQU,3,7/24/24,4,B2,44.1,1.561,1,11,22,11,,132,20,2640,,,,,,
BR,DIVERSE,NAVSQU,4,7/24/24,1,A1,6.7,,,1,,,,,20,0,,,,,,
BR,DIVERSE,NAVSQU,5,7/24/24,1,C3,13.9,,,1,,,,,20,0,,,,,,
BR,DIVERSE,NAVSQU,6,7/24/24,2,D5,10.9,,1,1,,,,,20,0,,,,,,
BR,DIVERSE,NAVSQU,7,7/24/24,2,E4,9.5,,1,1,,,,,20,0,,,,,,
BR,DIVERSE,NAVSQU,8,7/24/24,2,C3,4.8,,1,1,,,,,20,0,,,,,,
BR,DIVERSE,NAVSQU,9,7/24/24,3,D4,23.6,,1,3,,,,,20,0,,,,,,
BR,DIVERSE,NAVSQU,10,7/24/24,3,E3,23.2,0.532,1,4,24,4,,36,20,720,,,,,,
BR,DIVERSE,NAVSQU,11,7/24/24,4,D2,5.7,,1,1,,,,,20,0,,,,,,
BR,DIVERSE,NAVSQU,12,7/24/24,4,E1,18.4,,1,1,,,,,20,0,,,,,,
BR,DIVERSE,NAVSQU,13,7/24/24,4,D4,10.9,0.037,1,1,5,0,,5,20,100,,,,,,
BR,DIVERSE,NAVSQU,13,7/24/24,4,D3,6.1,,1,1,,,,,20,0,,,,,,
BR,DIVERSE,NAVSQU,14,7/25/24,5,A1,24.7,,1,2,,,,,20,0,,,,,,
BR,DIVERSE,NAVSQU,15,7/25/24,5,B2,15.6,0.151,,1,15,0,,15,20,300,,,,,,
BR,DIVERSE,NAVSQU,16,7/25/24,5,A5,17.6,,,1,,,,,20,0,,,,,,
BR,DIVERSE,NAVSQU,17,7/25/24,12,D5,9.9,,1,1,,,,,20,0,,,,,,
BR,DIVERSE,NAVSQU,18,7/25/24,12,C4,31.0,,1,3,,,,,20,0,,,,,,
BR,DIVERSE,NAVSQU,19,7/25/24,12,A4,38.5,0.664,1,1,32,2,,32,20,640,,,,,,
BR,DIVERSE,NAVSQU,20,7/25/24,9,B1,10.5,,1,1,,,,,20,0,,,,,,
BR,DIVERSE,NAVSQU,21,7/25/24,9,E3,27.4,,1,5,,,,,20,0,,,,,,
BR,DIVERSE,NAVSQU,22,7/25/24,9,B4,27.6,,2,2,,,,,20,0,,,,,,
BR,DIVERSE,NAVSQU,23,7/25/24,9,C5,22.4,,,1,,,,,20,0,,,,,,
BR,DIVERSE,NAVSQU,24,7/25/24,13,D4,8.1,,1,1,,,,,20,0,,,,,,
BR,DIVERSE,NAVSQU,25,7/25/24,13,E2,33.0,,1,2,,,,,20,0,,,,,,
BR,DIVERSE,NAVSQU,26,7/25/24,13,B2,29.6,0.326,1,1,19,0,,19,20,380,,,,,,
BR,DIVERSE,NAVSQU,27,7/25/24,13,C1,22.9,,1,4,,,,,20,0,,,,,,
BR,DIVERSE,NAVSQU,28,7/25/24,12,E5,17.9,,1,1,,,,,20,0,,,,,,
RF,ALONE,NAVSQU,1,7/10/24,,,48.2,23.334,14,145,43,38,,5515,20,110300,,,,,,
RF,ALONE,NAVSQU,2,7/10/24,,,61.5,55.398,19,319,42,38,,12126,20,242520,,,,,,
RF,ALONE,NAVSQU,3,7/10/24,,,49.1,9.035,6,54,39,23,,1258,20,25160,,,,,,
RF,ALONE,NAVSQU,4,7/10/24,,,44.0,9.511,10,57,37,11,,653,20,13060,,,,,,
RF,ALONE,NAVSQU,5,7/10/24,,,55.7,14.219,10,85,44,12,,1052,20,21040,,,,,,
RF,ALONE,NAVSQU,6,7/10/24,,,49.5,13.960,10,59,43,29,,1725,20,34500,,,,,,
RF,ALONE,NAVSQU,7,7/10/24,,,52.1,,15,206,,,,,20,0,,,,,,
RF,ALONE,NAVSQU,8,7/10/24,,,52.5,9.718,7,51,38,14,,738,20,14760,,,,,,
RF,ALONE,NAVSQU,9,7/10/24,,,45.1,5.879,7,38,39,31,,1186,20,23720,,,,,,
RF,ALONE,NAVSQU,10,7/10/24,,,50.0,,10,157,,,,,20,0,,,,,,
RF,ALONE,NAVSQU,11,7/10/24,,,47.5,,7,51,,,,,20,0,,,,,,
RF,DIVERSE,NAVSQU,1,7/8/24,4,C4,10.7,0.052,1,1,9,0,,9,20,180,,,,,,
RF,DIVERSE,NAVSQU,2,7/4/24,1,C4,13.0,,1,1,,,,,20,0,,,,,,
RF,DIVERSE,NAVSQU,3,7/8/24,2,C3,9.0,0.019,1,1,5,0,,5,20,100,,,,,,
RF,DIVERSE,NAVSQU,4,7/4/24,1,A2,11.0,,1,1,,,,,20,0,,,,,,
RF,DIVERSE,NAVSQU,5,7/4/24,1,C1,32.9,0.275,1,1,13,0,,13,20,260,,,,,,
RF,DIVERSE,NAVSQU,6,7/8/24,2,B3,18.8,,1,1,,,,,20,0,,,,,,
RF,DIVERSE,NAVSQU,7,7/8/24,2,D2,25.2,0.111,1,1,12,0,,12,20,240,,,,,,
RF,DIVERSE,NAVSQU,8,7/8/24,3,B5,22.1,0.179,1,1,12,0,,12,20,240,,,,,,
RF,DIVERSE,NAVSQU,9,7/8/24,3,B5,7.1,0.013,1,1,3,0,,3,20,60,,,,,,
RF,DIVERSE,NAVSQU,10,7/8/24,4,A4,13.8,,1,1,,,,,20,0,,,,,,
RF,DIVERSE,NAVSQU,11,7/8/24,4,B5,16.5,0.116,1,1,12,0,,12,20,240,,,,,,
RF,DIVERSE,NAVSQU,12,7/8/24,4,C3,9.5,,1,1,,,,,20,0,,,,,,
RF,DIVERSE,NAVSQU,13,7/8/24,4,C1,8.2,0.133,1,1,5,0,,5,20,100,,,,,,
RF,DIVERSE,NAVSQU,14,7/8/24,4,D2,15.5,,1,1,,,,,20,0,,,,,,
RF,DIVERSE,NAVSQU,15,7/10/24,5,A5,11.6,,1,1,,,,,20,0,,,,,,
RF,DIVERSE,NAVSQU,16,7/10/24,5,A2,27.3,,,,,,,,20,0,,,,,,
RF,DIVERSE,NAVSQU,17,7/10/24,5,C3,16.1,,,,,,,,20,0,,,,,,
RF,DIVERSE,NAVSQU,18,7/10/24,6,A2,17.2,,,1,,,,,20,0,,,,,,
RF,DIVERSE,NAVSQU,19,7/10/24,6,D1,8.3,,1,1,,,,,20,0,,,,,,
SEM,ALONE,NAVSQU,1,7/18/24,,,28.5,7.713,7,52,43,26,,1369,20,27380,,,,,,
SEM,ALONE,NAVSQU,2,7/18/24,,,38.0,4.798,6,30,33,27,,816,20,16320,,,,,,
SEM,ALONE,NAVSQU,3,7/18/24,,,43.5,11.496,6,59,44,32,,1900,20,38000,,,,,,
SEM,ALONE,NAVSQU,4,7/18/24,,,38.4,5.632,5,42,40,14,,614,20,12280,,,,,,
SEM,ALONE,NAVSQU,5,7/18/24,,,40.1,,5,14,,,,,20,0,,,,,,
SEM,ALONE,NAVSQU,6,7/18/24,,,44.4,5.590,1,29,37,18,,541,20,10820,,,,,,
SEM,ALONE,NAVSQU,7,7/18/24,,,42.0,13.632,11,69,48,33,,2292,20,45840,,,,,,
SEM,ALONE,NAVSQU,8,7/18/24,,,27.3,0.998,1,10,25,8,,97,20,1940,,,,,,
SEM,ALONE,NAVSQU,9,7/18/24,,,40.0,7.398,9,50,44,38,,1906,20,38120,,,,,,
SEM,ALONE,NAVSQU,10,7/18/24,,,45.1,,10,85,,,,,20,0,,,,,,
SEM,DIVERSE,NAVSQU,1,7/22/24,6,D4,31.5,0.930,1,3,47,7,,61,20,1220,,,,,,
SEM,DIVERSE,NAVSQU,2,7/22/24,2,B1,27.0,0.580,1,1,21,0,,21,20,420,,,,,,
SEM,DIVERSE,NAVSQU,3,7/22/24,7,D4,14.6,0.122,1,1,12,0,,12,20,240,,,,,,
SEM,DIVERSE,NAVSQU,4,7/19/24,4,E5,51.6,,,18,,,,,20,0,,,,,,
SEM,DIVERSE,NAVSQU,5,7/19/24,4,C2,16.4,,,1,,,,,20,0,,,,,,
SEM,DIVERSE,NAVSQU,6,7/19/24,4,B2,5.1,0.152,1,1,,,,,20,0,,,,,,
SEM,DIVERSE,NAVSQU,7,7/19/24,1,E3,19.0,0.207,1,1,8,0,,8,20,160,,,,,,
SEM,DIVERSE,NAVSQU,8,7/19/24,1,D3,11.0,,1,1,,,,,20,0,,,,,,
SEM,DIVERSE,NAVSQU,9,7/19/24,1,C2,39.0,,1,10,,,,,20,0,,,,,,
SEM,DIVERSE,NAVSQU,10,7/19/24,4,B5,19.9,,1,1,,,,,20,0,,,,,,
SEM,DIVERSE,NAVSQU,11,7/19/24,1,B2,19.0,,1,1,,,,,20,0,,,,,,
SEM,DIVERSE,NAVSQU,12,7/19/24,1,A1,19.9,,1,1,,,,,20,0,,,,,,
SEM,DIVERSE,NAVSQU,13,7/19/24,1,C3,12.6,,1,1,,,,,20,0,,,,,,
SEM,DIVERSE,NAVSQU,14,7/19/24,3,E4,54.2,,11,89,,,,,20,0,this high fruit count is real. Collected from edge of plot,,,,,
SEM,DIVERSE,NAVSQU,15,7/19/24,3,C1,22.0,,1,1,,,,,20,0,,,,,,
SEM,DIVERSE,NAVSQU,16,7/19/24,3,B4,12.6,,1,1,,,,,20,0,,,,,,
SEM,DIVERSE,NAVSQU,17,7/19/24,3,A5,15.2,,,1,,,,,20,0,,,,,,
SEM,DIVERSE,NAVSQU,18,7/19/24,3,A4,6.5,0.009,,1,2,0,,2,20,40,,,,,,
SEM,DIVERSE,NAVSQU,19,7/19/24,8,A2,26.1,,1,3,,,,,20,0,,,,,,
SEM,DIVERSE,NAVSQU,20,7/19/24,8,A5,22.2,,1,1,,,,,20,0,,,,,,
SEM,DIVERSE,NAVSQU,21,7/19/24,8,C5,14.5,,1,1,,,,,20,0,,,,,,
SEM,DIVERSE,NAVSQU,22,7/22/24,2,D2,40.9,,1,13,,,,,20,0,,,,,,
SEM,DIVERSE,NAVSQU,23,7/22/24,2,B5,9.4,,1,1,,,,,20,0,,,,,,
SEM,DIVERSE,NAVSQU,24,7/22/24,2,A1,22.3,,1,1,,,,,20,0,,,,,,
SEM,DIVERSE,NAVSQU,25,7/22/24,6,A2,17.8,,1,1,,,,,20,0,,,,,,
SEM,DIVERSE,NAVSQU,26,7/22/24,6,C2,22.6,0.325,,1,13,0,,13,20,260,,,,,,
SEM,DIVERSE,NAVSQU,27,7/22/24,6,E4,23.3,,1,1,,,,,20,0,,,,,,
SEM,DIVERSE,NAVSQU,28,7/22/24,5,E5,27.2,,,2,,,,,20,0,,,,,,
SEM,DIVERSE,NAVSQU,29,7/22/24,5,D3,31.4,0.066,1,2,28,4,,32,20,640,,,,,,
SEM,DIVERSE,NAVSQU,30,7/22/24,5,B2,11.2,,1,1,,,,,20,0,,,,,,
SEM,DIVERSE,NAVSQU,31,7/22/24,5,C1,32.7,,1,3,,,,,20,0,,,,,,
SEM,DIVERSE,NAVSQU,32,7/22/24,7,A5,17.2,,1,1,,,,,20,0,,,,,,
SEM,DIVERSE,NAVSQU,33,7/22/24,7,E4,22.3,,1,1,,,,,20,0,,,,,,
SEM,DIVERSE,NAVSQU,34,7/22/24,7,D2,8.9,,1,1,,,,,20,0,,,,,,
SEM,DIVERSE,NAVSQU,35,7/22/24,7,A4,18.4,,1,1,,,,,20,0,,,,,,
SEM,DIVERSE,NAVSQU,36,7/19/24,1,D5,15.8,0.223,1,2,11,6,,17,20,340,,,,,,
WIR,ALONE,NAVSQU,1,7/12/24,,,40.0,11.504,,56,33,7,,418,20,8360,,,,,,
WIR,ALONE,NAVSQU,2,7/12/24,,,52.0,25.258,,132,30,8,,1078,20,21560,,,,,,
WIR,ALONE,NAVSQU,3,7/12/24,,,49.0,36.033,,191,35,12,,2315,20,46300,,,,,,
WIR,ALONE,NAVSQU,4,7/12/24,,,53.0,,,157,,,,,20,0,,,,,,
WIR,ALONE,NAVSQU,5,7/12/24,,,52.0,29.674,,154,27,8,,1251,20,25020,,,,,,
WIR,ALONE,NAVSQU,6,7/12/24,,,50.0,14.817,,91,40,12,,1120,20,22400,,,,,,
WIR,ALONE,NAVSQU,7,7/12/24,,,55.0,26.928,,159,26,17,,2712,20,54240,,,,,,
WIR,ALONE,NAVSQU,8,7/12/24,,,57.0,24.536,,102,38,22,,2260,20,45200,,,,,,
WIR,ALONE,NAVSQU,9,7/12/24,,,45.0,13.237,,71,35,10,,735,20,14700,,,,,,
WIR,ALONE,NAVSQU,10,7/12/24,,,47.0,,,69,,,,,20,0,,,,,,
WIR,DIVERSE,NAVSQU,1,7/17/24,4,B1,28.1,0.684,,2,29,2,,31,20,620,,,,,,
WIR,DIVERSE,NAVSQU,2,7/15/24,1,A1,6.8,0.031,1,1,4,0,,4,20,80,,,,,,
WIR,DIVERSE,NAVSQU,3,7/15/24,5,C1,23.9,0.426,1,1,17,0,,17,20,340,,,,,,
WIR,DIVERSE,NAVSQU,4,7/12/24,1,D1,12.1,,1,1,,,,,20,0,,,,,,
WIR,DIVERSE,NAVSQU,5,7/12/24,1,E3,17.2,,1,1,,,,,20,0,,,,,,
WIR,DIVERSE,NAVSQU,6,7/12/24,1,A4,10.6,,1,2,,,,,20,0,,,,,,
WIR,DIVERSE,NAVSQU,7,7/15/24,2,E5,11.3,,1,1,,,,,20,0,,,,,,
WIR,DIVERSE,NAVSQU,8,7/15/24,2,B3,8.1,,1,2,,,,,20,0,,,,,,
WIR,DIVERSE,NAVSQU,9,7/15/24,2,C1,19.5,0.233,1,8,11,0,,11,20,220,,,,,,
WIR,DIVERSE,NAVSQU,10,7/15/24,2,B1,25.4,,1,1,,,,,20,0,,,,,,
WIR,DIVERSE,NAVSQU,11,7/15/24,3,E2,17.3,,1,1,,,,,20,0,,,,,,
WIR,DIVERSE,NAVSQU,12,7/15/24,3,E1,14.9,,1,1,,,,,20,0,,,,,,
WIR,DIVERSE,NAVSQU,13,7/15/24,3,D1,9.6,,1,1,,,,,20,0,,,,,,
WIR,DIVERSE,NAVSQU,14,7/15/24,3,B1,7.5,,1,1,,,,,20,0,,,,,,
WIR,DIVERSE,NAVSQU,15,7/15/24,5,E5,25.8,,1,4,,,,,20,0,,,,,,
WIR,DIVERSE,NAVSQU,16,7/15/24,3,C1,23.5,,1,1,,,,,20,0,,,,,,
WIR,DIVERSE,NAVSQU,17,7/15/24,5,E3,17.8,,1,1,,,,,20,0,,,,,,
WIR,DIVERSE,NAVSQU,18,7/15/24,5,D4,13.1,,1,1,,,,,20,0,,,,,,
WIR,DIVERSE,NAVSQU,19,7/15/24,5,C2,14.8,,1,,,,,,20,0,,,,,,
WIR,DIVERSE,NAVSQU,20,7/15/24,5,A2,11.0,,,1,,,,,20,0,,,,,,
WIR,DIVERSE,NAVSQU,21,7/15/24,5,C4,22.2,,1,1,,,,,20,0,,,,,,
WIR,DIVERSE,NAVSQU,22,7/15/24,5,A3,22.0,,,2,,,,,20,0,,,,,,
WIR,DIVERSE,NAVSQU,23,7/17/24,6,A3,20.2,0.263,1,1,21,0,,21,20,420,,,,,,
WIR,DIVERSE,NAVSQU,24,7/17/24,6,D2,13.9,0.700,1,1,6,0,,6,20,120,,,,,,
WIR,DIVERSE,NAVSQU,25,7/17/24,6,E5,24.1,,1,,,,,,20,0,,,,,,
WIR,DIVERSE,NAVSQU,26,7/17/24,4,A1,31.6,,,6,,,,,20,0,,,,,,
WIR,DIVERSE,NAVSQU,27,7/17/24,4,D1,16.5,,,1,,,,,20,0,,,,,,
WIR,DIVERSE,NAVSQU,28,7/17/24,7,D3,12.2,0.081,,1,6,0,,6,20,120,,,,,,
WIR,DIVERSE,NAVSQU,29,7/17/24,7,B2,8.8,,,1,,,,,20,0,,,,,,
WIR,DIVERSE,NAVSQU,30,7/17/24,11,A5,14.2,0.104,,1,7,0,,7,20,140,,,,,,
WIR,DIVERSE,NAVSQU,31,7/17/24,11,A4,23.4,,,4,,,,,20,0,,,,,,
WIR,DIVERSE,NAVSQU,32,7/17/24,11,D1,21.8,,,1,,,,,20,0,,,,,,
WIR,DIVERSE,NAVSQU,33,7/17/24,9,D1,16.4,,,1,,,,,20,0,,,,,,
WIR,DIVERSE,NAVSQU,34,7/17/24,9,D5,7.8,,,1,,,,,20,0,,,,,,
WIR,DIVERSE,NAVSQU,35,7/17/24,9,A2,18.2,,,1,,,,,20,0,,,,,,
WIR,DIVERSE,NAVSQU,36,7/17/24,9,B1,5.2,,,1,,,,,20,0,,,,,,
WIR,DIVERSE,NAVSQU,37,7/17/24,9,D2,12.6,,,1,,,,,20,0,,,,,,
WIR,DIVERSE,NAVSQU,38,7/17/24,9,A5,14.3,,,1,,,,,20,0,,,,,,
WIR,DIVERSE,NAVSQU,39,7/17/24,8,B4,19.0,,,1,,,,,20,0,,,,,,
BR,ALONE,PLAFIG,1,6/25/24,,,17.3,,1,,,,,23,4,92,,,,,,
BR,ALONE,PLAFIG,2,6/25/24,,,15.4,,1,,,,,59,4,236,,,,,,
BR,ALONE,PLAFIG,4,6/25/24,,,20.9,,1,,,,,107,4,428,,,,,,
BR,ALONE,PLAFIG,5,6/25/24,,,25.6,,1,,,,,112,4,448,,,,,,
BR,ALONE,PLAFIG,6,6/25/24,,,20.6,,1,,,,,132,4,528,,,,,,
BR,ALONE,PLAFIG,7,6/25/24,,,19.3,,1,,,,,217,4,868,,,,,,
BR,ALONE,PLAFIG,8,6/25/24,,,15.1,,1,,,,,85,4,340,,,,,,
BR,ALONE,PLAFIG,9,6/25/24,,,19.6,,1,,,,,71,4,284,,,,,,
BR,ALONE,PLAFIG,10,6/25/24,,,21.0,,1,,,,,66,4,264,,,,,,
BR,ALONE,PLAFIG,11,6/25/24,,,11.0,,1,,,,,15,4,60,,,,,,
BR,DIVERSE,PLAFIG,1,7/25/24,9,D2,,0.003,1,,,,,4,4,16,,,,,,
BR,DIVERSE,PLAFIG,3,7/25/24,11,D2,,0.007,1,,,,,6,4,24,,,,,,
BR,DIVERSE,PLAFIG,4,7/24/24,1,C3,,0.005,,,,,,4,4,16,,,,,,
BR,DIVERSE,PLAFIG,5,7/24/24,1,A4,,0.005,,,,,,12,4,48,,,,,,
BR,DIVERSE,PLAFIG,5,7/24/24,3,D1,,0.024,,,,,,4,4,16,,,,,,
BR,DIVERSE,PLAFIG,6,7/24/24,3,D1,,0.019,,,,,,8,4,32,,,,,,
BR,DIVERSE,PLAFIG,7,7/24/24,3,E2,,0.006,1,,,,,3,4,12,,,,,,
BR,DIVERSE,PLAFIG,8,7/24/24,3,D2,,0.006,1,,,,,3,4,12,,,,,,
BR,DIVERSE,PLAFIG,9,7/24/24,4,C5,,,,,,,,2,4,8,,,,,,
BR,DIVERSE,PLAFIG,10,7/24/24,4,E5,,,1,,,,,3,4,12,,,,,,
BR,DIVERSE,PLAFIG,11,7/25/24,12,E3,,,1,,,,,26,4,104,,,,,,
BR,DIVERSE,PLAFIG,12,7/25/24,5,D5,,,,,,,,3,4,12,,,,,,
BR,DIVERSE,PLAFIG,13,7/25/24,5,B5,,,,,,,,14,4,56,,,,,,
BR,DIVERSE,PLAFIG,14,7/25/24,12,C5,,,,,,,,2,4,8,,,,,,
BR,DIVERSE,PLAFIG,15,7/25/24,12,B1,,,,,,,,1,4,4,,,,,,
BR,DIVERSE,PLAFIG,16,7/25/24,13,D3,,,,,,,,8,4,32,,,,,,
BR,DIVERSE,PLAFIG,18,7/25/24,9,B3,,,,,,,,2,4,8,,,,,,
BR,DIVERSE,PLAFIG,19,7/25/24,9,C2,,,,,,,,3,4,12,,,,,,
BR,DIVERSE,PLAFIG,20,7/25/24,9,A1,,,,,,,,3,4,12,,,,,,
BR,DIVERSE,PLAFIG,21,7/25/24,9,D4,,,,,,,,4,4,16,,,,,,
BR,DIVERSE,PLAFIG,22,7/25/24,13,A3,,,,,,,,8,4,32,,,,,,
RF,ALONE,PLAFIG,1,6/28/24,,,58.1,,9,,,,,1128,4,4512,,,,,,
RF,ALONE,PLAFIG,2,6/28/24,,,62.1,,8,,,,,1977,4,7908,,,,,,
RF,ALONE,PLAFIG,3,6/28/24,,,41.1,,5,,,,,269,4,1076,,,,,,
RF,ALONE,PLAFIG,4,6/28/24,,,49.8,,11,,,,,811,4,3244,,,,,,
RF,ALONE,PLAFIG,5,6/28/24,,,66.7,,10,,,,,2523,4,10092,,,,,,
RF,ALONE,PLAFIG,6,6/28/24,,,56.3,,8,,,,,1233,4,4932,,,,,,
RF,ALONE,PLAFIG,7,6/28/24,,,55.6,,6,,,,,421,4,1684,,,,,,
RF,ALONE,PLAFIG,8,6/28/24,,,38.7,,5,,,,,286,4,1144,,,,,,
RF,ALONE,PLAFIG,9,6/28/24,,,44.0,,10,,,,,846,4,3384,,,,,,
RF,ALONE,PLAFIG,10,6/28/24,,,44.1,,6,,,,,314,4,1256,,,,,,
RF,DIVERSE,PLAFIG,1,7/10/24,4,E2,,,1,,,,,18,4,72,,,,,,
RF,DIVERSE,PLAFIG,2,7/8/24,3,E1,,,1,,,,,46,4,184,,,,,,
RF,DIVERSE,PLAFIG,3,7/10/24,1,A5,,,1,,,,,42,4,168,,,,,,
RF,DIVERSE,PLAFIG,4,7/4/24,1,E4,32.9,,1,,,,,33,4,132,,,,,,
RF,DIVERSE,PLAFIG,5,7/4/24,1,A4,,,1,,,,,18,4,72,,,,,,
RF,DIVERSE,PLAFIG,6,7/4/24,1,C3,,,1,,,,,12,4,48,,,,,,
RF,DIVERSE,PLAFIG,7,7/8/24,2,B4,,,1,,,,,37,4,148,,,,,,
RF,DIVERSE,PLAFIG,8,7/8/24,2,D3,,,1,,,,,19,4,76,,,,,,
RF,DIVERSE,PLAFIG,9,7/8/24,2,B4,,,1,,,,,17,4,68,,,,,,
RF,DIVERSE,PLAFIG,10,7/8/24,2,B2,,,1,,,,,7,4,28,,,,,,
RF,DIVERSE,PLAFIG,11,7/8/24,2,A2,,,1,,,,,13,4,52,,,,,,
RF,DIVERSE,PLAFIG,12,7/8/24,3,D3,,,1,,,,,42,4,168,,,,,,
RF,DIVERSE,PLAFIG,13,7/8/24,3,A4,,,1,,,,,6,4,24,,,,,,
RF,DIVERSE,PLAFIG,14,7/8/24,4,E3,,,1,,,,,39,4,156,,,,,,
RF,DIVERSE,PLAFIG,15,7/8/24,4,D5,,,1,,,,,16,4,64,,,,,,
RF,DIVERSE,PLAFIG,16,7/8/24,4,C3,,,1,,,,,20,4,80,,,,,,
RF,DIVERSE,PLAFIG,17,7/8/24,4,C3,,,1,,,,,8,4,32,,,,,,
RF,DIVERSE,PLAFIG,18,7/10/24,5,E4,,,,,,,,39,4,156,,,,,,
RF,DIVERSE,PLAFIG,19,7/10/24,5,B3,,,8,,,,,178,4,712,,,,,,
RF,DIVERSE,PLAFIG,20,7/10/24,6,C2,,,1,,,,,22,4,88,,,,,,
RF,DIVERSE,PLAFIG,21,7/10/24,6,C3,,,1,,,,,70,4,280,,,,,,
SEM,ALONE,PLAFIG,1,7/18/24,,,,,,,,,,724,4,2896,,,,,,
SEM,ALONE,PLAFIG,2,7/18/24,,,,,,,,,,466,4,1864,,,,,,
SEM,ALONE,PLAFIG,3,7/18/24,,,,,,,,,,1705,4,6820,,,,,,
SEM,ALONE,PLAFIG,4,7/18/24,,,,,,,,,,179,4,716,,,,,,
SEM,ALONE,PLAFIG,5,7/18/24,,,,,,,,,,113,4,452,,,,,,
SEM,ALONE,PLAFIG,6,7/18/24,,,,,,,,,,565,4,2260,,,,,,
SEM,ALONE,PLAFIG,7,7/18/24,,,,,,,,,,544,4,2176,,,,,,
SEM,ALONE,PLAFIG,8,7/18/24,,,,,,,,,,688,4,2752,,,,,,
SEM,ALONE,PLAFIG,9,7/18/24,,,,,,,,,,732,4,2928,,,,,,
SEM,ALONE,PLAFIG,10,7/18/24,,,,,,,,,,297,4,1188,,,,,,
SEM,ALONE,PLAFIG,11,7/18/24,,,,,,,,,,1055,4,4220,,,,,,
SEM,DIVERSE,PLAFIG,1,7/19/24,1,C1,,0.120,1,,,,,26,4,104,,,,,,
SEM,DIVERSE,PLAFIG,2,7/22/24,5,B1,,0.052,1,,,,,3,4,12,,,,,,
SEM,DIVERSE,PLAFIG,3,7/22/24,2,C5,,0.055,,,,,,28,4,112,,,,,,
SEM,DIVERSE,PLAFIG,4,7/19/24,1,C5,,0.093,1,,,,,25,4,100,,,,,,
SEM,DIVERSE,PLAFIG,5,7/19/24,4,D2,,0.011,,,,,,4,4,16,,,,,,
SEM,DIVERSE,PLAFIG,6,7/19/24,1,B5,,,1,,,,,32,4,128,,,,,,
SEM,DIVERSE,PLAFIG,7,7/19/24,1,E2,,0.047,1,,,,,12,4,48,,,,,,
SEM,DIVERSE,PLAFIG,8,7/19/24,4,D5,,0.017,,,,,,2,4,8,,,,,,
SEM,DIVERSE,PLAFIG,9,7/19/24,2,E4,,0.060,1,,,,,38,4,152,,,,,,
SEM,DIVERSE,PLAFIG,10,7/19/24,8,B5,,,,,,,,6,4,24,,,,,,
SEM,DIVERSE,PLAFIG,11,7/22/24,6,C3,,,,,,,,5,4,20,,,,,,
SEM,DIVERSE,PLAFIG,12,7/22/24,7,A1,,,1,,,,,4,4,16,,,,,,
SEM,DIVERSE,PLAFIG,13,7/22/24,7,A2,,,1,,,,,4,4,16,,,,,,
SEM,DIVERSE,PLAFIG,14,7/22/24,7,A2,,,1,,,,,20,4,80,,,,,,
SEM,DIVERSE,PLAFIG,15,7/19/24,3,D1,,,1,,,,,39,4,156,,,,,,
WIR,ALONE,PLAFIG,1,7/2/24,,,43.2,,7,,,,,2030,4,8120,,,,,,
WIR,ALONE,PLAFIG,2,7/2/24,,,35.8,,6,,,,,1307,4,5228,,,,,,
WIR,ALONE,PLAFIG,3,7/2/24,,,33.5,,8,,,,,1136,4,4544,,,,,,
WIR,ALONE,PLAFIG,4,7/2/24,,,30.5,,4,,,,,1062,4,4248,,,,,,
WIR,ALONE,PLAFIG,5,7/2/24,,,44.3,,7,,,,,1073,4,4292,,,,,,
WIR,ALONE,PLAFIG,6,7/2/24,,,31.5,,8,,,,,915,4,3660,,,,,,
WIR,ALONE,PLAFIG,7,7/2/24,,,49.6,,5,,,,,1721,4,6884,,,,,,
WIR,ALONE,PLAFIG,8,7/2/24,,,37.8,,7,,,,,471,4,1884,,,,,,
WIR,ALONE,PLAFIG,9,7/2/24,,,32.7,,6,,,,,712,4,2848,,,,,,
WIR,ALONE,PLAFIG,10,7/2/24,,,33.5,,14,,,,,408,4,1632,,,,,,
BR,ALONE,PLECON,1,6/25/24,,,34.8,,1,23,,,,,,980,,,,,,
BR,ALONE,PLECON,2,6/25/24,,,31.5,,1,22,,,,,,976,,,,,,
BR,ALONE,PLECON,3,7/24/24,,,6.0,,1,,,,,,,0,BT,,,,,
BR,ALONE,PLECON,4,7/2/24,,,26.0,,1,11,,,,,,488,,,,,,
BR,ALONE,PLECON,5,6/25/24,,,25.5,,1,15,,,,,,630,,,,,,
BR,ALONE,PLECON,6,6/25/24,,,24.1,,1,9,,,,,,417,,,,,,
BR,ALONE,PLECON,7,7/2/24,,,8.6,,1,3,,,,,,95,,,,,,
BR,ALONE,PLECON,8,6/25/24,,,13.3,,1,3,,,,,,95,,,,,,
BR,ALONE,PLECON,9,6/25/24,,,20.6,,1,16,,,,,,677,,,,,,
BR,ALONE,PLECON,10,7/2/24,,,28.0,,1,7,,,,,,303,,,,,,
BR,DIVERSE,PLECON,1,7/25/24,6,,18.3,0.015,1,2,,,,,,48,no subplot recorded,,,,,
BR,DIVERSE,PLECON,3,7/25/24,9,D5,20.5,0.086,2,4,,,,,,119,,,,,,
BR,DIVERSE,PLECON,4,7/24/24,1,B1,8.3,0.070,,2,,,,,,48,BT,,,,,
BR,DIVERSE,PLECON,5,7/24/24,1,D4,16.4,0.004,,2,,,,,,48,,,,,,
BR,DIVERSE,PLECON,6,7/24/24,2,B1,27.9,0.097,,5,,,,,,189,,,,,,
BR,DIVERSE,PLECON,7,7/24/24,2,C5,19.8,0.007,1,2,,,,,,48,,,,,,
BR,DIVERSE,PLECON,8,7/24/24,2,A2,17.1,,1,10,,,,,,375,too small,,,,,
BR,DIVERSE,PLECON,9,7/24/24,2,A1,24.1,0.480,1,4,,,,,,119,,,,,,
BR,DIVERSE,PLECON,10,7/24/24,3,B1,18.4,,1,4,,,,,,119,,,,,,
BR,DIVERSE,PLECON,11,7/24/24,3,B2,23.1,,1,4,,,,,,119,,,,,,
BR,DIVERSE,PLECON,12,7/24/24,4,B3,18.8,,1,2,,,,,,48,,,,,,
BR,DIVERSE,PLECON,13,7/25/24,5,E1,11.6,,1,2,,,,,,48,,,,,,
BR,DIVERSE,PLECON,14,7/25/24,9,A1,14.1,,1,3,,,,,,95,,,,,,
BR,DIVERSE,PLECON,15,7/25/24,12,D5,13.7,,1,2,,,,,,48,,,,,,
BR,DIVERSE,PLECON,16,7/25/24,13,D5,18.5,,1,6,,,,,,322,,,,,,
BR,DIVERSE,PLECON,17,7/25/24,13,A5,18.7,,1,3,,,,,,95,,,,,,
BR,DIVERSE,PLECON,18,7/25/24,9,D1,14.1,,,4,,,,,,119,,,,,,
BR,DIVERSE,PLECON,19,7/25/24,9,E1,11.5,,,2,,,,,,48,,,,,,
BR,DIVERSE,PLECON,20,7/25/24,9,A3,18.4,,1,2,,,,,,48,,,,,,
BR,DIVERSE,PLECON,21,7/25/24,9,B5,24.2,,,2,,,,,,48,,,,,,
BR,DIVERSE,PLECON,22,7/25/24,9,D5,20.1,,,2,,,,,,48,,,,,,
BR,DIVERSE,PLECON,23,7/25/24,13,C3,30.5,,1,5,,,,,,189,,,,,,
RF,ALONE,PLECON,1,6/25/24,,,47.8,,1,190,,,,,,8245,BS main stem,,,,,
RF,ALONE,PLECON,2,6/25/24,,,45.5,,1,62,,,,,,2634,,,,,,
RF,ALONE,PLECON,3,6/25/24,,,51.5,,1,113,,,,,,4869,,,,,,
RF,ALONE,PLECON,4,6/25/24,,,55.9,,1,204,,,,,,8983,,,,,,
RF,ALONE,PLECON,5,6/25/24,,,46.2,,1,31,,,,,,1416,,,,,,
RF,ALONE,PLECON,6,6/25/24,,,50.5,,1,219,,,,,,9524,,,,,,
RF,ALONE,PLECON,7,6/25/24,,,42.7,,1,86,,,,,,3727,,,,,,
RF,ALONE,PLECON,8,6/25/24,,,60.5,,1,152,,,,,,6638,,,,,,
RF,ALONE,PLECON,9,6/25/24,,,56.1,,1,163,,,,,,7080,,,,,,
RF,ALONE,PLECON,10,6/25/24,,,51.6,,1,280,,,,,,12223,,,,,,
RF,ALONE,PLECON,11,6/25/24,,,35.4,,1,30,,,,,,1237,,,,,,
RF,DIVERSE,PLECON,1,7/4/24,1,D5,22.0,,1,3,,,,,,95,,,,,,
RF,DIVERSE,PLECON,2,7/10/24,5,D1,34.3,,1,15,,,,,,607,,,,,,
RF,DIVERSE,PLECON,3,7/8/24,2,D1,28.5,,1,4,,,,,,119,,,,,,
RF,DIVERSE,PLECON,4,7/4/24,1,D3,41.2,,1,10,,,,,,421,,,,,,
RF,DIVERSE,PLECON,5,7/4/24,1,A5,41.5,,1,4,,,,,,119,,,,,,
RF,DIVERSE,PLECON,5,7/10/24,5,D1,22.1,,,3,,,,,,95,,,,,,
RF,DIVERSE,PLECON,6,7/4/24,1,A4,48.7,,1,4,,,,,,119,,,,,,
RF,DIVERSE,PLECON,7,7/4/24,1,C5,45.0,,1,11,,,,,,422,,,,,,
RF,DIVERSE,PLECON,8,7/8/24,2,A1,42.0,,1,2,,,,,,48,,,,,,
RF,DIVERSE,PLECON,9,7/8/24,3,C5,50.2,,1,7,,,,,,303,,,,,,
RF,DIVERSE,PLECON,10,7/8/24,3,B5,22.4,,1,3,,,,,,95,,,,,,
RF,DIVERSE,PLECON,11,7/8/24,4,E1,29.5,,1,5,,,,,,189,,,,,,
RF,DIVERSE,PLECON,12,7/8/24,4,D1,48.1,,1,5,,,,,,232,,,,,,
RF,DIVERSE,PLECON,13,7/8/24,4,E2,18.6,,1,3,,,,,,95,,,,,,
RF,DIVERSE,PLECON,14,7/8/24,4,C3,25.2,,1,4,,,,,,119,,,,,,
RF,DIVERSE,PLECON,15,7/10/24,5,D1,22.1,,1,3,,,,,,95,,,,,,
RF,DIVERSE,PLECON,16,7/10/24,5,E3,41.2,,,4,,,,,,119,,,,,,
RF,DIVERSE,PLECON,17,7/10/24,5,B3,23.0,,,3,,,,,,95,,,,,,
RF,DIVERSE,PLECON,18,7/10/24,6,E1,24.4,,1,2,,,,,,48,,,,,,
RF,DIVERSE,PLECON,19,7/10/24,6,D3,22.1,,,2,,,,,,48,,,,,,
SEM,ALONE,PLECON,1,6/25/24,,,37.4,,1,15,,,,,,607,,,,,,
SEM,ALONE,PLECON,4,6/25/24,,,24.1,,1,25,,,,,,1137,,,,,,
SEM,ALONE,PLECON,5,6/25/24,,,21.4,,1,32,,,,,,1417,,,,,,
SEM,ALONE,PLECON,6,6/25/24,,,20.5,,1,58,,,,,,2469,,,,,,
SEM,ALONE,PLECON,7,6/25/24,,,18.1,,1,7,,,,,,303,,,,,,
SEM,ALONE,PLECON,8,7/18/24,,,25.2,,1,35,,,,,,1535,,,,,,
SEM,ALONE,PLECON,9,7/18/24,,,33.1,,1,40,,,,,,1701,,,,,,
SEM,ALONE,PLECON,10,6/25/24,,,15.6,,1,10,,,,,,375,,,,,,
SEM,DIVERSE,PLECON,2,7/19/24,2,C1,33.4,,1,0,,,,,,0,,,,,,
SEM,DIVERSE,PLECON,4,7/19/24,1,C5,16.8,0.067,1,5,,,,,,189,,,,,,
SEM,DIVERSE,PLECON,5,7/19/24,1,A4,20.1,0.065,1,3,,,,,,95,,,,,,
SEM,DIVERSE,PLECON,6,7/19/24,4,D2,5.7,0.019,1,2,,,,,,48,,,,,,
SEM,DIVERSE,PLECON,7,7/19/24,2,A4,22.4,0.050,1,3,,,,,,95,,,,,,
SEM,DIVERSE,PLECON,8,7/22/24,5,C3,6.1,,2,0,,,,,,0,,,,,,
WIR,ALONE,PLECON,1,6/25/24,,,15.7,,42,1,,,,,,47,,,,,,
WIR,ALONE,PLECON,2,6/25/24,,,24.5,,1,8,,,,,,350,,,,,,
WIR,ALONE,PLECON,3,7/2/24,,,10.0,,1,5,,,,,,189,,,,,,
WIR,ALONE,PLECON,4,6/25/24,,,15.9,,1,13,,,,,,559,,,,,,
WIR,ALONE,PLECON,5,6/25/24,,,24.2,,1,33,,,,,,1398,,,,,,
WIR,ALONE,PLECON,6,6/25/24,,,19.1,,1,31,,,,,,1393,,,,,,
WIR,ALONE,PLECON,7,6/25/24,,,38.1,,1,65,,,,,,2795,,,,,,
WIR,ALONE,PLECON,8,6/25/24,,,32.3,,1,75,,,,,,3302,,,,,,
WIR,DIVERSE,PLECON,1,7/15/24,2,C2,16.0,,1,6,,,,,,322,,,,,,
WIR,DIVERSE,PLECON,2,7/17/24,4,B2,29.3,0.139,,5,,,,,,189,,,,,,
WIR,DIVERSE,PLECON,4,7/12/24,1,E1,20.9,,1,2,,,,,,48,,,,,,
WIR,DIVERSE,PLECON,5,7/12/24,1,C2,11.4,,1,2,,,,,,48,,,,,,
WIR,DIVERSE,PLECON,6,7/12/24,1,C3,18.2,,1,1,,,,,,47,,,,,,
WIR,DIVERSE,PLECON,7,7/15/24,2,D3,14.4,0.060,1,3,,,,,,95,,,,,,
WIR,DIVERSE,PLECON,8,7/15/24,2,D2,15.5,0.062,1,4,,,,,,119,,,,,,
WIR,DIVERSE,PLECON,9,7/15/24,2,E2,13.3,0.056,1,2,,,,,,48,,,,,,
WIR,DIVERSE,PLECON,10,7/15/24,5,E1,13.2,0.057,1,2,,,,,,48,,,,,,
WIR,DIVERSE,PLECON,11,7/15/24,3,A3,25.8,0.167,1,2,,,,,,48,,,,,,
WIR,DIVERSE,PLECON,12,7/15/24,3,A4,17.7,,1,4,,,,,,119,,,,,,
WIR,DIVERSE,PLECON,13,7/15/24,3,D3,11.2,0.040,1,7,,,,,,303,,,,,,
WIR,DIVERSE,PLECON,14,7/15/24,3,A4,16.9,0.027,1,3,,,,,,95,,,,,,
WIR,DIVERSE,PLECON,15,7/17/24,2,C5,20.2,,1,7,,,,,,303,,,,,,
WIR,DIVERSE,PLECON,16,7/17/24,10,B4,11.5,,,3,,,,,,95,,,,,,
WIR,DIVERSE,PLECON,17,7/17/24,10,C3,16.1,,,3,,,,,,95,,,,,,