PARK,PLOT_TYPE,SPECIES,REP,DATE,PLOT,SUBPLOT,HEIGHT,BIOMASS,STEMS,TOTALINFL,TOPINFL_FR,SIDEINFL_FR,FR_PER_INFL,FINALFR,NOTES,,,
BR,DIVERSE,CLAPUR,1,7/25/2024,12,E1,22.2,0.138,1,,,,,3,BT,,,
BR,DIVERSE,CLAPUR,2,7/25/2024,5,E1,8.1,0.070,1,,,,,1,,,,
BR,DIVERSE,CLAPUR,3,7/25/2024,5,E5,9.4,0.058,1,,,,,2,,,,
BR,DIVERSE,CLAPUR,4,7/24/2024,1,B3,20.5,0.084,,,,,,2,,,,
BR,DIVERSE,CLAPUR,5,7/24/2024,1,C2,20.2,0.129,,,,,,3,,,,
BR,DIVERSE,CLAPUR,6,7/24/2024,1,D3,19.1,0.148,,,,,,2,,,,
BR,DIVERSE,CLAPUR,7,7/24/2024,1,E4,39.1,0.542,,,,,,7,,,,
BR,DIVERSE,CLAPUR,8,7/24/2024,2,E2,15.5,0.060,1,,,,,1,,,,
BR,DIVERSE,CLAPUR,9,7/24/2024,2,D2,10.7,0.017,1,,,,,1,,,,
BR,DIVERSE,CLAPUR,10,7/24/2024,2,E1,22.3,,1,,,,,1,,,,
BR,DIVERSE,CLAPUR,11,7/24/2024,2,C1,16.1,,3,,,,,6,,,,
BR,DIVERSE,CLAPUR,12,7/24/2024,3,E5,23.9,,2,,,,,5,,,,
BR,DIVERSE,CLAPUR,13,7/24/2024,3,D5,16.8,,1,,,,,2,,,,
BR,DIVERSE,CLAPUR,14,7/24/2024,3,E4,28.2,,1,,,,,4,,,,
BR,DIVERSE,CLAPUR,15,7/24/2024,4,B4,35.6,,1,,,,,5,,,,
BR,DIVERSE,CLAPUR,16,7/24/2024,4,D1,18.3,,1,,,,,1,,,,
BR,DIVERSE,CLAPUR,17,7/24/2024,4,D3,13.6,,1,,,,,5,,,,
BR,DIVERSE,CLAPUR,18,7/25/2024,5,D2,11.2,,,,,,,1,,,,
BR,DIVERSE,CLAPUR,19,7/25/2024,5,D4,27.8,,1,,,,,5,,,,
BR,DIVERSE,CLAPUR,20,7/25/2024,12,E2,14.5,,1,,,,,2,,,,
BR,DIVERSE,CLAPUR,21,7/25/2024,12,D4,18.2,,1,,,,,2,,,,
BR,DIVERSE,CLAPUR,22,7/25/2024,12,A1,36.5,,3,,,,,13,,,,
BR,DIVERSE,CLAPUR,23,7/25/2024,9,B2,25.1,,1,,,,,4,,,,
BR,DIVERSE,CLAPUR,24,7/25/2024,9,D3,12.1,,1,,,,,4,,,,
BR,DIVERSE,CLAPUR,25,7/25/2024,9,E4,15.9,,2,,,,,3,,,,
BR,DIVERSE,CLAPUR,26,7/25/2024,13,E5,31.8,,2,,,,,6,,,,
BR,DIVERSE,CLAPUR,27,7/25/2024,13,E4,14.6,,1,,,,,1,,,,
BR,DIVERSE,CLAPUR,28,7/25/2024,13,A4,24.0,,1,,,,,4,,,,
BR,DIVERSE,CLAPUR,29,7/25/2024,13,B1,15.1,,1,,,,,2,,,,
BR,DIVERSE,COLLIN,1,7/25/2024,5,C3,,0.034,1,,,,,2,,,,
BR,DIVERSE,COLLIN,2,7/24/2024,1,A1,,0.178,,,,,,19,,,,
BR,DIVERSE,COLLIN,4,7/24/2024,1,A2,,0.053,,,,,,5,,,,
BR,DIVERSE,COLLIN,5,7/24/2024,1,C1,,0.041,,,,,,5,,,,
BR,DIVERSE,COLLIN,6,7/24/2024,2,A4,,0.210,,,,,,21,,,,
BR,DIVERSE,COLLIN,7,7/24/2024,2,B4,,0.132,1,,,,,13,,,,
BR,DIVERSE,COLLIN,8,7/24/2024,2,C4,,0.015,1,,,,,4,,,,
BR,DIVERSE,COLLIN,9,7/24/2024,2,B3,,0.020,,,,,,3,,,,
BR,DIVERSE,COLLIN,10,7/24/2024,2,C2,,,1,,,,,3,,,,
BR,DIVERSE,COLLIN,11,7/24/2024,2,B2,,,1,,,,,3,,,,
BR,DIVERSE,COLLIN,12,7/24/2024,3,A5,,,1,,,,,7,,,,
BR,DIVERSE,COLLIN,13,7/24/2024,4,A5,,,1,,,,,4,,,,
BR,DIVERSE,COLLIN,14,7/25/2024,5,D3,7.2,,,,,,,2,,,,
BR,DIVERSE,COLLIN,15,7/25/2024,5,C4,,,,,,,,3,,,,
BR,DIVERSE,COLLIN,16,7/25/2024,12,C2,,,1,,,,,4,,,,
BR,DIVERSE,COLLIN,17,7/25/2024,12,B4,,,1,,,,,3,,,,
BR,DIVERSE,COLLIN,18,7/25/2024,13,A2,,,,,,,,3,,,,
BR,DIVERSE,COLLIN,19,7/25/2024,9,A2,,,,,,,,3,,,,
BR,DIVERSE,COLLIN,20,7/25/2024,9,C1,,,,,,,,3,,,,
BR,DIVERSE,COLLIN,21,7/25/2024,9,C4,,,,,,,,1,,,,
BR,DIVERSE,COLLIN,22,7/25/2024,13,B5,,,1,,,,,2,,,,
BR,DIVERSE,COLLOM,1,7/25/2024,13,B3,14.9,0.110,1,1,5,0,,5,,,,
BR,DIVERSE,COLLOM,2,7/24/2024,4,D5,24.2,0.705,1,1,20,0,,20,,,,
BR,DIVERSE,COLLOM,3,7/24/2024,2,A3,11.7,0.185,1,2,3,1,,4,1 really small fruit (not counted) and 1 normal on side fruit,,,
BR,DIVERSE,COLLOM,4,7/24/2024,1,B1,13.8,,,4,,,,,,,,
BR,DIVERSE,COLLOM,5,7/24/2024,1,D2,6.5,,,1,,,,,,,,
BR,DIVERSE,COLLOM,6,7/24/2024,1,C4,6.9,0.016,,1,2,0,,2,,,,
BR,DIVERSE,COLLOM,7,7/24/2024,2,D4,7.1,0.660,1,5,9,2,,17,,,,
BR,DIVERSE,COLLOM,8,7/24/2024,2,E3,7.6,,1,1,,,,,,,,
BR,DIVERSE,COLLOM,9,7/24/2024,3,C1,9.6,,1,1,,,,,,,,
BR,DIVERSE,COLLOM,10,7/24/2024,3,B5,15.1,,1,3,,,,,,,,
BR,DIVERSE,COLLOM,11,7/24/2024,3,B3,19.5,0.448,1,1,12,0,,12,,,,
BR,DIVERSE,COLLOM,12,7/24/2024,3,C2,16.7,0.301,3,2,10,1,,11,BT,,,
BR,DIVERSE,COLLOM,25,7/24/2024,4,B5,17.7,,1,1,,,,,,,,
BR,DIVERSE,COLLOM,13,7/24/2024,4,C4,10.1,,1,1,,,,,,,,
BR,DIVERSE,COLLOM,14,7/24/2024,4,E4,11.6,,1,1,,,,,,,,
BR,DIVERSE,COLLOM,15,7/25/2024,5,E2,6.3,,,1,,,,,,,,
BR,DIVERSE,COLLOM,16,7/25/2024,5,A3,9.7,,1,1,,,,,,,,
BR,DIVERSE,COLLOM,17,7/25/2024,5,E4,7.5,,,1,,,,,,,,
BR,DIVERSE,COLLOM,18,7/25/2024,12,C1,14.1,0.223,3,3,5,2,,9,,,,
BR,DIVERSE,COLLOM,19,7/25/2024,12,B3,9.5,,1,1,,,,,,,,
BR,DIVERSE,COLLOM,20,7/25/2024,12,A3,20.3,0.562,1,3,6,5,,16,Poss munched: tallest mid inf as top but side inf similar in size,,,
BR,DIVERSE,COLLOM,21,7/25/2024,9,E2,24.3,,,1,,,,,,,,
BR,DIVERSE,COLLOM,22,7/25/2024,9,E5,14.4,,1,1,,,,,,,,
BR,DIVERSE,COLLOM,23,7/25/2024,13,A1,17.2,0.574,1,1,18,0,,18,,,,
BR,DIVERSE,COLLOM,24,7/25/2024,13,D1,13.5,,1,1,,,,,,,,
BR,DIVERSE,EPIDEN,1,7/24/2024,4,A2,11.6,0.105,,,,,,6,,,,
BR,DIVERSE,EPIDEN,2,7/25/2024,13,D2,11.2,0.043,1,,,,,5,,,,
BR,DIVERSE,EPIDEN,3,7/25/2024,5,C1,8.5,0.056,1,,,,,4,,,,
BR,DIVERSE,EPIDEN,4,7/24/2024,1,B2,30.6,0.372,,,,,,19,,,,
BR,DIVERSE,EPIDEN,5,7/24/2024,1,C2,11.3,,,,,,,,,,,
BR,DIVERSE,EPIDEN,6,7/24/2024,2,B5,14.9,,1,,,,,,,,,
BR,DIVERSE,EPIDEN,7,7/24/2024,2,A5,7.5,,1,,,,,,,,,
BR,DIVERSE,EPIDEN,26,7/24/2024,2,D3,7.9,,1,,,,,,,,,
BR,DIVERSE,EPIDEN,8,7/24/2024,2,D1,6.0,0.007,1,,,,,1,,,,
BR,DIVERSE,EPIDEN,9,7/24/2024,3,B4,12.3,,,,,,,,,,,
BR,DIVERSE,EPIDEN,10,7/24/2024,3,D3,15.8,,,,,,,,,,,
BR,DIVERSE,EPIDEN,11,7/24/2024,3,C3,11.3,,1,,,,,,,,,
BR,DIVERSE,EPIDEN,12,7/24/2024,4,E2,10.1,,1,,,,,,,,,
BR,DIVERSE,EPIDEN,13,7/24/2024,4,C1,6.0,0.013,1,,,,,3,,,,
BR,DIVERSE,EPIDEN,14,7/24/2024,4,E3,9.8,,1,,,,,,,,,
BR,DIVERSE,EPIDEN,15,7/25/2024,5,B1,9.4,,1,,,,,,,,,
BR,DIVERSE,EPIDEN,16,7/25/2024,5,E3,14.6,,,,,,,,,,,
BR,DIVERSE,EPIDEN,17,7/25/2024,5,B3,13.5,0.051,,,,,,4,,,,
BR,DIVERSE,EPIDEN,18,7/25/2024,5,A4,15.1,,1,,,,,,,,,
BR,DIVERSE,EPIDEN,19,7/25/2024,12,D2,16.6,,1,,,,,,,,,
BR,DIVERSE,EPIDEN,20,7/25/2024,12,B5,6.2,,1,,,,,,,,,
BR,DIVERSE,EPIDEN,21,7/25/2024,12,A5,32.4,0.598,1,,,,,22,,,,
BR,DIVERSE,EPIDEN,22,7/25/2024,9,D2,17.3,,,,,,,,,,,
BR,DIVERSE,EPIDEN,23,7/25/2024,9,A4,28.2,,1,,,,,,,,,
BR,DIVERSE,EPIDEN,24,7/25/2024,13,C5,13.0,,1,,,,,,,,,
BR,DIVERSE,EPIDEN,25,7/25/2024,13,E1,11.5,,1,,,,,,,,,
BR,DIVERSE,GILCAP,1,7/25/2024,12,D3,16.8,0.099,2,2,,,25,50,BT,,,
BR,DIVERSE,GILCAP,2,7/24/2024,4,E5,17.8,0.141,1,2,,,25,50,,,,
BR,DIVERSE,GILCAP,3,7/25/2024,4,B1,22.1,0.100,1,2,,,25,50,,,,
BR,DIVERSE,GILCAP,4,7/24/2024,1,A3,42.9,0.928,,5,,,25,125,,,,
BR,DIVERSE,GILCAP,5,7/24/2024,1,D1,30.3,0.209,,3,,,25,75,BT,,,
BR,DIVERSE,GILCAP,6,7/24/2024,1,B4,22.7,0.360,,3,,,25,75,,,,
BR,DIVERSE,GILCAP,7,7/24/2024,3,A1,41.7,0.218,1,1,,,25,25,,,,
BR,DIVERSE,GILCAP,8,7/24/2024,3,A2,32.4,0.404,3,2,,,25,50,,,,
BR,DIVERSE,GILCAP,9,7/24/2024,3,A4,48.6,,1,1,,,25,25,,,,
BR,DIVERSE,GILCAP,10,7/24/2024,3,A3,32.2,,1,2,,,25,50,,,,
BR,DIVERSE,GILCAP,11,7/24/2024,4,A4,39.7,,3,2,,,25,50,,,,
BR,DIVERSE,GILCAP,12,7/24/2024,4,B1,20.3,,1,3,,,25,75,,,,
BR,DIVERSE,GILCAP,13,7/24/2024,4,A1,56.8,,,4,,,25,100,,,,
BR,DIVERSE,GILCAP,14,7/25/2024,5,D1,30.0,,2,3,,,25,75,,,,
BR,DIVERSE,GILCAP,15,7/25/2024,5,C2,34.3,,,5,,,25,125,,,,
BR,DIVERSE,GILCAP,16,7/25/2024,5,A2,54.6,,1,1,,,25,25,,,,
BR,DIVERSE,GILCAP,17,7/25/2024,5,B4,34.8,,,5,,,25,125,,,,
BR,DIVERSE,GILCAP,18,7/25/2024,5,C5,23.3,,,3,,,25,75,,,,
BR,DIVERSE,GILCAP,19,7/25/2024,12,E4,41.3,,1,3,,,25,75,BT,,,
BR,DIVERSE,GILCAP,20,7/25/2024,12,D1,25.2,,1,1,,,25,25,,,,
BR,DIVERSE,GILCAP,21,7/25/2024,12,C3,43.1,,2,4,,,25,100,,,,
BR,DIVERSE,GILCAP,22,7/25/2024,12,B2,32.1,,1,2,,,25,50,,,,
BR,DIVERSE,GILCAP,23,7/25/2024,12,A2,25.2,,6,6,,,25,150,Did not count neighbors,,,
BR,DIVERSE,GILCAP,24,7/25/2024,9,C3,44.3,,1,5,,,25,125,,,,
BR,DIVERSE,GILCAP,25,7/25/2024,9,A5,21.5,,1,1,,,25,25,,,,
BR,DIVERSE,GILCAP,26,7/25/2024,13,C4,26.4,,1,1,,,25,25,,,,
BR,DIVERSE,GILCAP,27,7/25/2024,13,E3,32.6,,1,2,,,25,50,,,,
BR,DIVERSE,GILCAP,28,7/25/2024,13,C4,44.5,,2,8,,,25,200,,,,
BR,DIVERSE,GILCAP,29,7/25/2024,13,C2,49.2,,1,8,,,25,200,,,,
BR,DIVERSE,NAVSQU,1,7/24/2024,4,C2,29.7,0.582,1,2,26,3,,29,,,,
BR,DIVERSE,NAVSQU,2,7/25/2024,9,C2,27.6,0.435,1,1,33,0,,33,,,,
BR,DIVERSE,NAVSQU,3,7/24/2024,4,B2,44.1,1.561,1,11,22,11,,132,,,,
BR,DIVERSE,NAVSQU,4,7/24/2024,1,A1,6.7,,,1,,,,,,,,
BR,DIVERSE,NAVSQU,5,7/24/2024,1,C3,13.9,,,1,,,,,,,,
BR,DIVERSE,NAVSQU,6,7/24/2024,2,D5,10.9,,1,1,,,,,,,,
BR,DIVERSE,NAVSQU,7,7/24/2024,2,E4,9.5,,1,1,,,,,,,,
BR,DIVERSE,NAVSQU,8,7/24/2024,2,C3,4.8,,1,1,,,,,,,,
BR,DIVERSE,NAVSQU,9,7/24/2024,3,D4,23.6,,1,3,,,,,,,,
BR,DIVERSE,NAVSQU,10,7/24/2024,3,E3,23.2,0.532,1,4,24,4,,36,,,,
BR,DIVERSE,NAVSQU,11,7/24/2024,4,D2,5.7,,1,1,,,,,,,,
BR,DIVERSE,NAVSQU,12,7/24/2024,4,E1,18.4,,1,1,,,,,,,,
BR,DIVERSE,NAVSQU,13,7/24/2024,4,D4,10.9,0.037,1,1,5,0,,5,,,,
BR,DIVERSE,NAVSQU,13,7/24/2024,4,D3,6.1,,1,1,,,,,,,,
BR,DIVERSE,NAVSQU,14,7/25/2024,5,A1,24.7,,1,2,,,,,,,,
BR,DIVERSE,NAVSQU,15,7/25/2024,5,B2,15.6,0.151,,1,15,0,,15,,,,
BR,DIVERSE,NAVSQU,16,7/25/2024,5,A5,17.6,,,1,,,,,,,,
BR,DIVERSE,NAVSQU,28,7/25/2024,12,E5,17.9,,1,1,,,,,,,,
BR,DIVERSE,NAVSQU,17,7/25/2024,12,D5,9.9,,1,1,,,,,,,,
BR,DIVERSE,NAVSQU,18,7/25/2024,12,C4,31.0,,1,3,,,,,,,,
BR,DIVERSE,NAVSQU,19,7/25/2024,12,A4,38.5,0.664,1,1,32,2,,32,,,,
BR,DIVERSE,NAVSQU,20,7/25/2024,9,B1,10.5,,1,1,,,,,,,,
BR,DIVERSE,NAVSQU,21,7/25/2024,9,E3,27.4,,1,5,,,,,,,,
BR,DIVERSE,NAVSQU,22,7/25/2024,9,B4,27.6,,2,2,,,,,,,,
BR,DIVERSE,NAVSQU,23,7/25/2024,9,C5,22.4,,,1,,,,,,,,
BR,DIVERSE,NAVSQU,24,7/25/2024,13,D4,8.1,,1,1,,,,,,,,
BR,DIVERSE,NAVSQU,25,7/25/2024,13,E2,33.0,,1,2,,,,,,,,
BR,DIVERSE,NAVSQU,26,7/25/2024,13,B2,29.6,0.326,1,1,19,0,,19,,,,
BR,DIVERSE,NAVSQU,27,7/25/2024,13,C1,22.9,,1,4,,,,,,,,
BR,DIVERSE,PLAFIG,1,7/25/2024,9,D2,,0.003,1,,,,,4,,,,
BR,DIVERSE,PLAFIG,3,7/25/2024,11,D2,,0.007,1,,,,,6,,,,
BR,DIVERSE,PLAFIG,4,7/24/2024,1,C3,,0.005,,,,,,4,,,,
BR,DIVERSE,PLAFIG,5,7/24/2024,1,A4,,0.005,,,,,,12,,,,
BR,DIVERSE,PLAFIG,5,7/24/2024,3,D1,,0.024,,,,,,4,,,,
BR,DIVERSE,PLAFIG,6,7/24/2024,3,D1,,0.019,,,,,,8,,,,
BR,DIVERSE,PLAFIG,7,7/24/2024,3,E2,,0.006,1,,,,,3,,,,
BR,DIVERSE,PLAFIG,8,7/24/2024,3,D2,,0.006,1,,,,,3,,,,
BR,DIVERSE,PLAFIG,9,7/24/2024,4,C5,,,,,,,,2,,,,
BR,DIVERSE,PLAFIG,10,7/24/2024,4,E5,,,1,,,,,3,,,,
BR,DIVERSE,PLAFIG,11,7/25/2024,12,E3,,,1,,,,,26,,,,
BR,DIVERSE,PLAFIG,12,7/25/2024,5,D5,,,,,,,,3,,,,
BR,DIVERSE,PLAFIG,13,7/25/2024,5,B5,,,,,,,,14,,,,
BR,DIVERSE,PLAFIG,14,7/25/2024,12,C5,,,,,,,,2,,,,
BR,DIVERSE,PLAFIG,15,7/25/2024,12,B1,,,,,,,,1,,,,
BR,DIVERSE,PLAFIG,16,7/25/2024,13,D3,,,,,,,,8,,,,
BR,DIVERSE,PLAFIG,18,7/25/2024,9,B3,,,,,,,,2,,,,
BR,DIVERSE,PLAFIG,19,7/25/2024,9,C2,,,,,,,,3,,,,
BR,DIVERSE,PLAFIG,20,7/25/2024,9,A1,,,,,,,,3,,,,
BR,DIVERSE,PLAFIG,21,7/25/2024,9,D4,,,,,,,,4,,,,
BR,DIVERSE,PLAFIG,22,7/25/2024,13,A3,,,,,,,,8,,,,
BR,DIVERSE,PLECON,1,7/25/2024,6,,18.3,0.015,1,2,,,,,no subplot recorded,,,
BR,DIVERSE,PLECON,3,7/25/2024,9,D5,20.5,0.086,2,4,,,,,,,,
BR,DIVERSE,PLECON,4,7/24/2024,1,B1,8.3,0.070,,2,,,,,BT,,,
BR,DIVERSE,PLECON,5,7/24/2024,1,D4,16.4,0.004,,2,,,,,,,,
BR,DIVERSE,PLECON,6,7/24/2024,2,B1,27.9,0.097,,5,,,,,,,,
BR,DIVERSE,PLECON,7,7/24/2024,2,C5,19.8,0.007,1,2,,,,,,,,
BR,DIVERSE,PLECON,8,7/24/2024,2,A2,17.1,,1,10,,,,,too small,,,
BR,DIVERSE,PLECON,9,7/24/2024,2,A1,24.1,0.480,1,4,,,,,,,,
BR,DIVERSE,PLECON,10,7/24/2024,3,B1,18.4,,1,4,,,,,,,,
BR,DIVERSE,PLECON,11,7/24/2024,3,B2,23.1,,1,4,,,,,,,,
BR,DIVERSE,PLECON,12,7/24/2024,4,B3,18.8,,1,2,,,,,,,,
BR,DIVERSE,PLECON,13,7/25/2024,5,E1,11.6,,1,2,,,,,,,,
BR,DIVERSE,PLECON,14,7/25/2024,9,A1,14.1,,1,3,,,,,,,,
BR,DIVERSE,PLECON,15,7/25/2024,12,D5,13.7,,1,2,,,,,,,,
BR,DIVERSE,PLECON,16,7/25/2024,13,D5,18.5,,1,6,,,,,,,,
BR,DIVERSE,PLECON,17,7/25/2024,13,A5,18.7,,1,3,,,,,,,,
BR,DIVERSE,PLECON,18,7/25/2024,9,D1,14.1,,,4,,,,,,,,
BR,DIVERSE,PLECON,19,7/25/2024,9,E1,11.5,,,2,,,,,,,,
BR,DIVERSE,PLECON,20,7/25/2024,9,A3,18.4,,1,2,,,,,,,,
BR,DIVERSE,PLECON,21,7/25/2024,9,B5,24.2,,,2,,,,,,,,
BR,DIVERSE,PLECON,22,7/25/2024,9,D5,20.1,,,2,,,,,,,,
BR,DIVERSE,PLECON,23,7/25/2024,13,C3,30.5,,1,5,,,,,,,,
RF,DIVERSE,CLAPUR,1,7/8/2024,3,D1,42.1,,1,,,,,4,,,,
RF,DIVERSE,CLAPUR,2,7/8/2024,4,D4,48.0,,1,,,,,9,,,,
RF,DIVERSE,CLAPUR,4,7/4/2024,1,A3,42.8,,1,,,,,3,,,,
RF,DIVERSE,CLAPUR,5,7/4/2024,1,A2,50.2,,1,,,,,3,,,,
RF,DIVERSE,CLAPUR,6,7/4/2024,1,D5,42.0,,1,,,,,5,,,,
RF,DIVERSE,CLAPUR,7,7/8/2024,2,B5,44.9,,1,,,,,5,,,,
RF,DIVERSE,CLAPUR,8,7/8/2024,2,A3,56.0,,1,,,,,6,,,,
RF,DIVERSE,CLAPUR,9,7/8/2024,2,C5,46.4,,1,,,,,6,,,,
RF,DIVERSE,CLAPUR,10,7/8/2024,2,A2,41.0,,1,,,,,2,,,,
RF,DIVERSE,CLAPUR,11,7/8/2024,3,D2,37.1,,1,,,,,5,,,,
RF,DIVERSE,CLAPUR,12,7/8/2024,3,C2,55.5,,,,,,,6,,,,
RF,DIVERSE,CLAPUR,13,7/8/2024,4,E5,53.5,,,,,,,10,,,,
RF,DIVERSE,CLAPUR,14,7/8/2024,4,B4,46.2,,,,,,,8,,,,
RF,DIVERSE,CLAPUR,15,7/8/2024,4,B1,38.6,,,,,,,4,,,,
RF,DIVERSE,CLAPUR,16,7/10/2024,5,C5,45.4,,,,,,,4,,,,
RF,DIVERSE,CLAPUR,17,7/10/2024,5,C1,16.6,,,,,,,2,,,,
RF,DIVERSE,CLAPUR,18,7/10/2024,6,A3,27.0,,,,,,,4,,,,
RF,DIVERSE,CLAPUR,19,7/10/2024,6,C1,47.2,,,,,,,4,,,,
RF,DIVERSE,CLAPUR,20,7/10/2024,6,E2,25.2,,1,,,,,1,,,,
RF,DIVERSE,CLAPUR,21,7/10/2024,6,E3,74.6,,1,,,,,19,,,,
RF,DIVERSE,CLAPUR,22,7/10/2024,6,D2,56.0,,1,,,,,6,,,,
RF,DIVERSE,COLLIN,1,7/8/2024,4,D3,,,,,,,,7,,,,
RF,DIVERSE,COLLIN,2,7/8/2024,2,D5,23.1,,1,,,,,4,,,,
RF,DIVERSE,COLLIN,3,7/8/2024,3,C5,,,1,,,,,18,,,,
RF,DIVERSE,COLLIN,4,7/4/2024,1,E1,43.9,,1,,,,,28,,,,
RF,DIVERSE,COLLIN,5,7/4/2024,1,D5,,,1,,,,,17,,,,
RF,DIVERSE,COLLIN,6,7/4/2024,1,A4,41.0,,1,,,,,16,,,,
RF,DIVERSE,COLLIN,7,7/8/2024,2,D5,,,1,,,,,9,,,,
RF,DIVERSE,COLLIN,8,7/8/2024,2,C1,,,1,,,,,19,,,,
RF,DIVERSE,COLLIN,9,7/8/2024,3,A4,,,1,,,,,14,,,,
RF,DIVERSE,COLLIN,10,7/8/2024,3,D1,,,,,,,,13,,,,
RF,DIVERSE,COLLIN,11,7/8/2024,3,C3,,,,,,,,8,,,,
RF,DIVERSE,COLLIN,12,7/8/2024,4,A5,,,,,,,,8,,,,
RF,DIVERSE,COLLIN,13,7/8/2024,4,B2,,,,,,,,8,,,,
RF,DIVERSE,COLLIN,14,7/8/2024,4,C2,,,,,,,,18,,,,
RF,DIVERSE,COLLIN,15,7/10/2024,5,A4,,,,,,,,9,,,,
RF,DIVERSE,COLLIN,16,7/10/2024,5,E4,,,,,,,,10,,,,
RF,DIVERSE,COLLIN,17,7/10/2024,5,B1,,,,,,,,20,,,,
RF,DIVERSE,COLLIN,18,7/10/2024,6,A1,23.2,,,,,,,7,,,,
RF,DIVERSE,COLLIN,19,7/10/2024,6,B2,25.2,,,,,,,4,,,,
RF,DIVERSE,COLLOM,1,7/4/2024,1,C3,39.9,0.620,1,1,17,0,,17,,,,
RF,DIVERSE,COLLOM,2,7/8/2024,3,D4,51.9,1.855,1,1,64,0,,64,,,,
RF,DIVERSE,COLLOM,3,7/8/2024,2,A3,43.2,0.941,1,1,41,0,,41,,,,
RF,DIVERSE,COLLOM,4,7/4/2024,1,A5,33.6,0.341,1,1,13,0,,13,,,,
RF,DIVERSE,COLLOM,5,7/4/2024,1,E4,40.0,,1,1,,,,,,,,
RF,DIVERSE,COLLOM,6,7/8/2024,2,B1,41.6,,1,1,,,,,,,,
RF,DIVERSE,COLLOM,7,7/8/2024,2,C4,31.3,0.317,1,1,12,0,,12,,,,
RF,DIVERSE,COLLOM,8,7/8/2024,3,E3,32.5,,2,2,,,,,,,,
RF,DIVERSE,COLLOM,9,7/8/2024,3,A3,28.3,,1,2,,,,,,,,
RF,DIVERSE,COLLOM,10,7/8/2024,4,A2,42.2,,5,10,,,,,,,,
RF,DIVERSE,COLLOM,11,7/8/2024,4,B3,31.4,,1,1,,,,,,,,
RF,DIVERSE,COLLOM,12,7/8/2024,4,B1,20.0,,1,1,,,,,,,,
RF,DIVERSE,COLLOM,13,7/8/2024,4,D1,17.6,,1,1,,,,,,,,
RF,DIVERSE,COLLOM,14,7/10/2024,5,A1,34.6,,1,1,,,,,,,,
RF,DIVERSE,COLLOM,15,7/10/2024,5,E1,28.6,0.907,1,1,17,0,,17,,,,
RF,DIVERSE,COLLOM,16,7/10/2024,5,D5,44.3,1.458,,,34,0,,34,,,,
RF,DIVERSE,COLLOM,17,7/10/2024,5,C4,38.8,,,3,,,,,,,,
RF,DIVERSE,COLLOM,18,7/10/2024,5,C2,30.6,,,,,,,,,,,
RF,DIVERSE,COLLOM,19,7/10/2024,6,B3,21.4,0.238,,1,8,0,,8,,,,
RF,DIVERSE,EPIDEN,1,7/10/2024,5,E3,45.2,0.842,,,,,,4,,,,
RF,DIVERSE,EPIDEN,2,7/8/2024,2,E1,40.1,0.503,,,,,,14,,,,
RF,DIVERSE,EPIDEN,3,7/8/2024,2,D2,26.5,0.170,,,,,,4,,,,
RF,DIVERSE,EPIDEN,4,7/4/2024,1,E2,10.4,,1,,,,,6,,,,
RF,DIVERSE,EPIDEN,5,7/4/2024,1,D2,38.8,,1,,,,,,,,,
RF,DIVERSE,EPIDEN,6,7/8/2024,2,C1,38.0,,,,,,,,,,,
RF,DIVERSE,EPIDEN,7,7/8/2024,2,C2,27.0,,1,,,,,,,,,
RF,DIVERSE,EPIDEN,8,7/8/2024,2,E4,40.2,,1,,,,,,,,,
RF,DIVERSE,EPIDEN,9,7/8/2024,3,A5,68.7,2.820,,,,,,84,,,,
RF,DIVERSE,EPIDEN,10,7/8/2024,3,A1,31.6,0.221,,,,,,7,,,,
RF,DIVERSE,EPIDEN,11,7/8/2024,3,E4,59.7,0.486,,,,,,11,,,,
RF,DIVERSE,EPIDEN,12,7/8/2024,3,C5,46.2,0.381,,,,,,12,,,,
RF,DIVERSE,EPIDEN,13,7/8/2024,3,B1,41.3,,,,,,,,,,,
RF,DIVERSE,EPIDEN,14,7/4/2024,4,E4,26.6,0.218,,,,,,19,,,,
RF,DIVERSE,EPIDEN,15,7/8/2024,4,A3,29.4,,,,,,,,,,,
RF,DIVERSE,EPIDEN,16,7/8/2024,4,A1,13.3,,1,,,,,,,,,
RF,DIVERSE,EPIDEN,17,7/8/2024,4,C1,23.0,,1,,,,,,,,,
RF,DIVERSE,EPIDEN,18,7/10/2024,5,E5,34.1,,,,,,,,,,,
RF,DIVERSE,EPIDEN,19,7/10/2024,5,B2,35.6,,,,,,,,,,,
RF,DIVERSE,EPIDEN,20,7/10/2024,5,B4,20.1,,,,,,,,,,,
RF,DIVERSE,EPIDEN,21,7/10/2024,5,B5,19.5,,,,,,,,,,,
RF,DIVERSE,GILCAP,1,7/8/2024,2,C3,22.7,,1,1,,,25,25,,,,
RF,DIVERSE,GILCAP,2,7/10/2024,5,B1,19.9,,1,1,,,25,25,,,,
RF,DIVERSE,GILCAP,3,7/4/2024,1,B2,38.9,,1,1,,,25,25,,,,
RF,DIVERSE,GILCAP,4,7/4/2024,1,A3,33.5,,1,1,,,25,25,,,,
RF,DIVERSE,GILCAP,5,7/4/2024,1,E5,39.0,,1,1,,,25,25,,,,
RF,DIVERSE,GILCAP,6,7/8/2024,2,A1,29.2,,1,1,,,25,25,,,,
RF,DIVERSE,GILCAP,7,7/8/2024,2,B1,55.0,,1,1,,,25,25,,,,
RF,DIVERSE,GILCAP,8,7/8/2024,2,D2,23.5,,1,1,,,25,25,,,,
RF,DIVERSE,GILCAP,9,7/8/2024,3,D3,33.7,,1,1,,,25,25,,,,
RF,DIVERSE,GILCAP,10,7/8/2024,3,B4,27.8,,1,2,,,25,50,,,,
RF,DIVERSE,GILCAP,11,7/8/2024,3,C4,40.5,,1,2,,,25,50,,,,
RF,DIVERSE,GILCAP,12,7/8/2024,4,E2,23.3,,1,3,,,25,75,,,,
RF,DIVERSE,GILCAP,13,7/8/2024,4,C2,29.1,,1,1,,,25,25,,,,
RF,DIVERSE,GILCAP,14,7/8/2024,4,C5,7.1,,1,1,,,25,25,,,,
RF,DIVERSE,GILCAP,15,7/10/2024,5,A3,17.3,,1,1,,,25,25,,,,
RF,DIVERSE,GILCAP,16,7/10/2024,5,E2,33.3,,,1,,,25,25,,,,
RF,DIVERSE,GILCAP,17,7/10/2024,5,E2,27.5,,,1,,,25,25,,,,
RF,DIVERSE,GILCAP,18,7/10/2024,6,B1,30.4,,,1,,,25,25,,,,
RF,DIVERSE,NAVSQU,1,7/8/2024,4,C4,10.7,0.052,1,1,9,0,,9,,,,
RF,DIVERSE,NAVSQU,2,7/4/2024,1,C4,13.0,,1,1,,,,,,,,
RF,DIVERSE,NAVSQU,3,7/8/2024,2,C3,9.0,0.019,1,1,5,0,,5,,,,
RF,DIVERSE,NAVSQU,4,7/4/2024,1,A2,11.0,,1,1,,,,,,,,
RF,DIVERSE,NAVSQU,5,7/4/2024,1,C1,32.9,0.275,1,1,13,0,,13,,,,
RF,DIVERSE,NAVSQU,6,7/8/2024,2,B3,18.8,,1,1,,,,,,,,
RF,DIVERSE,NAVSQU,7,7/8/2024,2,D2,25.2,0.111,1,1,12,0,,12,,,,
RF,DIVERSE,NAVSQU,8,7/8/2024,3,B5,22.1,0.179,1,1,12,0,,12,,,,
RF,DIVERSE,NAVSQU,9,7/8/2024,3,B5,7.1,0.013,1,1,3,0,,3,,,,
RF,DIVERSE,NAVSQU,10,7/8/2024,4,A4,13.8,,1,1,,,,,,,,
RF,DIVERSE,NAVSQU,11,7/8/2024,4,B5,16.5,0.116,1,1,12,0,,12,,,,
RF,DIVERSE,NAVSQU,12,7/8/2024,4,C3,9.5,,1,1,,,,,,,,
RF,DIVERSE,NAVSQU,13,7/8/2024,4,C1,8.2,0.133,1,1,5,0,,5,,,,
RF,DIVERSE,NAVSQU,14,7/8/2024,4,D2,15.5,,1,1,,,,,,,,
RF,DIVERSE,NAVSQU,15,7/10/2024,5,A5,11.6,,1,1,,,,,,,,
RF,DIVERSE,NAVSQU,16,7/10/2024,5,A2,27.3,,,,,,,,,,,
RF,DIVERSE,NAVSQU,17,7/10/2024,5,C3,16.1,,,,,,,,,,,
RF,DIVERSE,NAVSQU,18,7/10/2024,6,A2,17.2,,,1,,,,,,,,
RF,DIVERSE,NAVSQU,19,7/10/2024,6,D1,8.3,,1,1,,,,,,,,
RF,DIVERSE,PLAFIG,1,7/10/2024,4,E2,,,1,,,,,18,,,,
RF,DIVERSE,PLAFIG,2,7/8/2024,3,E1,,,1,,,,,46,,,,
RF,DIVERSE,PLAFIG,3,7/10/2024,1,A5,,,1,,,,,42,,,,
RF,DIVERSE,PLAFIG,4,7/4/2024,1,E4,32.9,,1,,,,,33,,,,
RF,DIVERSE,PLAFIG,5,7/4/2024,1,A4,,,1,,,,,18,,,,
RF,DIVERSE,PLAFIG,6,7/4/2024,1,C3,,,1,,,,,12,,,,
RF,DIVERSE,PLAFIG,7,7/8/2024,2,B4,,,1,,,,,37,,,,
RF,DIVERSE,PLAFIG,8,7/8/2024,2,D3,,,1,,,,,19,,,,
RF,DIVERSE,PLAFIG,9,7/8/2024,2,B4,,,1,,,,,17,,,,
RF,DIVERSE,PLAFIG,10,7/8/2024,2,B2,,,1,,,,,7,,,,
RF,DIVERSE,PLAFIG,11,7/8/2024,2,A2,,,1,,,,,13,,,,
RF,DIVERSE,PLAFIG,12,7/8/2024,3,D3,,,1,,,,,42,,,,
RF,DIVERSE,PLAFIG,13,7/8/2024,3,A4,,,1,,,,,6,,,,
RF,DIVERSE,PLAFIG,14,7/8/2024,4,E3,,,1,,,,,39,,,,
RF,DIVERSE,PLAFIG,15,7/8/2024,4,D5,,,1,,,,,16,,,,
RF,DIVERSE,PLAFIG,16,7/8/2024,4,C3,,,1,,,,,20,,,,
RF,DIVERSE,PLAFIG,17,7/8/2024,4,C3,,,1,,,,,8,,,,
RF,DIVERSE,PLAFIG,18,7/10/2024,5,E4,,,,,,,,39,,,,
RF,DIVERSE,PLAFIG,19,7/10/2024,5,B3,,,8,,,,,178,,,,
RF,DIVERSE,PLAFIG,20,7/10/2024,6,C2,,,1,,,,,22,,,,
RF,DIVERSE,PLAFIG,21,7/10/2024,6,C3,,,1,,,,,70,,,,
RF,DIVERSE,PLECON,1,7/4/2024,1,D5,22.0,,1,3,,,,,,,,
RF,DIVERSE,PLECON,2,7/10/2024,5,D1,34.3,,1,15,,,,,,,,
RF,DIVERSE,PLECON,3,7/8/2024,2,D1,28.5,,1,4,,,,,,,,
RF,DIVERSE,PLECON,4,7/4/2024,1,D3,41.2,,1,10,,,,,,,,
RF,DIVERSE,PLECON,5,7/4/2024,1,A5,41.5,,1,4,,,,,,,,
RF,DIVERSE,PLECON,5,7/10/2024,5,D1,22.1,,,3,,,,,,,,
RF,DIVERSE,PLECON,6,7/4/2024,1,A4,48.7,,1,4,,,,,,,,
RF,DIVERSE,PLECON,7,7/4/2024,1,C5,45.0,,1,11,,,,,,,,
RF,DIVERSE,PLECON,8,7/8/2024,2,A1,42.0,,1,2,,,,,,,,
RF,DIVERSE,PLECON,9,7/8/2024,3,C5,50.2,,1,7,,,,,,,,
RF,DIVERSE,PLECON,10,7/8/2024,3,B5,22.4,,1,3,,,,,,,,
RF,DIVERSE,PLECON,11,7/8/2024,4,E1,29.5,,1,5,,,,,,,,
RF,DIVERSE,PLECON,12,7/8/2024,4,D1,48.1,,1,5,,,,,,,,
RF,DIVERSE,PLECON,13,7/8/2024,4,E2,18.6,,1,3,,,,,,,,
RF,DIVERSE,PLECON,14,7/8/2024,4,C3,25.2,,1,4,,,,,,,,
RF,DIVERSE,PLECON,15,7/10/2024,5,D1,22.1,,1,3,,,,,,,,
RF,DIVERSE,PLECON,16,7/10/2024,5,E3,41.2,,,4,,,,,,,,
RF,DIVERSE,PLECON,17,7/10/2024,5,B3,23.0,,,3,,,,,,,,
RF,DIVERSE,PLECON,18,7/10/2024,6,E1,24.4,,1,2,,,,,,,,
RF,DIVERSE,PLECON,19,7/10/2024,6,D3,22.1,,,2,,,,,,,,
SEM,DIVERSE,CLAPUR,2,7/19/2024,1,D2,16.5,0.868,,,,,,16,,,,
SEM,DIVERSE,CLAPUR,3,7/22/2024,7,B3,11.3,0.731,,,,,,10,,,,
SEM,DIVERSE,CLAPUR,4,7/19/2024,4,D3,41.0,2.948,,,,,,37,,,,
SEM,DIVERSE,CLAPUR,5,7/19/2024,4,C3,31.0,0.241,1,,,,,2,BT,,,
SEM,DIVERSE,CLAPUR,6,7/19/2024,1,E5,23.0,0.691,1,,,,,10,,,,
SEM,DIVERSE,CLAPUR,7,7/19/2024,4,A4,14.8,0.176,1,,,,,3,,,,
SEM,DIVERSE,CLAPUR,8,7/19/2024,1,D4,10.6,0.145,1,,,,,2,,,,
SEM,DIVERSE,CLAPUR,30,7/19/2024,8,D2,13.0,,1,,,,,3,,,,
SEM,DIVERSE,CLAPUR,9,7/22/2024,6,C5,44.3,,4,,,,,20,,,,
SEM,DIVERSE,CLAPUR,10,7/22/2024,6,A4,19.1,,,,,,,2,,,,
SEM,DIVERSE,CLAPUR,11,7/19/2024,8,E2,16.6,,1,,,,,1,,,,
SEM,DIVERSE,CLAPUR,12,7/19/2024,8,D4,11.8,,1,,,,,9,,,,
SEM,DIVERSE,CLAPUR,13,7/19/2024,8,B1,11.6,,1,,,,,10,,,,
SEM,DIVERSE,CLAPUR,14,7/19/2024,8,D3,13.5,,1,,,,,4,,,,
SEM,DIVERSE,CLAPUR,15,7/19/2024,8,D1,15.1,,1,,,,,6,,,,
SEM,DIVERSE,CLAPUR,16,7/22/2024,2,E5,23.5,,1,,,,,2,,,,
SEM,DIVERSE,CLAPUR,17,7/22/2024,2,D3,34.9,,1,,,,,21,,,,
SEM,DIVERSE,CLAPUR,18,7/22/2024,2,B3,16.1,,1,,,,,10,,,,
SEM,DIVERSE,CLAPUR,19,7/22/2024,2,A2,21.7,,1,,,,,9,,,,
SEM,DIVERSE,CLAPUR,20,7/22/2024,6,D1,22.2,,,,,,,2,,,,
SEM,DIVERSE,CLAPUR,21,7/22/2024,6,E3,22.1,,,,,,,4,,,,
SEM,DIVERSE,CLAPUR,22,7/22/2024,5,D4,26.9,,1,,,,,4,,,,
SEM,DIVERSE,CLAPUR,23,7/22/2024,5,E3,18.6,,1,,,,,6,,,,
SEM,DIVERSE,CLAPUR,24,7/22/2024,5,E2,19.0,,1,,,,,4,,,,
SEM,DIVERSE,CLAPUR,25,7/22/2024,7,C5,17.0,,1,,,,,2,,,,
SEM,DIVERSE,CLAPUR,26,7/22/2024,7,D1,13.8,,1,,,,,3,,,,
SEM,DIVERSE,CLAPUR,27,7/22/2024,7,C1,17.3,,1,,,,,11,,,,
SEM,DIVERSE,CLAPUR,28,7/22/2024,7,C4,18.1,,1,,,,,6,,,,
SEM,DIVERSE,CLAPUR,29,7/22/2024,7,C3,19.9,,,,,,,18,,,,
SEM,DIVERSE,COLLIN,2,7/19/2024,8,D5,,0.031,1,,,,,,"BT, no fr count",,,
SEM,DIVERSE,COLLIN,3,7/19/2024,1,B5,,0.031,,,,,,3,,,,
SEM,DIVERSE,COLLIN,4,7/19/2024,4,E5,,0.064,1,,,,,11,,,,
SEM,DIVERSE,COLLIN,5,7/19/2024,1,A3,,0.025,1,,,,,6,,,,
SEM,DIVERSE,COLLIN,6,7/19/2024,1,D3,,0.027,1,,,,,6,,,,
SEM,DIVERSE,COLLIN,7,7/19/2024,3,E1,,0.110,1,,,,,8,,,,
SEM,DIVERSE,COLLIN,8,7/19/2024,1,B4,,0.086,1,,,,,6,,,,
SEM,DIVERSE,COLLIN,9,7/19/2024,3,D1,,,1,,,,,6,,,,
SEM,DIVERSE,COLLIN,10,7/19/2024,3,C4,,,1,,,,,10,,,,
SEM,DIVERSE,COLLOM,2,7/22/2024,5,D1,8.5,0.109,1,0,0,0,,,BT no fruits?,,,
SEM,DIVERSE,COLLOM,3,7/19/2024,3,C5,9.6,0.178,3,2,0,5,,5,BT,,,
SEM,DIVERSE,COLLOM,4,7/19/2024,4,E1,13.7,0.524,,2,0,8,,8,BT,,,
SEM,DIVERSE,COLLOM,5,7/19/2024,4,D1,13.7,,,2,,,,,,,,
SEM,DIVERSE,COLLOM,6,7/19/2024,4,B1,10.8,,,3,,,,,,,,
SEM,DIVERSE,COLLOM,7,7/19/2024,4,C4,19.8,,,2,,,,,,,,
SEM,DIVERSE,COLLOM,8,7/19/2024,4,A3,24.2,,1,4,,,,,,,,
SEM,DIVERSE,COLLOM,8,7/19/2024,1,D2,12.5,,1,5,,,,,,,,
SEM,DIVERSE,COLLOM,9,7/19/2024,4,B3,12.1,,1,1,,,,,,,,
SEM,DIVERSE,COLLOM,10,7/19/2024,1,E4,5.5,,1,,,,,,,,,
SEM,DIVERSE,COLLOM,11,7/19/2024,4,B4,17.8,,1,6,,,,,,,,
SEM,DIVERSE,COLLOM,12,7/19/2024,1,A2,9.1,0.127,1,2,3,5,,8,,,,
SEM,DIVERSE,COLLOM,13,7/19/2024,3,D3,15.2,,3,3,,,,,,,,
SEM,DIVERSE,COLLOM,14,7/19/2024,3,C3,13.5,0.279,1,2,0,6,,6,BT,,,
SEM,DIVERSE,COLLOM,15,7/19/2024,3,B3,14.5,,3,2,,,,,,,,
SEM,DIVERSE,COLLOM,16,7/19/2024,3,A3,11.6,0.124,1,1,5,0,,5,,,,
SEM,DIVERSE,COLLOM,17,7/19/2024,3,A1,20.1,0.780,3,3,16,1,,18,BT,,,
SEM,DIVERSE,COLLOM,18,7/19/2024,8,A3,10.6,,1,4,,,,,,,,
SEM,DIVERSE,COLLOM,20,7/19/2024,8,D2,10.9,,1,2,,,,,,,,
SEM,DIVERSE,COLLOM,21,7/19/2024,8,C2,9.4,,1,1,,,,,,,,
SEM,DIVERSE,COLLOM,22,7/22/2024,2,D1,7.3,,1,1,,,,,,,,
SEM,DIVERSE,COLLOM,23,7/22/2024,2,D4,12.1,0.536,1,4,7,4,,19,,,,
SEM,DIVERSE,COLLOM,24,7/22/2024,2,C2,14.0,0.668,1,7,7,4,,31,BT,,,
SEM,DIVERSE,COLLOM,25,7/22/2024,2,A4,12.0,,1,4,,,,,,,,
SEM,DIVERSE,COLLOM,26,7/22/2024,6,A1,14.2,,1,4,,,,,,,,
SEM,DIVERSE,COLLOM,27,7/22/2024,6,C1,9.0,,1,2,,,,,,,,
SEM,DIVERSE,COLLOM,28,7/22/2024,6,D3,11.9,,,1,,,,,,,,
SEM,DIVERSE,COLLOM,29,7/22/2024,6,C4,14.4,,3,3,,,,,,,,
SEM,DIVERSE,COLLOM,30,7/22/2024,6,B4,21.1,,1,1,,,,,,,,
SEM,DIVERSE,COLLOM,31,7/22/2024,6,A5,15.4,0.278,4,3,9,3,,15,,,,
SEM,DIVERSE,COLLOM,32,7/22/2024,5,B5,13.6,,1,3,,,,,,,,
SEM,DIVERSE,COLLOM,33,7/22/2024,5,B4,17.1,,1,2,,,,,,,,
SEM,DIVERSE,COLLOM,34,7/22/2024,5,A4,22.6,,1,2,,,,,,,,
SEM,DIVERSE,COLLOM,35,7/22/2024,5,B3,18.1,,1,1,,,,,,,,
SEM,DIVERSE,COLLOM,36,7/22/2024,5,A2,19.5,,1,1,,,,,,,,
SEM,DIVERSE,COLLOM,37,7/22/2024,5,A1,25.2,,1,3,,,,,,,,
SEM,DIVERSE,COLLOM,38,7/22/2024,7,B5,22.5,,3,7,,,,,,,,
SEM,DIVERSE,COLLOM,39,7/22/2024,7,B4,9.6,,1,1,,,,,,,,
SEM,DIVERSE,EPIDEN,1,7/22/2024,2,B2,15.7,0.301,1,,,,,11,,,,
SEM,DIVERSE,EPIDEN,2,7/22/2024,5,D2,23.7,0.175,1,,,,,5,,,,
SEM,DIVERSE,EPIDEN,3,7/22/2024,4,C5,9.4,0.048,1,,,,,2,,,,
SEM,DIVERSE,EPIDEN,4,7/19/2024,4,E4,64.9,,,,,,,,,,,
SEM,DIVERSE,EPIDEN,5,7/19/2024,4,C1,22.1,,2,,,,,,,,,
SEM,DIVERSE,EPIDEN,6,7/19/2024,4,A1,14.6,,1,,,,,,,,,
SEM,DIVERSE,EPIDEN,7,7/19/2024,4,E2,13.2,,1,,,,,4,biomass missing,,,
SEM,DIVERSE,EPIDEN,8,7/19/2024,1,E2,18.5,,1,,,,,,,,,
SEM,DIVERSE,EPIDEN,9,7/19/2024,4,A5,17.8,,1,,,,,,,,,
SEM,DIVERSE,EPIDEN,10,7/19/2024,1,C4,18.2,,1,,,,,,,,,
SEM,DIVERSE,EPIDEN,11,7/19/2024,1,B3,14.0,,1,,,,,,,,,
SEM,DIVERSE,EPIDEN,12,7/19/2024,1,B1,25.4,0.369,1,,,,,15,,,,
SEM,DIVERSE,EPIDEN,13,7/19/2024,3,D4,21.7,0.135,1,,,,,5,,,,
SEM,DIVERSE,EPIDEN,14,7/19/2024,3,C2,22.9,,1,,,,,,,,,
SEM,DIVERSE,EPIDEN,15,7/19/2024,3,B2,39.0,1.158,1,,,,,29,,,,
SEM,DIVERSE,EPIDEN,16,7/19/2024,8,E3,15.2,,1,,,,,,,,,
SEM,DIVERSE,EPIDEN,17,7/19/2024,8,E1,15.2,,1,,,,,,,,,
SEM,DIVERSE,EPIDEN,18,7/19/2024,8,B2,16.2,,1,,,,,,,,,
SEM,DIVERSE,EPIDEN,19,7/19/2024,8,B4,13.5,,1,,,,,,,,,
SEM,DIVERSE,EPIDEN,20,7/22/2024,2,E1,39.9,,3,,,,,,,,,
SEM,DIVERSE,EPIDEN,21,7/22/2024,2,C4,17.5,,1,,,,,,,,,
SEM,DIVERSE,EPIDEN,22,7/22/2024,2,B4,22.3,0.143,1,,,,,3,,,,
SEM,DIVERSE,EPIDEN,26,7/22/2024,6,E1,24.8,,,,,,,,,,,
SEM,DIVERSE,EPIDEN,27,7/22/2024,6,D2,22.9,,1,,,,,,,,,
SEM,DIVERSE,EPIDEN,28,7/22/2024,6,C3,16.0,,,,,,,,,,,
SEM,DIVERSE,EPIDEN,29,7/22/2024,6,E5,20.8,,1,,,,,,,,,
SEM,DIVERSE,EPIDEN,30,7/22/2024,6,A3,15.3,,1,,,,,,,,,
SEM,DIVERSE,EPIDEN,23,7/22/2024,5,D5,33.3,,1,,,,,,,,,
SEM,DIVERSE,EPIDEN,31,7/22/2024,5,C3,16.4,0.146,1,,,,,9,,,,
SEM,DIVERSE,EPIDEN,32,7/22/2024,5,E1,12.1,,1,,,,,,,,,
SEM,DIVERSE,EPIDEN,33,7/22/2024,7,B1,14.3,,1,,,,,,,,,
SEM,DIVERSE,EPIDEN,34,7/22/2024,7,A3,21.2,,,,,,,,,,,
SEM,DIVERSE,GILCAP,1,7/22/2024,6,D5,47.1,1.480,1,10,,,25,250,,,,
SEM,DIVERSE,GILCAP,3,7/22/2024,5,D2,31.2,1.638,,21,,,25,525,,,,
SEM,DIVERSE,GILCAP,4,7/19/2024,4,D4,37.6,2.088,,,,,,,,,,
SEM,DIVERSE,GILCAP,5,7/19/2024,4,A2,36.8,0.846,,7,,,25,175,,,,
SEM,DIVERSE,GILCAP,6,7/19/2024,1,A5,24.6,0.325,1,1,,,25,25,,,,
SEM,DIVERSE,GILCAP,7,7/19/2024,3,D5,51.3,0.829,1,6,,,25,150,,,,
SEM,DIVERSE,GILCAP,8,7/19/2024,3,D2,21.6,0.268,1,4,,,25,100,,,,
SEM,DIVERSE,GILCAP,9,7/19/2024,3,B5,49.1,,1,5,,,25,125,,,,
SEM,DIVERSE,GILCAP,10,7/19/2024,3,B1,47.5,,3,5,,,25,125,,,,
SEM,DIVERSE,GILCAP,11,7/19/2024,3,A2,25.0,,,1,,,25,25,,,,
SEM,DIVERSE,GILCAP,12,7/19/2024,8,A1,10.4,,,2,,,25,50,,,,
SEM,DIVERSE,GILCAP,13,7/19/2024,8,A4,36.2,,1,15,,,25,375,,,,
SEM,DIVERSE,GILCAP,14,7/19/2024,8,C4,19.7,,1,11,,,25,275,,,,
SEM,DIVERSE,GILCAP,15,7/19/2024,8,C3,24.1,,1,6,,,25,150,,,,
SEM,DIVERSE,GILCAP,16,7/22/2024,2,E4,36.4,,1,24,,,25,600,,,,
SEM,DIVERSE,GILCAP,17,7/22/2024,2,D5,17.6,,1,3,,,25,75,,,,
SEM,DIVERSE,GILCAP,18,7/22/2024,2,C3,19.6,,1,3,,,25,75,,,,
SEM,DIVERSE,GILCAP,19,7/22/2024,2,A5,26.5,,1,2,,,25,50,,,,
SEM,DIVERSE,GILCAP,20,7/22/2024,2,A3,42.6,,1,6,,,25,150,,,,
SEM,DIVERSE,GILCAP,21,7/22/2024,6,B1,26.1,,1,3,,,25,75,,,,
SEM,DIVERSE,GILCAP,22,7/22/2024,6,B2,14.7,,,2,,,25,50,,,,
SEM,DIVERSE,GILCAP,23,7/22/2024,6,B3,28.3,,1,4,,,25,100,,,,
SEM,DIVERSE,GILCAP,24,7/22/2024,6,B5,24.0,,1,4,,,25,100,,,,
SEM,DIVERSE,GILCAP,25,7/22/2024,5,C5,41.8,,1,15,,,25,375,,,,
SEM,DIVERSE,GILCAP,26,7/22/2024,5,C4,26.9,,1,2,,,25,50,,,,
SEM,DIVERSE,GILCAP,27,7/22/2024,5,C2,46.0,,1,10,,,25,250,,,,
SEM,DIVERSE,GILCAP,28,7/22/2024,7,D5,33.4,,1,2,,,25,50,,,,
SEM,DIVERSE,GILCAP,29,7/22/2024,7,E3,18.3,,1,1,,,25,25,,,,
SEM,DIVERSE,GILCAP,30,7/22/2024,7,C2,19.4,,1,1,,,25,25,,,,
SEM,DIVERSE,GILCAP,31,7/22/2024,7,B2,25.9,,1,1,,,25,25,,,,
SEM,DIVERSE,GILCAP,32,7/22/2024,7,D3,26.7,,1,1,,,25,25,,,,
SEM,DIVERSE,NAVSQU,1,7/22/2024,6,D4,31.5,0.930,1,3,47,7,,61,,,,
SEM,DIVERSE,NAVSQU,2,7/22/2024,2,B1,27.0,0.580,1,1,21,0,,21,,,,
SEM,DIVERSE,NAVSQU,3,7/22/2024,7,D4,14.6,0.122,1,1,12,0,,12,,,,
SEM,DIVERSE,NAVSQU,4,7/19/2024,4,E5,51.6,,,18,,,,,,,,
SEM,DIVERSE,NAVSQU,5,7/19/2024,4,C2,16.4,,,1,,,,,,,,
SEM,DIVERSE,NAVSQU,6,7/19/2024,4,B2,5.1,0.152,1,1,,,,,,,,
SEM,DIVERSE,NAVSQU,7,7/19/2024,1,E3,19.0,0.207,1,1,8,0,,8,,,,
SEM,DIVERSE,NAVSQU,36,7/19/2024,1,D5,15.8,0.223,1,2,11,6,,17,,,,
SEM,DIVERSE,NAVSQU,8,7/19/2024,1,D3,11.0,,1,1,,,,,,,,
SEM,DIVERSE,NAVSQU,9,7/19/2024,1,C2,39.0,,1,10,,,,,,,,
SEM,DIVERSE,NAVSQU,10,7/19/2024,4,B5,19.9,,1,1,,,,,,,,
SEM,DIVERSE,NAVSQU,11,7/19/2024,1,B2,19.0,,1,1,,,,,,,,
SEM,DIVERSE,NAVSQU,12,7/19/2024,1,A1,19.9,,1,1,,,,,,,,
SEM,DIVERSE,NAVSQU,13,7/19/2024,1,C3,12.6,,1,1,,,,,,,,
SEM,DIVERSE,NAVSQU,14,7/19/2024,3,E4,54.2,,11,89,,,,,this high fruit count is real. Collected from edge of plot,,,
SEM,DIVERSE,NAVSQU,15,7/19/2024,3,C1,22.0,,1,1,,,,,,,,
SEM,DIVERSE,NAVSQU,16,7/19/2024,3,B4,12.6,,1,1,,,,,,,,
SEM,DIVERSE,NAVSQU,17,7/19/2024,3,A5,15.2,,,1,,,,,,,,
SEM,DIVERSE,NAVSQU,18,7/19/2024,3,A4,6.5,0.009,,1,2,0,,2,,,,
SEM,DIVERSE,NAVSQU,19,7/19/2024,8,A2,26.1,,1,3,,,,,,,,
SEM,DIVERSE,NAVSQU,20,7/19/2024,8,A5,22.2,,1,1,,,,,,,,
SEM,DIVERSE,NAVSQU,21,7/19/2024,8,C5,14.5,,1,1,,,,,,,,
SEM,DIVERSE,NAVSQU,22,7/22/2024,2,D2,40.9,,1,13,,,,,,,,
SEM,DIVERSE,NAVSQU,23,7/22/2024,2,B5,9.4,,1,1,,,,,,,,
SEM,DIVERSE,NAVSQU,24,7/22/2024,2,A1,22.3,,1,1,,,,,,,,
SEM,DIVERSE,NAVSQU,25,7/22/2024,6,A2,17.8,,1,1,,,,,,,,
SEM,DIVERSE,NAVSQU,26,7/22/2024,6,C2,22.6,0.325,,1,13,0,,13,,,,
SEM,DIVERSE,NAVSQU,27,7/22/2024,6,E4,23.3,,1,1,,,,,,,,
SEM,DIVERSE,NAVSQU,28,7/22/2024,5,E5,27.2,,,2,,,,,,,,
SEM,DIVERSE,NAVSQU,29,7/22/2024,5,D3,31.4,0.066,1,2,28,4,,32,,,,
SEM,DIVERSE,NAVSQU,30,7/22/2024,5,B2,11.2,,1,1,,,,,,,,
SEM,DIVERSE,NAVSQU,31,7/22/2024,5,C1,32.7,,1,3,,,,,,,,
SEM,DIVERSE,NAVSQU,32,7/22/2024,7,A5,17.2,,1,1,,,,,,,,
SEM,DIVERSE,NAVSQU,33,7/22/2024,7,E4,22.3,,1,1,,,,,,,,
SEM,DIVERSE,NAVSQU,34,7/22/2024,7,D2,8.9,,1,1,,,,,,,,
SEM,DIVERSE,NAVSQU,35,7/22/2024,7,A4,18.4,,1,1,,,,,,,,
SEM,DIVERSE,PLAFIG,1,7/19/2024,1,C1,,0.120,1,,,,,26,,,,
SEM,DIVERSE,PLAFIG,2,7/22/2024,5,B1,,0.052,1,,,,,3,,,,
SEM,DIVERSE,PLAFIG,3,7/22/2024,2,C5,,0.055,,,,,,28,,,,
SEM,DIVERSE,PLAFIG,4,7/19/2024,1,C5,,0.093,1,,,,,25,,,,
SEM,DIVERSE,PLAFIG,5,7/19/2024,4,D2,,0.011,,,,,,4,,,,
SEM,DIVERSE,PLAFIG,6,7/19/2024,1,B5,,,1,,,,,32,,,,
SEM,DIVERSE,PLAFIG,7,7/19/2024,1,E2,,0.047,1,,,,,12,,,,
SEM,DIVERSE,PLAFIG,8,7/19/2024,4,D5,,0.017,,,,,,2,,,,
SEM,DIVERSE,PLAFIG,15,7/19/2024,3,D1,,,1,,,,,39,,,,
SEM,DIVERSE,PLAFIG,9,7/19/2024,2,E4,,0.060,1,,,,,38,,,,
SEM,DIVERSE,PLAFIG,10,7/19/2024,8,B5,,,,,,,,6,,,,
SEM,DIVERSE,PLAFIG,11,7/22/2024,6,C3,,,,,,,,5,,,,
SEM,DIVERSE,PLAFIG,12,7/22/2024,7,A1,,,1,,,,,4,,,,
SEM,DIVERSE,PLAFIG,13,7/22/2024,7,A2,,,1,,,,,4,,,,
SEM,DIVERSE,PLAFIG,14,7/22/2024,7,A2,,,1,,,,,20,,,,
SEM,DIVERSE,PLECON,2,7/19/2024,2,C1,33.4,,1,0,,,,,,,,
SEM,DIVERSE,PLECON ,4,7/19/2024,1,C5,16.8,0.067,1,5,,,,,,,,
SEM,DIVERSE,PLECON ,5,7/19/2024,1,A4,20.1,0.065,1,3,,,,,,,,
SEM,DIVERSE,PLECON ,6,7/19/2024,4,D2,5.7,0.019,1,2,,,,,,,,
SEM,DIVERSE,PLECON ,7,7/19/2024,2,A4,22.4,0.050,1,3,,,,,,,,
SEM,DIVERSE,PLECON ,8,7/22/2024,5,C3,6.1,,2,0,,,,,,,,
WIR,DIVERSE,CLAPUR,1,7/15/2024,5,C5,20.5,,1,,,,,6,,,,
WIR,DIVERSE,CLAPUR,2,7/17/2024,4,C5,19.1,0.347,,,,,,7,,,,
WIR,DIVERSE,CLAPUR,3,7/15/2024,2,B5,9.5,0.097,1,,,,,2,,,,
WIR,DIVERSE,CLAPUR,4,7/12/2024,1,D5,10.3,,1,,,,,7,,,,
WIR,DIVERSE,CLAPUR,5,7/12/2024,1,A5,11.3,,1,,,,,4,,,,
WIR,DIVERSE,CLAPUR,6,7/12/2024,1,D4,14.0,,1,,,,,6,,,,
WIR,DIVERSE,CLAPUR,7,7/12/2024,1,A3,21.0,,1,,,,,4,,,,
WIR,DIVERSE,CLAPUR,8,7/12/2024,1,B1,13.4,,1,,,,,3,,,,
WIR,DIVERSE,CLAPUR,9,7/15/2024,2,A2,18.8,1.016,1,,,,,16,,,,
WIR,DIVERSE,CLAPUR,10,7/15/2024,2,B4,14.1,0.444,1,,,,,5,,,,
WIR,DIVERSE,CLAPUR,11,7/15/2024,3,E3,18.2,0.285,1,,,,,5,,,,
WIR,DIVERSE,CLAPUR,12,7/15/2024,3,C4,20.3,0.327,1,,,,,5,,,,
WIR,DIVERSE,CLAPUR,13,7/15/2024,3,B5,20.3,0.270,1,,,,,4,,,,
WIR,DIVERSE,CLAPUR,14,7/15/2024,3,C3,15.2,0.190,1,,,,,2,,,,
WIR,DIVERSE,CLAPUR,15,7/15/2024,3,C2,12.5,,1,,,,,6,,,,
WIR,DIVERSE,CLAPUR,16,7/15/2024,5,E4,15.3,,1,,,,,2,,,,
WIR,DIVERSE,CLAPUR,17,7/15/2024,5,D2,21.5,,1,,,,,3,,,,
WIR,DIVERSE,CLAPUR,18,7/15/2024,5,B1,23.7,,1,,,,,26,,,,
WIR,DIVERSE,CLAPUR,19,7/15/2024,5,B2,22.5,,1,,,,,5,,,,
WIR,DIVERSE,CLAPUR,20,7/15/2024,5,A5,9.4,,1,,,,,4,,,,
WIR,DIVERSE,CLAPUR,21,7/17/2024,6,A2,15.4,,1,,,,,10,,,,
WIR,DIVERSE,CLAPUR,22,7/17/2024,6,A4,22.0,,1,,,,,17,,,,
WIR,DIVERSE,CLAPUR,23,7/17/2024,6,C2,28.6,,1,,,,,25,,,,
WIR,DIVERSE,CLAPUR,24,7/17/2024,6,D5,30.3,,1,,,,,5,,,,
WIR,DIVERSE,CLAPUR,25,7/17/2024,4,E5,18.2,,1,,,,,2,,,,
WIR,DIVERSE,CLAPUR,26,7/17/2024,4,E3,19.6,,,,,,,4,,,,
WIR,DIVERSE,CLAPUR,27,7/17/2024,4,E1,16.5,,,,,,,7,,,,
WIR,DIVERSE,CLAPUR,28,7/17/2024,4,E4,20.1,,,,,,,4,,,,
WIR,DIVERSE,CLAPUR,29,7/17/2024,4,C2,28.1,,2,,,,,13,,,,
WIR,DIVERSE,CLAPUR,30,7/17/2024,7,D2,11.1,,,,,,,2,,,,
WIR,DIVERSE,CLAPUR,31,7/17/2024,7,A2,16.4,,,,,,,21,,,,
WIR,DIVERSE,CLAPUR,52,7/17/2024,8,B3,25.1,,,,,,,5,,,,
WIR,DIVERSE,CLAPUR,32,7/17/2024,7,D4,21.5,,,,,,,21,,,,
WIR,DIVERSE,CLAPUR,53,7/17/2024,8,A3,16.0,,,,,,,5,,,,
WIR,DIVERSE,CLAPUR,33,7/17/2024,7,A4,18.5,,,,,,,15,,,,
WIR,DIVERSE,CLAPUR,34,7/17/2024,7,C4,11.8,,,,,,,5,,,,
WIR,DIVERSE,CLAPUR,35,7/17/2024,11,A1,12.2,,,,,,,6,,,,
WIR,DIVERSE,CLAPUR,36,7/17/2024,11,A3,8.0,,,,,,,2,,,,
WIR,DIVERSE,CLAPUR,37,7/17/2024,11,B1,15.9,,,,,,,2,,,,
WIR,DIVERSE,CLAPUR,38,7/17/2024,11,A4,15.8,,,,,,,7,,,,
WIR,DIVERSE,CLAPUR,39,7/17/2024,11,B5,14.6,,,,,,,2,,,,
WIR,DIVERSE,CLAPUR,40,7/17/2024,11,B2,14.9,,,,,,,4,,,,
WIR,DIVERSE,CLAPUR,41,7/17/2024,11,D2,12.8,,,,,,,2,,,,
WIR,DIVERSE,CLAPUR,42,7/17/2024,11,D3,13.4,,,,,,,5,,,,
WIR,DIVERSE,CLAPUR,43,7/17/2024,11,D4,11.1,,,,,,,4,,,,
WIR,DIVERSE,CLAPUR,44,7/17/2024,9,A1,21.0,,,,,,,18,,,,
WIR,DIVERSE,CLAPUR,45,7/17/2024,9,D4,9.8,,,,,,,2,,,,
WIR,DIVERSE,CLAPUR,46,7/17/2024,9,A3,29.7,,,,,,,14,,,,
WIR,DIVERSE,CLAPUR,47,7/17/2024,9,C4,5.2,,,,,,,1,,,,
WIR,DIVERSE,CLAPUR,48,7/17/2024,9,C2,9.0,,,,,,,5,,,,
WIR,DIVERSE,CLAPUR,49,7/17/2024,9,C5,10.2,,,,,,,3,,,,
WIR,DIVERSE,CLAPUR,50,7/17/2024,9,C1,11.0,,,,,,,4,,,,
WIR,DIVERSE,CLAPUR,51,7/17/2024,9,D4,11.9,,,,,,,1,,,,
WIR,DIVERSE,COLLIN,2,7/15/2024,2,D1,,0.032,1,,,,,4,,,,
WIR,DIVERSE,COLLIN,3,7/17/2024,4,A5,,0.033,,,,,,3,,,,
WIR,DIVERSE,COLLIN,4,7/12/2024,1,B4,,,1,,,,,4,,,,
WIR,DIVERSE,COLLIN,5,7/12/2024,1,C1,,,1,,,,,3,,,,
WIR,DIVERSE,COLLIN,6,7/12/2024,1,C3,,,1,,,,,8,,,,
WIR,DIVERSE,COLLIN,7,7/15/2024,2,D5,,0.030,1,,,,,2,,,,
WIR,DIVERSE,COLLIN,8,7/15/2024,2,D1,,,1,,,,,2,,,,
WIR,DIVERSE,COLLIN,9,7/15/2024,2,D4,,,1,,,,,2,,,,
WIR,DIVERSE,COLLIN,10,7/15/2024,2,C3,,,1,,,,,2,,,,
WIR,DIVERSE,COLLIN,11,7/15/2024,3,D4,,0.053,1,,,,,2,,,,
WIR,DIVERSE,COLLIN,12,7/15/2024,5,D1,,,1,,,,,2,,,,
WIR,DIVERSE,COLLIN,13,7/17/2024,6,C5,,0.449,1,,,,,48,,,,
WIR,DIVERSE,COLLIN,14,7/17/2024,6,A5,,0.142,1,,,,,18,,,,
WIR,DIVERSE,COLLIN,15,7/17/2024,4,E4,,,1,,,,,4,,,,
WIR,DIVERSE,COLLIN,16,7/17/2024,7,D1,,,1,,,,,7,,,,
WIR,DIVERSE,COLLIN,17,7/17/2024,7,A3,,,1,,,,,4,,,,
WIR,DIVERSE,COLLIN,18,7/17/2024,7,C2,,,1,,,,,5,,,,
WIR,DIVERSE,COLLIN,19,7/17/2024,7,B1,,,,,,,,4,,,,
WIR,DIVERSE,COLLIN,20,7/17/2024,10,A5,,,1,,,,,4,,,,
WIR,DIVERSE,COLLIN,21,7/17/2024,10,A3,,,,,,,,2,,,,
WIR,DIVERSE,COLLIN,22,7/17/2024,8,B5,,,,,,,,11,,,,
WIR,DIVERSE,COLLIN,23,7/17/2024,11,C5,,,,,,,,5,,,,
WIR,DIVERSE,COLLIN,24,7/17/2024,9,A5,,,,,,,,9,,,,
WIR,DIVERSE,COLLIN,25,7/17/2024,9,A4,,,,,,,,5,,,,
WIR,DIVERSE,COLLIN,26,7/17/2024,9,B3,,,,,,,,12,,,,
WIR,DIVERSE,COLLOM,1,7/17/2024,4,B1,16.3,1.136,,5,11,9,,47,,,,
WIR,DIVERSE,COLLOM,2,7/15/2024,3,B3,11.5,0.456,1,4,6,4,,18,,,,
WIR,DIVERSE,COLLOM,4,7/12/2024,1,E4,7.1,,3,3,,,,,,,,
WIR,DIVERSE,COLLOM,5,7/12/2024,1,A1,4.0,,1,1,,,,,,,,
WIR,DIVERSE,COLLOM,6,7/12/2024,1,C4,10.6,0.540,3,3,6,5,,16,,,,
WIR,DIVERSE,COLLOM,7,7/12/2024,1,A2,7.3,,1,1,,,,,,,,
WIR,DIVERSE,COLLOM,8,7/15/2024,2,A3,5.4,0.030,1,1,1,0,,1,,,,
WIR,DIVERSE,COLLOM,9,7/15/2024,2,E2,8.5,,1,1,,,,,,,,
WIR,DIVERSE,COLLOM,10,7/15/2024,2,C3,5.9,,1,2,,,,,,,,
WIR,DIVERSE,COLLOM,11,7/15/2024,2,C1,15.5,0.307,1,1,7,0,,7,,,,
WIR,DIVERSE,COLLOM,12,7/15/2024,3,E5,11.5,,1,4,,,,,,,,
WIR,DIVERSE,COLLOM,13,7/15/2024,3,D5,11.8,,1,3,,,,,,,,
WIR,DIVERSE,COLLOM,14,7/15/2024,3,C5,13.1,0.383,1,2,13,1,,14,,,,
WIR,DIVERSE,COLLOM,15,7/15/2024,3,A2,15.5,,,1,,,,,,,,
WIR,DIVERSE,COLLOM,16,7/15/2024,5,A1,9.5,,,1,,,,,,,,
WIR,DIVERSE,COLLOM,17,7/17/2024,4,B2,20.1,,,7,,,,,,,,
WIR,DIVERSE,COLLOM,19,7/17/2024,4,D5,5.2,0.041,1,1,1,0,,1,,,,
WIR,DIVERSE,COLLOM,20,7/17/2024,7,C1,15.2,0.381,1,6,5,3,,20,,,,
WIR,DIVERSE,COLLOM,21,7/17/2024,7,B4,9.0,,1,5,,,,,,,,
WIR,DIVERSE,COLLOM,22,7/17/2024,11,B3,5.8,,1,1,,,,,,,,
WIR,DIVERSE,COLLOM,23,7/17/2024,11,B5,13.9,,1,3,,,,,,,,
WIR,DIVERSE,COLLOM,24,7/17/2024,11,C3,7.5,,1,1,,,,,,,,
WIR,DIVERSE,COLLOM,25,7/17/2024,11,D5,10.5,,1,1,,,,,,,,
WIR,DIVERSE,COLLOM,26,7/17/2024,11,C4,11.5,,1,1,,,,,,,,
WIR,DIVERSE,COLLOM,27,7/17/2024,11,C2,12.3,,,2,,,,,,,,
WIR,DIVERSE,COLLOM,28,7/17/2024,9,A4,12.6,,,5,,,,,,,,
WIR,DIVERSE,COLLOM,29,7/17/2024,9,A3,8.9,,,1,,,,,,,,
WIR,DIVERSE,COLLOM,30,7/17/2024,9,D3,7.1,,,,,,,,,,,
WIR,DIVERSE,COLLOM,31,7/17/2024,9,B2,9.1,,,1,,,,,,,,
WIR,DIVERSE,COLLOM,32,7/17/2024,9,B4,5.0,,,1,,,,,,,,
WIR,DIVERSE,COLLOM,33,7/17/2024,9,D1,9.9,,,5,,,,,,,,
WIR,DIVERSE,EPIDEN,2,7/15/2024,5,E1,19.9,0.314,1,,,,,10,,,,
WIR,DIVERSE,EPIDEN,3,7/15/2024,2,C2,16.5,0.146,1,,,,,8,,,,
WIR,DIVERSE,EPIDEN,4,7/12/2024,1,E5,12.8,,1,,,,,,,,,
WIR,DIVERSE,EPIDEN,5,7/12/2024,1,C1,9.0,,1,,,,,,,,,
WIR,DIVERSE,EPIDEN,6,7/12/2024,1,E4,13.6,,1,,,,,,,,,
WIR,DIVERSE,EPIDEN,7,7/15/2024,2,D4,6.4,,1,,,,,,,,,
WIR,DIVERSE,EPIDEN,8,7/15/2024,2,A5,8.6,,1,,,,,,,,,
WIR,DIVERSE,EPIDEN,9,7/15/2024,3,A5,13.9,,,,,,,,,,,
WIR,DIVERSE,EPIDEN,10,7/15/2024,3,A1,12.5,,,,,,,,,,,
WIR,DIVERSE,EPIDEN,11,7/15/2024,5,D3,16.6,0.134,1,,,,,6,,,,
WIR,DIVERSE,EPIDEN,12,7/15/2024,5,D5,16.5,,1,,,,,,,,,
WIR,DIVERSE,EPIDEN,13,7/15/2024,5,C5,5.8,0.146,1,,,,,7,,,,
WIR,DIVERSE,EPIDEN,14,7/15/2024,5,C3,22.1,,,,,,,,,,,
WIR,DIVERSE,EPIDEN,15,7/15/2024,5,A4,13.0,,,,,,,,,,,
WIR,DIVERSE,EPIDEN,16,7/17/2024,6,C3,19.1,,1,,,,,,,,,
WIR,DIVERSE,EPIDEN,17,7/17/2024,6,C5,23.1,,,,,,,,,,,
WIR,DIVERSE,EPIDEN,18,7/17/2024,,C4,16.5,0.233,,,,,,11,,,,
WIR,DIVERSE,EPIDEN,19,7/17/2024,4,A2,27.1,,,,,,,,,,,
WIR,DIVERSE,EPIDEN,20,7/17/2024,4,B4,10.3,,3,,,,,,,,,
WIR,DIVERSE,EPIDEN,21,7/17/2024,4,D2,19.2,0.296,3,,,,,11,,,,
WIR,DIVERSE,EPIDEN,22,7/17/2024,4,C1,12.8,,,,,,,,,,,
WIR,DIVERSE,EPIDEN,23,7/17/2024,4,B3,20.6,,,,,,,,,,,
WIR,DIVERSE,EPIDEN,24,7/17/2024,7,A1,12.8,,,,,,,,,,,
WIR,DIVERSE,EPIDEN,25,7/17/2024,7,C3,11.2,0.046,,,,,,6,,,,
WIR,DIVERSE,EPIDEN,26,7/17/2024,7,B1,11.8,,,,,,,,,,,
WIR,DIVERSE,EPIDEN,27,7/17/2024,11,C4,14.0,,,,,,,,,,,
WIR,DIVERSE,EPIDEN,28,7/17/2024,11,C1,6.9,,,,,,,,,,,
WIR,DIVERSE,EPIDEN,29,7/17/2024,9,C3,11.4,,,,,,,,,,,
WIR,DIVERSE,EPIDEN,30,7/17/2024,9,B3,12.0,0.143,,,,,,8,,,,
WIR,DIVERSE,EPIDEN,31,7/17/2024,8,A4,19.1,,,,,,,,,,,
WIR,DIVERSE,GILCAP,1,7/15/2024,2,D2,21.1,0.212,1,1,,,25,25,,,,
WIR,DIVERSE,GILCAP,3,7/17/2024,4,C4,21.2,0.246,,2,,,25,50,,,,
WIR,DIVERSE,GILCAP,4,7/12/2024,1,E1,11.4,,1,2,,,25,50,,,,
WIR,DIVERSE,GILCAP,5,7/12/2024,1,B5,22.5,,1,5,,,25,125,,,,
WIR,DIVERSE,GILCAP,6,7/12/2024,1,D3,18.7,,1,1,,,25,25,,,,
WIR,DIVERSE,GILCAP,7,7/12/2024,1,B2,22.8,,1,4,,,25,100,,,,
WIR,DIVERSE,GILCAP,8,7/15/2024,2,A4,12.0,0.089,1,1,,,25,25,,,,
WIR,DIVERSE,GILCAP,9,7/16/2024,2,D3,13.5,,1,1,,,25,25,,,,
WIR,DIVERSE,GILCAP,10,7/16/2024,2,B5,15.1,,1,1,,,25,25,,,,
WIR,DIVERSE,GILCAP,11,7/16/2024,2,B2,39.4,,1,7,,,25,175,,,,
WIR,DIVERSE,GILCAP,12,7/16/2024,3,E4,22.6,0.297,1,4,,,25,100,,,,
WIR,DIVERSE,GILCAP,13,7/16/2024,3,D2,19.6,0.241,1,3,,,25,75,,,,
WIR,DIVERSE,GILCAP,14,7/16/2024,5,E2,40.5,,1,2,,,25,50,,,,
WIR,DIVERSE,GILCAP,15,7/16/2024,5,B5,22.5,,1,2,,,25,50,,,,
WIR,DIVERSE,GILCAP,16,7/16/2024,5,B3,24.1,,1,1,,,25,25,,,,
WIR,DIVERSE,GILCAP,17,7/17/2024,6,B3,26.0,,1,3,,,25,75,,,,
WIR,DIVERSE,GILCAP,18,7/17/2024,6,B5,34.5,,1,3,,,25,75,,,,
WIR,DIVERSE,GILCAP,19,7/17/2024,6,C4,22.2,,1,2,,,25,50,,,,
WIR,DIVERSE,GILCAP,20,7/17/2024,6,E4,43.8,,1,8,,,25,200,,,,
WIR,DIVERSE,GILCAP,21,7/17/2024,6,B4,31.3,,1,1,,,25,25,,,,
WIR,DIVERSE,GILCAP,22,7/17/2024,4,A3,30.4,,1,5,,,25,125,,,,
WIR,DIVERSE,GILCAP,23,7/17/2024,4,E2,28.9,,1,8,,,25,200,,,,
WIR,DIVERSE,GILCAP,24,7/17/2024,4,D3,18.3,,,2,,,25,50,,,,
WIR,DIVERSE,GILCAP,25,7/17/2024,7,B3,26.0,,,4,,,25,100,,,,
WIR,DIVERSE,GILCAP,26,7/17/2024,7,B4,19.0,,,6,,,25,150,,,,
WIR,DIVERSE,GILCAP,27,7/17/2024,8,C4,17.0,,,1,,,25,25,,,,
WIR,DIVERSE,GILCAP,28,7/17/2024,8,A5,16.1,,,2,,,25,50,,,,
WIR,DIVERSE,GILCAP,29,7/17/2024,8,C3,24.0,,,6,,,25,150,,,,
WIR,DIVERSE,GILCAP,30,7/17/2024,11,C1,15.8,,,1,,,25,25,,,,
WIR,DIVERSE,GILCAP,31,7/17/2024,11,C3,13.5,,,3,,,25,75,,,,
WIR,DIVERSE,GILCAP,32,7/17/2024,11,B5,19.7,,,1,,,25,25,,,,
WIR,DIVERSE,GILCAP,33,7/17/2024,9,B5,19.5,,,1,,,25,25,,,,
WIR,DIVERSE,GILCAP,34,7/17/2024,9,A4,24.5,,,1,,,25,25,,,,
WIR,DIVERSE,GILCAP,35,7/17/2024,9,B5,11.6,,,1,,,25,25,,,,
WIR,DIVERSE,GILCAP,36,7/17/2024,9,A1,13.6,,,1,,,25,25,,,,
WIR,DIVERSE,NAVSQU,1,7/17/2024,4,B1,28.1,0.684,,2,29,2,,31,,,,
WIR,DIVERSE,NAVSQU,2,7/15/2024,1,A1,6.8,0.031,1,1,4,0,,4,,,,
WIR,DIVERSE,NAVSQU,3,7/15/2024,5,C1,23.9,0.426,1,1,17,0,,17,,,,
WIR,DIVERSE,NAVSQU,4,7/12/2024,1,D1,12.1,,1,1,,,,,,,,
WIR,DIVERSE,NAVSQU,5,7/12/2024,1,E3,17.2,,1,1,,,,,,,,
WIR,DIVERSE,NAVSQU,6,7/12/2024,1,A4,10.6,,1,2,,,,,,,,
WIR,DIVERSE,NAVSQU,7,7/15/2024,2,E5,11.3,,1,1,,,,,,,,
WIR,DIVERSE,NAVSQU,8,7/15/2024,2,B3,8.1,,1,2,,,,,,,,
WIR,DIVERSE,NAVSQU,9,7/15/2024,2,C1,19.5,0.233,1,8,11,0,,11,,,,
WIR,DIVERSE,NAVSQU,10,7/15/2024,2,B1,25.4,,1,1,,,,,,,,
WIR,DIVERSE,NAVSQU,11,7/15/2024,3,E2,17.3,,1,1,,,,,,,,
WIR,DIVERSE,NAVSQU,12,7/15/2024,3,E1,14.9,,1,1,,,,,,,,
WIR,DIVERSE,NAVSQU,13,7/15/2024,3,D1,9.6,,1,1,,,,,,,,
WIR,DIVERSE,NAVSQU,14,7/15/2024,3,B1,7.5,,1,1,,,,,,,,
WIR,DIVERSE,NAVSQU,15,7/15/2024,5,E5,25.8,,1,4,,,,,,,,
WIR,DIVERSE,NAVSQU,16,7/15/2024,3,C1,23.5,,1,1,,,,,,,,
WIR,DIVERSE,NAVSQU,17,7/15/2024,5,E3,17.8,,1,1,,,,,,,,
WIR,DIVERSE,NAVSQU,18,7/15/2024,5,D4,13.1,,1,1,,,,,,,,
WIR,DIVERSE,NAVSQU,19,7/15/2024,5,C2,14.8,,1,,,,,,,,,
WIR,DIVERSE,NAVSQU,20,7/15/2024,5,A2,11.0,,,1,,,,,,,,
WIR,DIVERSE,NAVSQU,21,7/15/2024,5,C4,22.2,,1,1,,,,,,,,
WIR,DIVERSE,NAVSQU,22,7/15/2024,5,A3,22.0,,,2,,,,,,,,
WIR,DIVERSE,NAVSQU,23,7/17/2024,6,A3,20.2,0.263,1,1,21,0,,21,,,,
WIR,DIVERSE,NAVSQU,24,7/17/2024,6,D2,13.9,0.700,1,1,6,0,,6,,,,
WIR,DIVERSE,NAVSQU,25,7/17/2024,6,E5,24.1,,1,,,,,,,,,
WIR,DIVERSE,NAVSQU,26,7/17/2024,4,A1,31.6,,,6,,,,,,,,
WIR,DIVERSE,NAVSQU,27,7/17/2024,4,D1,16.5,,,1,,,,,,,,
WIR,DIVERSE,NAVSQU,28,7/17/2024,7,D3,12.2,0.081,,1,6,0,,6,,,,
WIR,DIVERSE,NAVSQU,29,7/17/2024,7,B2,8.8,,,1,,,,,,,,
WIR,DIVERSE,NAVSQU,30,7/17/2024,11,A5,14.2,0.104,,1,7,0,,7,,,,
WIR,DIVERSE,NAVSQU,31,7/17/2024,11,A4,23.4,,,4,,,,,,,,
WIR,DIVERSE,NAVSQU,32,7/17/2024,11,D1,21.8,,,1,,,,,,,,
WIR,DIVERSE,NAVSQU,33,7/17/2024,9,D1,16.4,,,1,,,,,,,,
WIR,DIVERSE,NAVSQU,34,7/17/2024,9,D5,7.8,,,1,,,,,,,,
WIR,DIVERSE,NAVSQU,35,7/17/2024,9,A2,18.2,,,1,,,,,,,,
WIR,DIVERSE,NAVSQU,36,7/17/2024,9,B1,5.2,,,1,,,,,,,,
WIR,DIVERSE,NAVSQU,37,7/17/2024,9,D2,12.6,,,1,,,,,,,,
WIR,DIVERSE,NAVSQU,38,7/17/2024,9,A5,14.3,,,1,,,,,,,,
WIR,DIVERSE,NAVSQU,39,7/17/2024,8,B4,19.0,,,1,,,,,,,,
WIR,DIVERSE,PLECON,1,7/15/2024,2,C2,16.0,,1,6,,,,,,,,
WIR,DIVERSE,PLECON,2,7/17/2024,4,B2,29.3,0.139,,5,,,,,,,,
WIR,DIVERSE,PLECON,4,7/12/2024,1,E1,20.9,,1,2,,,,,,,,
WIR,DIVERSE,PLECON,5,7/12/2024,1,C2,11.4,,1,2,,,,,,,,
WIR,DIVERSE,PLECON,6,7/12/2024,1,C3,18.2,,1,1,,,,,,,,
WIR,DIVERSE,PLECON,7,7/15/2024,2,D3,14.4,0.060,1,3,,,,,,,,
WIR,DIVERSE,PLECON,8,7/15/2024,2,D2,15.5,0.062,1,4,,,,,,,,
WIR,DIVERSE,PLECON,9,7/15/2024,2,E2,13.3,0.056,1,2,,,,,,,,
WIR,DIVERSE,PLECON,10,7/15/2024,5,E1,13.2,0.057,1,2,,,,,,,,
WIR,DIVERSE,PLECON,11,7/15/2024,3,A3,25.8,0.167,1,2,,,,,,,,
WIR,DIVERSE,PLECON,12,7/15/2024,3,A4,17.7,,1,4,,,,,,,,
WIR,DIVERSE,PLECON,13,7/15/2024,3,D3,11.2,0.040,1,7,,,,,,,,
WIR,DIVERSE,PLECON,14,7/15/2024,3,A4,16.9,0.027,1,3,,,,,,,,
WIR,DIVERSE,PLECON,15,7/17/2024,2,C5,20.2,,1,7,,,,,,,,
WIR,DIVERSE,PLECON,16,7/17/2024,10,B4,11.5,,,3,,,,,,,,
WIR,DIVERSE,PLECON,17,7/17/2024,10,C3,16.1,,,3,,,,,,,,
,,,,,,,,,,,,,,,,,,
,,,,,,,,,,,,,,,,,,
