PARK,PLOT,PLOT.NUM,SUBPLOT,SPECIES,REP,FFDATE,HEIGHT,DEATHDATE,NOTES,,,,,,,,,,,,,,,,
BR,ALONE,,,CLAPUR,1,6/20/2025,13.6,,,,,,,,,,,,,,,,,,
BR,ALONE,,,CLAPUR,2,,,6/17/2025,,,,,,,,,,,,,,,,,
BR,ALONE,,,CLAPUR,3,6/17/2025,7.9,,,,,,,,,,,,,,,,,,
BR,ALONE,,,CLAPUR,4,,,,,,,,,,,,,,,,,,,,
BR,ALONE,,,CLAPUR,5,,,,,,,,,,,,,,,,,,,,
BR,ALONE,,,CLAPUR,6,,,,,,,,,,,,,,,,,,,,
BR,ALONE,,,CLAPUR,7,,,,,,,,,,,,,,,,,,,,
BR,ALONE,,,CLAPUR,8,,,,,,,,,,,,,,,,,,,,
BR,ALONE,,,CLAPUR,9,,,,,,,,,,,,,,,,,,,,
BR,ALONE,,,CLAPUR,10,,,,,,,,,,,,,,,,,,,,
BR,ALONE,,,CLAPUR,11,6/25/2027,7.6,,,,,,,,,,,,,,,,,,
BR,ALONE,,,CLAPUR,12,,,,,,,,,,,,,,,,,,,,
BR,ALONE,,,CLAPUR,13,,,,,,,,,,,,,,,,,,,,
BR,ALONE,,,CLAPUR,14,,,,,,,,,,,,,,,,,,,,
BR,ALONE,,,CLAPUR,15,,,,,,,,,,,,,,,,,,,,
BR,ALONE,,,COLLIN,1,,,5/27/2025,,,,,,,,,,,,,,,,,
BR,ALONE,,,COLLIN,2,,,5/27/2025,odd 5/13,,,,,,,,,,,,,,,,
BR,ALONE,,,COLLIN,3,5/27/2025,8.6,,,,,,,,,,,,,,,,,,
BR,ALONE,,,COLLIN,4,,,5/27/2025,,,,,,,,,,,,,,,,,
BR,ALONE,,,COLLIN,5,,,6/2/2025,odd 5/30,,,,,,,,,,,,,,,,
BR,ALONE,,,COLLIN,6,,,6/2/2025,"H 5/2, odd 5/30",,,,,,,,,,,,,,,,
BR,ALONE,,,COLLIN,7,,,5/30/2025,gone 5/30,,,,,,,,,,,,,,,,
BR,ALONE,,,COLLIN,8,5/16/2025,6.4,6/2/2025,odd 5/30,,,,,,,,,,,,,,,,
BR,ALONE,,,COLLIN,9,,,5/27/2025,,,,,,,,,,,,,,,,,
BR,ALONE,,,COLLIN,10,5/13/2025,7.6,6/17/2025,"pushed out of ground, ODD 6/2",,,,,,,,,,,,,,,,
BR,ALONE,,,COLLIN,11,,,6/6/2025,ODD 6/2,,,,,,,,,,,,,,,,
BR,ALONE,,,COLLIN,12,5/27/2025,4.2,5/30/2025,gone 5/30,,,,,,,,,,,,,,,,
BR,ALONE,,,COLLIN,13,,,6/6/2025,,,,,,,,,,,,,,,,,
BR,ALONE,,,COLLIN,14,,,5/27/2025,,,,,,,,,,,,,,,,,
BR,ALONE,,,COLLIN,15,6/2/2025,3.3,6/9/2025,,,,,,,,,,,,,,,,,
BR,ALONE,,,COLLOM,1,6/27/2025,5.1,,"cleistogamous, height at first fruit",,,,,,,,,,,,,,,,
BR,ALONE,,,COLLOM,2,6/24/2025,5.1,,Cleistogamous ,,,,,,,,,,,,,,,,
BR,ALONE,,,COLLOM,3,6/24/2025,9.4,,Cleistogamous ,,,,,,,,,,,,,,,,
BR,ALONE,,,COLLOM,4,,,,,,,,,,,,,,,,,,,,
BR,ALONE,,,COLLOM,5,,,,,,,,,,,,,,,,,,,,
BR,ALONE,,,COLLOM,6,,,6/6/2025,,,,,,,,,,,,,,,,,
BR,ALONE,,,COLLOM,7,,,,"Herbivory, odd 6/27/25",,,,,,,,,,,,,,,,
BR,ALONE,,,COLLOM,8,6/24/2025,8.6,,Cleistogamous ,,,,,,,,,,,,,,,,
BR,ALONE,,,COLLOM,9,,,,,,,,,,,,,,,,,,,,
BR,ALONE,,,COLLOM,10,6/24/2025,6.2,,Cleistogamous ,,,,,,,,,,,,,,,,
BR,ALONE,,,COLLOM,11,6/24/2025,8.1,,Cleistogamous,,,,,,,,,,,,,,,,
BR,ALONE,,,COLLOM,12,,,,"Herbivory, odd 6/27/25",,,,,,,,,,,,,,,,
BR,ALONE,,,COLLOM,13,,,6/6/2025,,,,,,,,,,,,,,,,,
BR,ALONE,,,COLLOM,14,,,6/6/2025,,,,,,,,,,,,,,,,,
BR,ALONE,,,COLLOM,15,,,,Herbivory ,,,,,,,,,,,,,,,,
BR,ALONE,,,EPIDEN,1,,,,Odd 6/24/25,,,,,,,,,,,,,,,,
BR,ALONE,,,EPIDEN,2,,,,,,,,,,,,,,,,,,,,
BR,ALONE,,,EPIDEN,3,,,6/24/2025,,,,,,,,,,,,,,,,,
BR,ALONE,,,EPIDEN,4,,,,,,,,,,,,,,,,,,,,
BR,ALONE,,,EPIDEN,5,,,,,,,,,,,,,,,,,,,,
BR,ALONE,,,EPIDEN,6,,,,,,,,,,,,,,,,,,,,
BR,ALONE,,,EPIDEN,7,,,,,,,,,,,,,,,,,,,,
BR,ALONE,,,EPIDEN,8,,,,,,,,,,,,,,,,,,,,
BR,ALONE,,,EPIDEN,9,6/27/2025,9.0,,,,,,,,,,,,,,,,,,
BR,ALONE,,,EPIDEN,10,6/27/2025,8.4,,,,,,,,,,,,,,,,,,
BR,ALONE,,,EPIDEN,11,,,,,,,,,,,,,,,,,,,,
BR,ALONE,,,EPIDEN,12,6/27/2025,7.0,,,,,,,,,,,,,,,,,,
BR,ALONE,,,EPIDEN,13,,,,,,,,,,,,,,,,,,,,
BR,ALONE,,,EPIDEN,14,6/20/2025,10.4,,Herbivory ,,,,,,,,,,,,,,,,
BR,ALONE,,,EPIDEN,15,6/27/2025,5.5,,,,,,,,,,,,,,,,,,
BR,ALONE,,,GILCAP,1,6/25/2027,9.5,,h 6/2,,,,,,,,,,,,,,,,
BR,ALONE,,,GILCAP,2,6/24/2025,12.4,,h 6/2,,,,,,,,,,,,,,,,
BR,ALONE,,,GILCAP,3,6/27/2025,,,h 6/2,,,,,,,,,,,,,,,,
BR,ALONE,,,GILCAP,4,6/20/2025,13.8,,h 6/2,,,,,,,,,,,,,,,,
BR,ALONE,,,GILCAP,5,6/20/2025,21.6,,h 6/2,,,,,,,,,,,,,,,,
BR,ALONE,,,GILCAP,6,,,,h 6/2,,,,,,,,,,,,,,,,
BR,ALONE,,,GILCAP,7,,,6/20/2025,h 6/2,,,,,,,,,,,,,,,,
BR,ALONE,,,GILCAP,8,,,,h 6/2,,,,,,,,,,,,,,,,
BR,ALONE,,,GILCAP,9,,,,h 6/2,,,,,,,,,,,,,,,,
BR,ALONE,,,GILCAP,10,,,,h 6/2,,,,,,,,,,,,,,,,
BR,ALONE,,,GILCAP,11,,,,,,,,,,,,,,,,,,,,
BR,ALONE,,,GILCAP,12,,,,,,,,,,,,,,,,,,,,
BR,ALONE,,,GILCAP,13,,,6/24/2025,,,,,,,,,,,,,,,,,
BR,ALONE,,,GILCAP,14,6/20/2025,30.0,,herbivory,,,,,,,,,,,,,,,,
BR,ALONE,,,GILCAP,15,,,,,,,,,,,,,,,,,,,,
BR,ALONE,,,NAVSQU,1,6/17/2025,30.0,,,,,,,,,,,,,,,,,,
BR,ALONE,,,NAVSQU,2,6/17/2025,22.3,,,,,,,,,,,,,,,,,,
BR,ALONE,,,NAVSQU,3,6/17/2025,35.3,,,,,,,,,,,,,,,,,,
BR,ALONE,,,NAVSQU,4,6/17/2025,16.0,,,,,,,,,,,,,,,,,,
BR,ALONE,,,NAVSQU,5,6/17/2025,20.5,,,,,,,,,,,,,,,,,,
BR,ALONE,,,NAVSQU,6,6/17/2025,28.2,,,,,,,,,,,,,,,,,,
BR,ALONE,,,NAVSQU,7,6/17/2025,14.7,,,,,,,,,,,,,,,,,,
BR,ALONE,,,NAVSQU,8,6/20/2025,7.0,,,,,,,,,,,,,,,,,,
BR,ALONE,,,NAVSQU,9,6/24/2025,12.1,,,,,,,,,,,,,,,,,,
BR,ALONE,,,NAVSQU,10,6/17/2025,16.1,,,,,,,,,,,,,,,,,,
BR,ALONE,,,NAVSQU,11,,,6/17/2025,,,,,,,,,,,,,,,,,
BR,ALONE,,,NAVSQU,12,6/17/2025,14.0,,,,,,,,,,,,,,,,,,
BR,ALONE,,,NAVSQU,13,6/20/2025,32.9,,,,,,,,,,,,,,,,,,
BR,ALONE,,,NAVSQU,14,6/17/2025,13.4,,,,,,,,,,,,,,,,,,
BR,ALONE,,,NAVSQU,15,6/17/2025,16.8,,,,,,,,,,,,,,,,,,
BR,ALONE,,,PLAFIG,1,5/13/2025,3.0,,,,,,,,,,,,,,,,,,
BR,ALONE,,,PLAFIG,2,5/13/2025,7.1,,,,,,,,,,,,,,,,,,
BR,ALONE,,,PLAFIG,3,5/2/2025,9.5,,,,,,,,,,,,,,,,,,
BR,ALONE,,,PLAFIG,4,5/9/2025,9.9,6/17/2025,,,,,,,,,,,,,,,,,
BR,ALONE,,,PLAFIG,5,5/13/2025,5.5,,,,,,,,,,,,,,,,,,
BR,ALONE,,,PLAFIG,6,5/13/2025,11.6,,,,,,,,,,,,,,,,,,
BR,ALONE,,,PLAFIG,7,5/9/2025,9.2,,,,,,,,,,,,,,,,,,
BR,ALONE,,,PLAFIG,8,5/13/2025,11.4,,,,,,,,,,,,,,,,,,
BR,ALONE,,,PLAFIG,9,5/6/2025,8.2,,,,,,,,,,,,,,,,,,
BR,ALONE,,,PLAFIG,10,5/30/2025,1.9,6/17/2025,h 5/9,,,,,,,,,,,,,,,,
BR,ALONE,,,PLAFIG,11,5/13/2025,9.1,,,,,,,,,,,,,,,,,,
BR,ALONE,,,PLAFIG,12,5/6/2025,5.8,,pushed out of ground 6/2,,,,,,,,,,,,,,,,
BR,ALONE,,,PLAFIG,13,5/13/2025,6.0,5/20/2025,,,,,,,,,,,,,,,,,
BR,ALONE,,,PLAFIG,14,5/6/2025,12.5,,h 5/9,,,,,,,,,,,,,,,,
BR,ALONE,,,PLAFIG,15,4/29/2025,14.0,,,,,,,,,,,,,,,,,,
BR,ALONE,,,PLECON,1,4/29/2025,7.1,5/13/2025,,,,,,,,,,,,,,,,,
BR,ALONE,,,PLECON,2,4/29/2025,9.2,5/9/2025,,,,,,,,,,,,,,,,,
BR,ALONE,,,PLECON,3,4/18/2025,7.8,5/27/2025,h 4/29,,,,,,,,,,,,,,,,
BR,ALONE,,,PLECON,4,5/2/2025,7.5,5/9/2025,,,,,,,,,,,,,,,,,
BR,ALONE,,,PLECON,5,5/16/2025,8.6,6/17/2025,,,,,,,,,,,,,,,,,
BR,ALONE,,,PLECON,6,5/2/2025,11.2,6/9/2025,H (4/15),,,,,,,,,,,,,,,,
BR,ALONE,,,PLECON,7,4/29/2025,10.0,5/13/2025,,,,,,,,,,,,,,,,,
BR,ALONE,,,PLECON,8,4/15/2025,5.8,5/9/2025,odd 5/2,,,,,,,,,,,,,,,,
BR,ALONE,,,PLECON,9,5/2/2025,7.6,5/9/2025,,,,,,,,,,,,,,,,,
BR,ALONE,,,PLECON,10,5/27/2025,8.8,,H (4/15),,,,,,,,,,,,,,,,
BR,ALONE,,,PLECON,11,5/6/2025,10.2,,H (4/15),,,,,,,,,,,,,,,,
BR,ALONE,,,PLECON,12,4/22/2025,7.5,5/16/2025,h 4/29,,,,,,,,,,,,,,,,
BR,ALONE,,,PLECON,13,,,5/13/2025,,,,,,,,,,,,,,,,,
BR,ALONE,,,PLECON,14,4/29/2025,10.9,5/9/2025,,,,,,,,,,,,,,,,,
BR,ALONE,,,PLECON,15,5/2/2025,4.0,,,,,,,,,,,,,,,,,,
BR,DIVERSE,12,,CLAPUR,1,,,,broken top,,,,,,,,,,,,,,,,
BR,DIVERSE,10,,CLAPUR,2,,,6/20/2025,,,,,,,,,,,,,,,,,
BR,DIVERSE,3,,CLAPUR,3,6/17/2025,7.1,,measured at fruit,,,,,,,,,,,,,,,,
BR,DIVERSE,11,,CLAPUR,4,6/17/2025,14.5,,,,,,,,,,,,,,,,,,
BR,DIVERSE,7,,CLAPUR,5,6/24/2025,6.4,,,,,,,,,,,,,,,,,,
BR,DIVERSE,13,,CLAPUR,6,6/17/2025,29.8,,,,,,,,,,,,,,,,,,
BR,DIVERSE,12,,CLAPUR,7,,,,,,,,,,,,,,,,,,,,
BR,DIVERSE,6,,CLAPUR,8,,,,,,,,,,,,,,,,,,,,
BR,DIVERSE,12,,CLAPUR,9,6/20/2025,18.1,,height at fruit,,,,,,,,,,,,,,,,
BR,DIVERSE,12,,CLAPUR,10,6/20/2025,14.3,,  height at fruit,,,,,,,,,,,,,,,,
BR,DIVERSE,1,,COLLIN,1,5/27/2025,12.6,,,,,,,,,,,,,,,,,,
BR,DIVERSE,1,,COLLIN,2,5/27/2025,8.7,,,,,,,,,,,,,,,,,,
BR,DIVERSE,1,,COLLIN,3,5/23/2025,15.3,,,,,,,,,,,,,,,,,,
BR,DIVERSE,3,,COLLIN,4,5/16/2025,10.5,,,,,,,,,,,,,,,,,,
BR,DIVERSE,11,,COLLIN,5,,,6/17/2025,,,,,,,,,,,,,,,,,
BR,DIVERSE,4,,COLLIN,6,,,6/17/2025,,,,,,,,,,,,,,,,,
BR,DIVERSE,10,,COLLIN,7,,,6/17/2025,odd and very small 5/30,,,,,,,,,,,,,,,,
BR,DIVERSE,2,,COLLIN,8,5/16/2025,11.9,,,,,,,,,,,,,,,,,,
BR,DIVERSE,4,,COLLIN,9,6/2/2025,4.2,6/17/2025,,,,,,,,,,,,,,,,,
BR,DIVERSE,7,,COLLIN,10,,,6/24/2025,ODD and small 6/2,,,,,,,,,,,,,,,,
BR,DIVERSE,3,,COLLOM,1,,,6/6/2025,,,,,,,,,,,,,,,,,
BR,DIVERSE,1,,COLLOM,2,6/6/2025,9.0,,,,,,,,,,,,,,,,,,
BR,DIVERSE,3,,COLLOM,3,,,6/17/2025,,,,,,,,,,,,,,,,,
BR,DIVERSE,1,,COLLOM,4,6/24/2025,15.5,,height at fruit,,,,,,,,,,,,,,,,
BR,DIVERSE,3,,COLLOM,5,6/27/2025,13.1,,,,,,,,,,,,,,,,,,
BR,DIVERSE,1,,COLLOM,6,6/9/2025,13.3,,,,,,,,,,,,,,,,,,
BR,DIVERSE,14,,COLLOM,7,6/24/2025,13.3,,,,,,,,,,,,,,,,,,
BR,DIVERSE,,,COLLOM,8,,,,,,,,,,,,,,,,,,,,
BR,DIVERSE,,,COLLOM,9,,,,,,,,,,,,,,,,,,,,
BR,DIVERSE,,,COLLOM,10,,,,,,,,,,,,,,,,,,,,
BR,DIVERSE,12,,EPIDEN,1,,,,odd 6/24/25,,,,,,,,,,,,,,,,
BR,DIVERSE,3,,EPIDEN,2,6/9/2025,2.5,,,,,,,,,,,,,,,,,,
BR,DIVERSE,5,,EPIDEN,3,6/20/2025,3.1,,,,,,,,,,,,,,,,,,
BR,DIVERSE,8,,EPIDEN,4,,,6/17/2025,,,,,,,,,,,,,,,,,
BR,DIVERSE,11,,EPIDEN,5,,,6/17/2025,,,,,,,,,,,,,,,,,
BR,DIVERSE,12,,EPIDEN,6,6/20/2025,6.6,,,,,,,,,,,,,,,,,,
BR,DIVERSE,5,,EPIDEN,7,,,6/17/2025,,,,,,,,,,,,,,,,,
BR,DIVERSE,6,,EPIDEN,8,,,6/17/2025,,,,,,,,,,,,,,,,,
BR,DIVERSE,8,,EPIDEN,9,,,6/17/2025,,,,,,,,,,,,,,,,,
BR,DIVERSE,,,EPIDEN,10,,,,,,,,,,,,,,,,,,,,
BR,DIVERSE,12,,GILCAP,1,6/17/2025,13.1,,,,,,,,,,,,,,,,,,
BR,DIVERSE,14,,GILCAP,2,6/20/2025,23.6,,,,,,,,,,,,,,,,,,
BR,DIVERSE,11,,GILCAP,3,,,6/17/2025,,,,,,,,,,,,,,,,,
BR,DIVERSE,12,,GILCAP,4,6/17/2025,20.9,,,,,,,,,,,,,,,,,,
BR,DIVERSE,12,,GILCAP,5,,,,,,,,,,,,,,,,,,,,
BR,DIVERSE,10,,GILCAP,6,6/17/2025,14.3,,,,,,,,,,,,,,,,,,
BR,DIVERSE,13,,GILCAP,7,6/24/2025,19.1,,,,,,,,,,,,,,,,,,
BR,DIVERSE,11,,GILCAP,8,6/17/2025,16.5,,,,,,,,,,,,,,,,,,
BR,DIVERSE,10,,GILCAP,9,6/9/2025,18.5,,,,,,,,,,,,,,,,,,
BR,DIVERSE,13,,GILCAP,10,6/17/2025,14.4,,odd 6/24/25,,,,,,,,,,,,,,,,
BR,DIVERSE,,,NAVSQU,1,,,,,,,,,,,,,,,,,,,,
BR,DIVERSE,,,NAVSQU,2,,,,,,,,,,,,,,,,,,,,
BR,DIVERSE,,,NAVSQU,3,,,,,,,,,,,,,,,,,,,,
BR,DIVERSE,,,NAVSQU,4,,,,,,,,,,,,,,,,,,,,
BR,DIVERSE,,,NAVSQU,5,,,,,,,,,,,,,,,,,,,,
BR,DIVERSE,,,NAVSQU,6,,,,,,,,,,,,,,,,,,,,
BR,DIVERSE,,,NAVSQU,7,,,,,,,,,,,,,,,,,,,,
BR,DIVERSE,,,NAVSQU,8,,,,,,,,,,,,,,,,,,,,
BR,DIVERSE,,,NAVSQU,9,,,,,,,,,,,,,,,,,,,,
BR,DIVERSE,,,NAVSQU,10,,,,,,,,,,,,,,,,,,,,
BR,DIVERSE,,,PLAFIG,1,,,,,,,,,,,,,,,,,,,,
BR,DIVERSE,,,PLAFIG,2,,,,,,,,,,,,,,,,,,,,
BR,DIVERSE,,,PLAFIG,3,,,,,,,,,,,,,,,,,,,,
BR,DIVERSE,,,PLAFIG,4,,,,,,,,,,,,,,,,,,,,
BR,DIVERSE,,,PLAFIG,5,,,,,,,,,,,,,,,,,,,,
BR,DIVERSE,,,PLAFIG,6,,,,,,,,,,,,,,,,,,,,
BR,DIVERSE,,,PLAFIG,7,,,,,,,,,,,,,,,,,,,,
BR,DIVERSE,,,PLAFIG,8,,,,,,,,,,,,,,,,,,,,
BR,DIVERSE,,,PLAFIG,9,,,,,,,,,,,,,,,,,,,,
BR,DIVERSE,,,PLAFIG,10,,,,,,,,,,,,,,,,,,,,
BR,DIVERSE,7,,PLECON,1,4/29/2025,14.0,6/20/2025,,,,,,,,,,,,,,,,,
BR,DIVERSE,5,,PLECON,2,4/15/2025,10.0,,,,,,,,,,,,,,,,,,
BR,DIVERSE,5,,PLECON,3,4/22/2025,12.7,6/24/2025,,,,,,,,,,,,,,,,,
BR,DIVERSE,3,,PLECON,4,4/29/2025,11.0,,,,,,,,,,,,,,,,,,
BR,DIVERSE,1,,PLECON,5,4/29/2025,9.7,,,,,,,,,,,,,,,,,,
BR,DIVERSE,9,,PLECON,6,5/2/2025,3.5,,,,,,,,,,,,,,,,,,
BR,DIVERSE,4,,PLECON,7,4/29/2025,9.1,,,,,,,,,,,,,,,,,,
BR,DIVERSE,7,,PLECON,8,4/29/2025,8.1,,BT,,,,,,,,,,,,,,,,
BR,DIVERSE,14,,PLECON,9,4/22/2025,8.9,,,,,,,,,,,,,,,,,,
BR,DIVERSE,12,,PLECON,10,4/29/2025,10.4,6/20/2025,,,,,,,,,,,,,,,,,
RF,ALONE,,,CLAPUR,1,6/20/2025,23.1,,,,,,,,,,,,,,,,,,
RF,ALONE,,,CLAPUR,2,6/9/2025,31.5,,,,,,,,,,,,,,,,,,
RF,ALONE,,,CLAPUR,3,6/20/2025,16.0,,,,,,,,,,,,,,,,,,
RF,ALONE,,,CLAPUR,4,,,6/2/2025,,,,,,,,,,,,,,,,,
RF,ALONE,,,CLAPUR,5,6/9/2025,17.6,,,,,,,,,,,,,,,,,,
RF,ALONE,,,CLAPUR,6,6/20/2025,26.2,,,,,,,,,,,,,,,,,,
RF,ALONE,,,CLAPUR,7,6/20/2025,15.3,,,,,,,,,,,,,,,,,,
RF,ALONE,,,CLAPUR,8,6/20/2025,16.8,,,,,,,,,,,,,,,,,,
RF,ALONE,,,CLAPUR,9,6/20/2025,33.3,,,,,,,,,,,,,,,,,,
RF,ALONE,,,CLAPUR,10,6/9/2025,32.3,,,,,,,,,,,,,,,,,,
RF,ALONE,,,CLAPUR,11,6/9/2025,36.0,,,,,,,,,,,,,,,,,,
RF,ALONE,,,CLAPUR,12,6/20/2025,38.6,,,,,,,,,,,,,,,,,,
RF,ALONE,,,CLAPUR ,13,6/20/2025,23.0,,,,,,,,,,,,,,,,,,
RF,ALONE,,,CLAPUR ,14,6/20/2025,31.0,,,,,,,,,,,,,,,,,,
RF,ALONE,,,CLAPUR ,15,6/20/2025,45.2,,,,,,,,,,,,,,,,,,
RF,ALONE,,,COLLIN,1,5/16/2025,5.8,6/2/2025,odd 5/30,,,,,,,,,,,,,,,,
RF,ALONE,,,COLLIN,2,5/2/2025,11.5,,ODD 6/2,,,,,,,,,,,,,,,,
RF,ALONE,,,COLLIN,3,5/2/2025,10.9,,,,,,,,,,,,,,,,,,
RF,ALONE,,,COLLIN,4,5/23/2025,8.9,6/2/2025,,,,,,,,,,,,,,,,,
RF,ALONE,,,COLLIN,5,5/6/2025,12.5,,,,,,,,,,,,,,,,,,
RF,ALONE,,,COLLIN,6,5/1/2025,11.7,,,,,,,,,,,,,,,,,,
RF,ALONE,,,COLLIN,7,5/23/2025,12.3,,,,,,,,,,,,,,,,,,
RF,ALONE,,,COLLIN,8,5/13/2025,13.4,,,,,,,,,,,,,,,,,,
RF,ALONE,,,COLLIN,9,5/16/2025,8.8,5/27/2025,,,,,,,,,,,,,,,,,
RF,ALONE,,,COLLIN,10,4/29/2025,15.0,,,,,,,,,,,,,,,,,,
RF,ALONE,,,COLLIN,11,5/20/2025,12.5,,,,,,,,,,,,,,,,,,
RF,ALONE,,,COLLIN,12,5/13/2025,17.7,,,,,,,,,,,,,,,,,,
RF,ALONE,,,COLLIN,13,5/13/2025,12.3,,,,,,,,,,,,,,,,,,
RF,ALONE,,,COLLIN,14,5/13/2025,9.9,,,,,,,,,,,,,,,,,,
RF,ALONE,,,COLLIN,15,5/6/2025,19.4,,,,,,,,,,,,,,,,,,
RF,ALONE,,,COLLOM,1,6/20/2025,67.7,,,,,,,,,,,,,,,,,,
RF,ALONE,,,COLLOM,2,,,,,,,,,,,,,,,,,,,,
RF,ALONE,,,COLLOM,3,6/6/2025,25.5,,claistogamous 6/6,,,,,,,,,,,,,,,,
RF,ALONE,,,COLLOM,4,6/20/2025,27.1,,claistogamous fruit 6/20,,,,,,,,,,,,,,,,
RF,ALONE,,,COLLOM,5,6/6/2025,48.8,,,,,,,,,,,,,,,,,,
RF,ALONE,,,COLLOM,6,6/9/2025,50.6,,,,,,,,,,,,,,,,,,
RF,ALONE,,,COLLOM,7,6/20/2025,19.8,,claistogamous fruit 6/20,,,,,,,,,,,,,,,,
RF,ALONE,,,COLLOM,8,6/2/2025,21.2,,,,,,,,,,,,,,,,,,
RF,ALONE,,,COLLOM,9,6/9/2025,52.2,,,,,,,,,,,,,,,,,,
RF,ALONE,,,COLLOM,10,6/20/2025,23.5,,claistogamous fruit 6/20,,,,,,,,,,,,,,,,
RF,ALONE,,,COLLOM,11,6/20/2025,29.4,,claistogamous fruit 6/20,,,,,,,,,,,,,,,,
RF,ALONE,,,COLLOM,12,6/2/2025,27.2,,,,,,,,,,,,,,,,,,
RF,ALONE,,,COLLOM,13,6/20/2025,38.6,,,,,,,,,,,,,,,,,,
RF,ALONE,,,COLLOM,14,6/20/2025,21.0,,claistogamous fruit 6/20,,,,,,,,,,,,,,,,
RF,ALONE,,,COLLOM,15,6/6/2025,49.3,,,,,,,,,,,,,,,,,,
RF,ALONE,,,EPIDEN,1,6/9/2025,32.1,,,,,,,,,,,,,,,,,,
RF,ALONE,,,EPIDEN,2,6/20/2025,30.0,,,,,,,,,,,,,,,,,,
RF,ALONE,,,EPIDEN,3,6/20/2025,71.4,,,,,,,,,,,,,,,,,,
RF,ALONE,,,EPIDEN,4,6/20/2025,20.3,,,,,,,,,,,,,,,,,,
RF,ALONE,,,EPIDEN,5,6/20/2025,39.1,,,,,,,,,,,,,,,,,,
RF,ALONE,,,EPIDEN,6,6/20/2025,37.6,,,,,,,,,,,,,,,,,,
RF,ALONE,,,EPIDEN,7,6/20/2025,54.9,,,,,,,,,,,,,,,,,,
RF,ALONE,,,EPIDEN,8,6/20/2025,47.8,,,,,,,,,,,,,,,,,,
RF,ALONE,,,EPIDEN,9,6/20/2025,63.8,,,,,,,,,,,,,,,,,,
RF,ALONE,,,EPIDEN,10,6/20/2025,49.7,,,,,,,,,,,,,,,,,,
RF,ALONE,,,EPIDEN,11,6/20/2025,65.1,,,,,,,,,,,,,,,,,,
RF,ALONE,,,EPIDEN,12,6/20/2025,41.6,,,,,,,,,,,,,,,,,,
RF,ALONE,,,EPIDEN,13,6/20/2025,54.1,,,,,,,,,,,,,,,,,,
RF,ALONE,,,EPIDEN,14,6/20/2025,23.6,,,,,,,,,,,,,,,,,,
RF,ALONE,,,EPIDEN,15,6/20/2025,64.2,,,,,,,,,,,,,,,,,,
RF,ALONE,,,GILCAP,1,,,,,,,,,,,,,,,,,,,,
RF,ALONE,,,GILCAP,2,6/20/2025,48.6,,,,,,,,,,,,,,,,,,
RF,ALONE,,,GILCAP,3,6/20/2025,23.9,,,,,,,,,,,,,,,,,,
RF,ALONE,,,GILCAP,4,6/20/2025,52.6,,,,,,,,,,,,,,,,,,
RF,ALONE,,,GILCAP,5,6/20/2025,52.2,,,,,,,,,,,,,,,,,,
RF,ALONE,,,GILCAP,6,,,,,,,,,,,,,,,,,,,,
RF,ALONE,,,GILCAP,7,6/20/2025,52.9,,,,,,,,,,,,,,,,,,
RF,ALONE,,,GILCAP,8,,,,odd 6/27,,,,,,,,,,,,,,,,
RF,ALONE,,,GILCAP,9,6/20/2025,68.2,,,,,,,,,,,,,,,,,,
RF,ALONE,,,GILCAP,10,6/20/2025,70.7,,,,,,,,,,,,,,,,,,
RF,ALONE,,,GILCAP,11,6/20/2025,48.7,,,,,,,,,,,,,,,,,,
RF,ALONE,,,GILCAP,12,6/9/2025,53.9,,,,,,,,,,,,,,,,,,
RF,ALONE,,,GILCAP,13,6/6/2025,48.5,,,,,,,,,,,,,,,,,,
RF,ALONE,,,GILCAP,14,6/6/2025,55.5,,,,,,,,,,,,,,,,,,
RF,ALONE,,,GILCAP,15,,,,,,,,,,,,,,,,,,,,
RF,ALONE,,,NAVSQU,1,6/20/2025,3.1,,,,,,,,,,,,,,,,,,
RF,ALONE,,,NAVSQU,2,6/24/2025,7.3,,,,,,,,,,,,,,,,,,
RF,ALONE,,,NAVSQU,3,6/20/2025,20.1,,,,,,,,,,,,,,,,,,
RF,ALONE,,,NAVSQU,4,6/20/2025,15.5,,,,,,,,,,,,,,,,,,
RF,ALONE,,,NAVSQU,5,6/20/2025,5.6,,,,,,,,,,,,,,,,,,
RF,ALONE,,,NAVSQU,6,,,,,,,,,,,,,,,,,,,,
RF,ALONE,,,NAVSQU,7,,,6/20/2025,,,,,,,,,,,,,,,,,
RF,ALONE,,,NAVSQU,8,6/24/2025,4.6,,,,,,,,,,,,,,,,,,
RF,ALONE,,,NAVSQU,9,6/20/2025,32.5,,,,,,,,,,,,,,,,,,
RF,ALONE,,,NAVSQU,10,,,,,,,,,,,,,,,,,,,,
RF,ALONE,,,NAVSQU,11,6/20/2025,15.0,,,,,,,,,,,,,,,,,,
RF,ALONE,,,NAVSQU,12,6/20/2025,15.5,,,,,,,,,,,,,,,,,,
RF,ALONE,,,NAVSQU,13,6/20/2025,13.1,,,,,,,,,,,,,,,,,,
RF,ALONE,,,NAVSQU,14,6/20/2025,11.7,,,,,,,,,,,,,,,,,,
RF,ALONE,,,NAVSQU,15,,,,,,,,,,,,,,,,,,,,
RF,ALONE,,,PLAFIG,1,5/6/2025,7.6,,,,,,,,,,,,,,,,,,
RF,ALONE,,,PLAFIG,2,5/6/2025,12.1,,,,,,,,,,,,,,,,,,
RF,ALONE,,,PLAFIG,3,5/9/2025,10.8,,,,,,,,,,,,,,,,,,
RF,ALONE,,,PLAFIG,4,,,,,,,,,,,,,,,,,,,,
RF,ALONE,,,PLAFIG,5,5/16/2025,15.0,,,,,,,,,,,,,,,,,,
RF,ALONE,,,PLAFIG,6,,,6/17/2025,,,,,,,,,,,,,,,,,
RF,ALONE,,,PLAFIG,7,5/27/2025,12.4,,,,,,,,,,,,,,,,,,
RF,ALONE,,,PLAFIG,8,,,,,,,,,,,,,,,,,,,,
RF,ALONE,,,PLAFIG,9,,,,,,,,,,,,,,,,,,,,
RF,ALONE,,,PLAFIG,10,,,5/27/2025,,,,,,,,,,,,,,,,,
RF,ALONE,,,PLAFIG,11,5/16/2025,12.5,6/9/2025,ODD 6/2,,,,,,,,,,,,,,,,
RF,ALONE,,,PLAFIG,12,5/9/2025,10.9,,,,,,,,,,,,,,,,,,
RF,ALONE,,,PLAFIG,13,5/27/2025,9.8,,,,,,,,,,,,,,,,,,
RF,ALONE,,,PLAFIG,14,,,,,,,,,,,,,,,,,,,,
RF,ALONE,,,PLAFIG,15,,,6/6/2025,ODD 6/2,,,,,,,,,,,,,,,,
RF,ALONE,,,PLECON,1,4/18/2025,7.7,5/27/2025,,,,,,,,,,,,,,,,,
RF,ALONE,,,PLECON,2,5/6/2025,7.1,5/9/2025,odd 5/6,,,,,,,,,,,,,,,,
RF,ALONE,,,PLECON,3,4/22/2025,7.8,5/20/2025,,,,,,,,,,,,,,,,,
RF,ALONE,,,PLECON,4,4/18/2025,8.4,,,,,,,,,,,,,,,,,,
RF,ALONE,,,PLECON,5,4/22/2025,13.7,,,,,,,,,,,,,,,,,,
RF,ALONE,,,PLECON,6,4/15/2025,14.8,,,,,,,,,,,,,,,,,,
RF,ALONE,,,PLECON,7,4/18/2025,10.7,,,,,,,,,,,,,,,,,,
RF,ALONE,,,PLECON,8,4/25/2025,11.9,,,,,,,,,,,,,,,,,,
RF,ALONE,,,PLECON,9,4/11/2025,8.5,,,,,,,,,,,,,,,,,,
RF,ALONE,,,PLECON,10,4/11/2025,13.2,,,,,,,,,,,,,,,,,,
RF,ALONE,,,PLECON,11,4/22/2025,16.1,,,,,,,,,,,,,,,,,,
RF,ALONE,,,PLECON,12,4/15/2025,18.4,,,,,,,,,,,,,,,,,,
RF,ALONE,,,PLECON,13,4/18/2025,15.0,,,,,,,,,,,,,,,,,,
RF,ALONE,,,PLECON,14,4/18/2025,10.8,,,,,,,,,,,,,,,,,,
RF,ALONE,,,PLECON,15,4/15/2025,16.3,,,,,,,,,,,,,,,,,,
RF,DIVERSE,1,,CLAPUR,1,,,6/17/2025,,,,,,,,,,,,,,,,,
RF,DIVERSE,6,,CLAPUR,2,6/17/2025,7.4,,measured height at fruit,,,,,,,,,,,,,,,,
RF,DIVERSE,4,,CLAPUR,3,,,6/17/2025,,,,,,,,,,,,,,,,,
RF,DIVERSE,5,,CLAPUR,4,,,6/17/2025,,,,,,,,,,,,,,,,,
RF,DIVERSE,5,,CLAPUR,5,6/17/2025,19.9,,measured height at fruit,,,,,,,,,,,,,,,,
RF,DIVERSE,4,,CLAPUR,6,,,6/17/2025,,,,,,,,,,,,,,,,,
RF,DIVERSE,5,,CLAPUR,7,6/17/2025,9.1,,measured height at fruit,,,,,,,,,,,,,,,,
RF,DIVERSE,6,,CLAPUR,8,6/17/2025,44.0,,measured height at fruit,,,,,,,,,,,,,,,,
RF,DIVERSE,,,CLAPUR,9,,,,,,,,,,,,,,,,,,,,
RF,DIVERSE,,,CLAPUR,10,,,,,,,,,,,,,,,,,,,,
RF,DIVERSE,2,,COLLIN,1,5/16/2025,12.7,,,,,,,,,,,,,,,,,,
RF,DIVERSE,1,,COLLIN,2,5/13/2025,12.6,6/17/2025,,,,,,,,,,,,,,,,,
RF,DIVERSE,2,,COLLIN,3,5/27/2025,15.4,,,,,,,,,,,,,,,,,,
RF,DIVERSE,2,,COLLIN,4,5/6/2025,13.1,6/17/2026,,,,,,,,,,,,,,,,,
RF,DIVERSE,2,,COLLIN,5,5/13/2025,15.8,6/20/2025,,,,,,,,,,,,,,,,,
RF,DIVERSE,1,,COLLIN,6,5/16/2025,8.7,6/17/2025,,,,,,,,,,,,,,,,,
RF,DIVERSE,4,,COLLIN,7,5/30/2025,5.2,6/17/2025,,,,,,,,,,,,,,,,,
RF,DIVERSE,2,,COLLIN,8,5/13/2025,11.5,,,,,,,,,,,,,,,,,,
RF,DIVERSE,1,,COLLIN,9,5/16/2025,10.6,6/17/2025,,,,,,,,,,,,,,,,,
RF,DIVERSE,3,,COLLIN,10,5/13/2025,12.8,,,,,,,,,,,,,,,,,,
RF,DIVERSE,3,,COLLOM,1,6/27/2025,27.4,,cleistogamous,,,,,,,,,,,,,,,,
RF,DIVERSE,6,,COLLOM,2,,,6/17/2025,,,,,,,,,,,,,,,,,
RF,DIVERSE,4,,COLLOM,3,,,,odd 6/17/25,,,,,,,,,,,,,,,,
RF,DIVERSE,5,,COLLOM,4,,,,,,,,,,,,,,,,,,,,
RF,DIVERSE,5,,COLLOM,5,,,6/17/2025,,,,,,,,,,,,,,,,,
RF,DIVERSE,2,,COLLOM,6,6/6/2025,6.9,,"cleistog, odd 6/20",,,,,,,,,,,,,,,,
RF,DIVERSE,5,,COLLOM,7,,,6/17/2025,,,,,,,,,,,,,,,,,
RF,DIVERSE,4,,COLLOM,8,6/27/2025,21.1,,cleistogamous,,,,,,,,,,,,,,,,
RF,DIVERSE,1,,COLLOM,9,6/9/2025,25.6,,,,,,,,,,,,,,,,,,
RF,DIVERSE,3,,COLLOM,10,,,,,,,,,,,,,,,,,,,,
RF,DIVERSE,6,,EPIDEN,1,6/17/2025,17.7,,,,,,,,,,,,,,,,,,
RF,DIVERSE,4,,EPIDEN,2,6/17/2025,17.2,,,,,,,,,,,,,,,,,,
RF,DIVERSE,2,,EPIDEN,3,,,6/17/2025,,,,,,,,,,,,,,,,,
RF,DIVERSE,4,,EPIDEN,4,,,6/17/2025,,,,,,,,,,,,,,,,,
RF,DIVERSE,3,,EPIDEN,5,,,6/17/2025,,,,,,,,,,,,,,,,,
RF,DIVERSE,1,,EPIDEN,6,,,6/17/2025,,,,,,,,,,,,,,,,,
RF,DIVERSE,4,,EPIDEN,7,,,6/17/2025,,,,,,,,,,,,,,,,,
RF,DIVERSE,5,,EPIDEN,8,,,,,,,,,,,,,,,,,,,,
RF,DIVERSE,2,,EPIDEN,9,,,6/27/2025,,,,,,,,,,,,,,,,,
RF,DIVERSE,1,,EPIDEN,10,,,6/17/2025,,,,,,,,,,,,,,,,,
RF,DIVERSE,2,,GILCAP,1,6/6/2025,25.2,,,,,,,,,,,,,,,,,,
RF,DIVERSE,5,,GILCAP,2,,,,odd 6/17/25,,,,,,,,,,,,,,,,
RF,DIVERSE,1,,GILCAP,3,6/9/2025,16.7,,,,,,,,,,,,,,,,,,
RF,DIVERSE,5,,GILCAP,4,,,,odd 6/17/25,,,,,,,,,,,,,,,,
RF,DIVERSE,4,,GILCAP,5,,,6/17/2025,,,,,,,,,,,,,,,,,
RF,DIVERSE,,,GILCAP,6,,,,,,,,,,,,,,,,,,,,
RF,DIVERSE,,,GILCAP,7,,,,,,,,,,,,,,,,,,,,
RF,DIVERSE,,,GILCAP,8,,,,,,,,,,,,,,,,,,,,
RF,DIVERSE,,,GILCAP,9,,,,,,,,,,,,,,,,,,,,
RF,DIVERSE,,,GILCAP,10,,,,,,,,,,,,,,,,,,,,
RF,DIVERSE,,,NAVSQU,1,,,,,,,,,,,,,,,,,,,,
RF,DIVERSE,,,NAVSQU,2,,,,,,,,,,,,,,,,,,,,
RF,DIVERSE,,,NAVSQU,3,,,,,,,,,,,,,,,,,,,,
RF,DIVERSE,,,NAVSQU,4,,,,,,,,,,,,,,,,,,,,
RF,DIVERSE,,,NAVSQU,5,,,,,,,,,,,,,,,,,,,,
RF,DIVERSE,,,NAVSQU,6,,,,,,,,,,,,,,,,,,,,
RF,DIVERSE,,,NAVSQU,7,,,,,,,,,,,,,,,,,,,,
RF,DIVERSE,,,NAVSQU,8,,,,,,,,,,,,,,,,,,,,
RF,DIVERSE,,,NAVSQU,9,,,,,,,,,,,,,,,,,,,,
RF,DIVERSE,,,NAVSQU,10,,,,,,,,,,,,,,,,,,,,
RF,DIVERSE,6,,PLAFIG,1,5/27/2025,9.4,6/20/2025,,,,,,,,,,,,,,,,,
RF,DIVERSE,5,,PLAFIG,2,5/13/2025,10.4,6/17/2025,,,,,,,,,,,,,,,,,
RF,DIVERSE,6,,PLAFIG,3,5/16/2025,7.7,6/17/2025,,,,,,,,,,,,,,,,,
RF,DIVERSE,6,,PLAFIG,4,5/16/2025,6.4,6/17/2025,,,,,,,,,,,,,,,,,
RF,DIVERSE,6,,PLAFIG,5,5/20/2025,9.3,6/17/2025,,,,,,,,,,,,,,,,,
RF,DIVERSE,5,,PLAFIG,6,5/16/2025,8.2,6/17/2025,,,,,,,,,,,,,,,,,
RF,DIVERSE,6,,PLAFIG,7,5/20/2025,8.6,6/17/2025,,,,,,,,,,,,,,,,,
RF,DIVERSE,,,PLAFIG,8,,,,,,,,,,,,,,,,,,,,
RF,DIVERSE,,,PLAFIG,9,,,,,,,,,,,,,,,,,,,,
RF,DIVERSE,,,PLAFIG,10,,,,,,,,,,,,,,,,,,,,
RF,DIVERSE,2,,PLECON,1,4/29/2025,17.2,,BT,,,,,,,,,,,,,,,,
RF,DIVERSE,2,,PLECON,2,5/2/2025,9.3,,,,,,,,,,,,,,,,,,
RF,DIVERSE,3,,PLECON,3,4/18/2025,3.0,,,,,,,,,,,,,,,,,,
RF,DIVERSE,3,,PLECON,4,5/27/2025,11.7,,h 5/13,,,,,,,,,,,,,,,,
RF,DIVERSE,4,,PLECON,5,4/23/2025,8.4,,,,,,,,,,,,,,,,,,
RF,DIVERSE,1,,PLECON,6,4/18/2025,13.5,,,,,,,,,,,,,,,,,,
RF,DIVERSE,3,,PLECON,7,5/2/2025,14.0,,,,,,,,,,,,,,,,,,
RF,DIVERSE,5,,PLECON,8,4/29/2025,12.8,,,,,,,,,,,,,,,,,,
RF,DIVERSE,1,,PLECON,9,4/29/2025,13.3,6/17/2025,,,,,,,,,,,,,,,,,
RF,DIVERSE,4,,PLECON,10,4/29/2025,13.4,,,,,,,,,,,,,,,,,,
SEM,ALONE,,,CLAPUR,1,,,,,,,,,,,,,,,,,,,,
SEM,ALONE,,,CLAPUR,2,,,,,,,,,,,,,,,,,,,,
SEM,ALONE,,,CLAPUR,3,,,,h 6/9,,,,,,,,,,,,,,,,
SEM,ALONE,,,CLAPUR,4,,,,,,,,,,,,,,,,,,,,
SEM,ALONE,,,CLAPUR,5,,,,,,,,,,,,,,,,,,,,
SEM,ALONE,,,CLAPUR,6,,,,,,,,,,,,,,,,,,,,
SEM,ALONE,,,CLAPUR,7,,,,,,,,,,,,,,,,,,,,
SEM,ALONE,,,CLAPUR,8,,,,,,,,,,,,,,,,,,,,
SEM,ALONE,,,CLAPUR,9,,,6/24/2025,,,,,,,,,,,,,,,,,
SEM,ALONE,,,CLAPUR,10,,,,,,,,,,,,,,,,,,,,
SEM,ALONE,,,CLAPUR,11,,,,,,,,,,,,,,,,,,,,
SEM,ALONE,,,CLAPUR,12,6/27/2025,7.2,,,,,,,,,,,,,,,,,,
SEM,ALONE,,,CLAPUR,13,,,,h 6/9,,,,,,,,,,,,,,,,
SEM,ALONE,,,CLAPUR,14,,,,,,,,,,,,,,,,,,,,
SEM,ALONE,,,CLAPUR,15,,,,,,,,,,,,,,,,,,,,
SEM,ALONE,,,COLLIN,1,,,6/27/2025,H 4/25,,,,,,,,,,,,,,,,
SEM,ALONE,,,COLLIN,2,,,6/6/2025,"H 4/25, ODD 6/2",,,,,,,,,,,,,,,,
SEM,ALONE,,,COLLIN,3,,,6/20/2025,,,,,,,,,,,,,,,,,
SEM,ALONE,,,COLLIN,4,6/6/2025,7.5,,H 4/25,,,,,,,,,,,,,,,,
SEM,ALONE,,,COLLIN,5,6/2/2025,6.6,,H 4/25,,,,,,,,,,,,,,,,
SEM,ALONE,,,COLLIN,6,6/2/2025,9.5,,H 4/25,,,,,,,,,,,,,,,,
SEM,ALONE,,,COLLIN,7,6/2/2025,8.0,,H 4/25,,,,,,,,,,,,,,,,
SEM,ALONE,,,COLLIN,8,6/9/2025,10.1,6/20/2025,H 4/25,,,,,,,,,,,,,,,,
SEM,ALONE,,,COLLIN,9,,,5/27/2025,H 4/25,,,,,,,,,,,,,,,,
SEM,ALONE,,,COLLIN,10,,,6/2/2025,,,,,,,,,,,,,,,,,
SEM,ALONE,,,COLLIN,11,6/2/2025,5.6,6/20/2025,H 4/25,,,,,,,,,,,,,,,,
SEM,ALONE,,,COLLIN,12,,,5/27/2025,,,,,,,,,,,,,,,,,
SEM,ALONE,,,COLLIN,13,6/20/2025,8.3,,H 4/25,,,,,,,,,,,,,,,,
SEM,ALONE,,,COLLIN,14,,,,H 4/25,,,,,,,,,,,,,,,,
SEM,ALONE,,,COLLIN,15,,,5/27/2025,,,,,,,,,,,,,,,,,
SEM,ALONE,,,COLLOM,1,6/27/2025,4.8,,"cleistogamous, height at fruit",,,,,,,,,,,,,,,,
SEM,ALONE,,,COLLOM,2,,,,,,,,,,,,,,,,,,,,
SEM,ALONE,,,COLLOM,3,,,,,,,,,,,,,,,,,,,,
SEM,ALONE,,,COLLOM,4,,,,,,,,,,,,,,,,,,,,
SEM,ALONE,,,COLLOM,5,,,,,,,,,,,,,,,,,,,,
SEM,ALONE,,,COLLOM,6,,,,,,,,,,,,,,,,,,,,
SEM,ALONE,,,COLLOM,7,,,,,,,,,,,,,,,,,,,,
SEM,ALONE,,,COLLOM,8,,,,,,,,,,,,,,,,,,,,
SEM,ALONE,,,COLLOM,9,,,,,,,,,,,,,,,,,,,,
SEM,ALONE,,,COLLOM,10,,,6/27/2025,,,,,,,,,,,,,,,,,
SEM,ALONE,,,COLLOM,11,,,,,,,,,,,,,,,,,,,,
SEM,ALONE,,,COLLOM,12,6/27/2025,10.0,,"cleistogamous, height at fruit",,,,,,,,,,,,,,,,
SEM,ALONE,,,COLLOM,13,,,6/6/2025,,,,,,,,,,,,,,,,,
SEM,ALONE,,,COLLOM,14,,,,odd 6/24,,,,,,,,,,,,,,,,
SEM,ALONE,,,COLLOM,15,6/27/2025,6.5,,"cleistogamous, height at fruit",,,,,,,,,,,,,,,,
SEM,ALONE,,,EPIDEN,1,,,,,,,,,,,,,,,,,,,,
SEM,ALONE,,,EPIDEN,2,6/27/2025,12.3,,,,,,,,,,,,,,,,,,
SEM,ALONE,,,EPIDEN,3,6/17/2025,13.0,,,,,,,,,,,,,,,,,,
SEM,ALONE,,,EPIDEN,4,,,,,,,,,,,,,,,,,,,,
SEM,ALONE,,,EPIDEN,5,,,,,,,,,,,,,,,,,,,,
SEM,ALONE,,,EPIDEN,6,,,,,,,,,,,,,,,,,,,,
SEM,ALONE,,,EPIDEN,7,6/27/2025,6.5,,,,,,,,,,,,,,,,,,
SEM,ALONE,,,EPIDEN,8,6/27/2025,10.3,,,,,,,,,,,,,,,,,,
SEM,ALONE,,,EPIDEN,9,,,6/17/2025,,,,,,,,,,,,,,,,,
SEM,ALONE,,,EPIDEN,10,,,,odd 6/27,,,,,,,,,,,,,,,,
SEM,ALONE,,,EPIDEN,11,6/17/2025,6.1,,,,,,,,,,,,,,,,,,
SEM,ALONE,,,EPIDEN,12,6/27/2025,5.4,,,,,,,,,,,,,,,,,,
SEM,ALONE,,,EPIDEN,13,6/27/2025,12.0,,,,,,,,,,,,,,,,,,
SEM,ALONE,,,EPIDEN,14,6/24/2025,12.8,,,,,,,,,,,,,,,,,,
SEM,ALONE,,,EPIDEN,15,,,,,,,,,,,,,,,,,,,,
SEM,ALONE,,,GILCAP,1,6/24/2025,20.3,,,,,,,,,,,,,,,,,,
SEM,ALONE,,,GILCAP,2,,,,,,,,,,,,,,,,,,,,
SEM,ALONE,,,GILCAP,3,,,,,,,,,,,,,,,,,,,,
SEM,ALONE,,,GILCAP,4,,,,,,,,,,,,,,,,,,,,
SEM,ALONE,,,GILCAP,5,,,,,,,,,,,,,,,,,,,,
SEM,ALONE,,,GILCAP,6,,,,,,,,,,,,,,,,,,,,
SEM,ALONE,,,GILCAP,7,,,,,,,,,,,,,,,,,,,,
SEM,ALONE,,,GILCAP,8,6/27/2025,12.7,,h 6/6,,,,,,,,,,,,,,,,
SEM,ALONE,,,GILCAP,9,,,,h 6/6,,,,,,,,,,,,,,,,
SEM,ALONE,,,GILCAP,10,,,,h 6/6,,,,,,,,,,,,,,,,
SEM,ALONE,,,GILCAP,11,,,,h 6/6,,,,,,,,,,,,,,,,
SEM,ALONE,,,GILCAP,12,,,,h 6/6,,,,,,,,,,,,,,,,
SEM,ALONE,,,GILCAP,13,6/24/2025,17.5,,h 6/6,,,,,,,,,,,,,,,,
SEM,ALONE,,,GILCAP,14,6/24/2025,14.6,,h 6/6,,,,,,,,,,,,,,,,
SEM,ALONE,,,GILCAP,15,6/20/2025,25.7,,h 6/6,,,,,,,,,,,,,,,,
SEM,ALONE,,,NAVSQU,1,6/20/2025,6.1,,height at fruit 6/20,,,,,,,,,,,,,,,,
SEM,ALONE,,,NAVSQU,2,6/20/2025,3.5,,,,,,,,,,,,,,,,,,
SEM,ALONE,,,NAVSQU,3,6/24/2025,11.6,,,,,,,,,,,,,,,,,,
SEM,ALONE,,,NAVSQU,4,6/24/2025,10.5,,,,,,,,,,,,,,,,,,
SEM,ALONE,,,NAVSQU,5,6/17/2025,27.7,,,,,,,,,,,,,,,,,,
SEM,ALONE,,,NAVSQU,6,6/24/2025,17.4,,,,,,,,,,,,,,,,,,
SEM,ALONE,,,NAVSQU,7,6/24/2025,15.7,,,,,,,,,,,,,,,,,,
SEM,ALONE,,,NAVSQU,8,6/17/2025,10.5,,,,,,,,,,,,,,,,,,
SEM,ALONE,,,NAVSQU,9,6/20/2025,15.8,,,,,,,,,,,,,,,,,,
SEM,ALONE,,,NAVSQU,10,6/17/2025,16.1,,,,,,,,,,,,,,,,,,
SEM,ALONE,,,NAVSQU,11,6/24/2025,13.8,,,,,,,,,,,,,,,,,,
SEM,ALONE,,,NAVSQU,12,6/24/2025,16.1,,,,,,,,,,,,,,,,,,
SEM,ALONE,,,NAVSQU,13,6/24/2025,12.3,,,,,,,,,,,,,,,,,,
SEM,ALONE,,,NAVSQU,14,6/24/2025,10.5,,,,,,,,,,,,,,,,,,
SEM,ALONE,,,NAVSQU,15,6/17/2025,20.3,,,,,,,,,,,,,,,,,,
SEM,ALONE,,,NAVSQU,16,,,,,,,,,,,,,,,,,,,,
SEM,ALONE,,,PLAFIG,1,5/2/2025,9.2,,,,,,,,,,,,,,,,,,
SEM,ALONE,,,PLAFIG,2,5/9/2025,12.5,,h 5/6,,,,,,,,,,,,,,,,
SEM,ALONE,,,PLAFIG,3,5/6/2025,13.7,,,,,,,,,,,,,,,,,,
SEM,ALONE,,,PLAFIG,4,5/2/2025,12.3,,,,,,,,,,,,,,,,,,
SEM,ALONE,,,PLAFIG,5,4/29/2025,12.1,,,,,,,,,,,,,,,,,,
SEM,ALONE,,,PLAFIG,6,4/29/2025,9.9,,,,,,,,,,,,,,,,,,
SEM,ALONE,,,PLAFIG,7,5/16/2025,14.4,,,,,,,,,,,,,,,,,,
SEM,ALONE,,,PLAFIG,8,5/2/2025,8.9,,,,,,,,,,,,,,,,,,
SEM,ALONE,,,PLAFIG,9,5/16/2025,12.3,,,,,,,,,,,,,,,,,,
SEM,ALONE,,,PLAFIG,10,5/6/2025,4.5,,,,,,,,,,,,,,,,,,
SEM,ALONE,,,PLAFIG,11,5/2/2025,10.1,,,,,,,,,,,,,,,,,,
SEM,ALONE,,,PLAFIG,12,4/29/2025,9.3,,,,,,,,,,,,,,,,,,
SEM,ALONE,,,PLAFIG,13,5/9/2025,9.1,,,,,,,,,,,,,,,,,,
SEM,ALONE,,,PLAFIG,14,5/2/2025,7.7,,,,,,,,,,,,,,,,,,
SEM,ALONE,,,PLAFIG,15,5/6/2025,5.6,,,,,,,,,,,,,,,,,,
SEM,ALONE,,,PLAFIG,16,5/2/2025,9.1,,,,,,,,,,,,,,,,,,
SEM,ALONE,,,PLECON,1,4/29/2025,9.6,,"H 5/2, ODD 6/2",,,,,,,,,,,,,,,,
SEM,ALONE,,,PLECON,2,4/25/2025,8.6,,h 4/29,,,,,,,,,,,,,,,,
SEM,ALONE,,,PLECON,3,4/29/2025,7.0,,ODD 6/24,,,,,,,,,,,,,,,,
SEM,ALONE,,,PLECON,4,5/6/2025,13.5,,"ODD 6/24, broken stem",,,,,,,,,,,,,,,,
SEM,ALONE,,,PLECON,5,5/2/2025,7.8,,,,,,,,,,,,,,,,,,
SEM,ALONE,,,PLECON,6,4/22/2025,5.2,5/6/2025,Old plant FF 4/8/25 (6cm),,,,,,,,,,,,,,,,
SEM,ALONE,,,PLECON,7,4/25/2025,7.2,5/27/2025,h 4/29,,,,,,,,,,,,,,,,
SEM,ALONE,,,PLECON,8,4/25/2025,7.5,,h 5/2,,,,,,,,,,,,,,,,
SEM,ALONE,,,PLECON,9,5/6/2025,5.3,,Old plant ff 4/18 7.0,,,,,,,,,,,,,,,,
SEM,ALONE,,,PLECON,10,5/2/2025,7.1,,,,,,,,,,,,,,,,,,
SEM,ALONE,,,PLECON,11,4/15/2025,7.2,,h 4/29,,,,,,,,,,,,,,,,
SEM,ALONE,,,PLECON,12,4/8/2025,8.4,,H (4/11/25),,,,,,,,,,,,,,,,
SEM,ALONE,,,PLECON,13,4/25/2025,7.4,6/24/2025,h 5/2,,,,,,,,,,,,,,,,
SEM,ALONE,,,PLECON,14,4/29/2025,8.9,5/30/2025,odd 5/27,,,,,,,,,,,,,,,,
SEM,ALONE,,,PLECON,15,4/22/2025,7.2,5/13/2025,h5/2,,,,,,,,,,,,,,,,
SEM,DIVERSE,5,,CLAPUR,1,6/24/2025,9.8,,,,,,,,,,,,,,,,,,
SEM,DIVERSE,6,,CLAPUR,2,6/20/2025,5.3,,height @ fruit 6/20,,,,,,,,,,,,,,,,
SEM,DIVERSE,5,,CLAPUR,3,,,6/17/2025,,,,,,,,,,,,,,,,,
SEM,DIVERSE,7,,CLAPUR,4,,,6/17/2025,,,,,,,,,,,,,,,,,
SEM,DIVERSE,8,,CLAPUR,5,,,,,,,,,,,,,,,,,,,,
SEM,DIVERSE,6,,CLAPUR,6,,,6/24/2025,,,,,,,,,,,,,,,,,
SEM,DIVERSE,5,,CLAPUR,7,,,6/20/2025,,,,,,,,,,,,,,,,,
SEM,DIVERSE,2,,CLAPUR,8,6/9/2025,18.6,,,,,,,,,,,,,,,,,,
SEM,DIVERSE,7,,CLAPUR,9,,,,,,,,,,,,,,,,,,,,
SEM,DIVERSE,1,,CLAPUR,10,,,,,,,,,,,,,,,,,,,,
SEM,DIVERSE,6,,COLLIN,1,5/27/2025,18.0,,,,,,,,,,,,,,,,,,
SEM,DIVERSE,8,,COLLIN,2,5/23/2026,12.8,,,,,,,,,,,,,,,,,,
SEM,DIVERSE,1,,COLLIN,3,6/2/2025,9.6,,,,,,,,,,,,,,,,,,
SEM,DIVERSE,6,,COLLIN,4,5/13/2025,17.2,,,,,,,,,,,,,,,,,,
SEM,DIVERSE,3,,COLLIN,5,5/9/2025,18.4,,,,,,,,,,,,,,,,,,
SEM,DIVERSE,7,,COLLIN,6,5/27/2025,19.6,,,,,,,,,,,,,,,,,,
SEM,DIVERSE,4,,COLLIN,7,5/23/2025,15.5,,,,,,,,,,,,,,,,,,
SEM,DIVERSE,4,,COLLIN,8,5/27/2025,17.8,,BT,,,,,,,,,,,,,,,,
SEM,DIVERSE,2,,COLLIN,9,5/16/2025,16.8,,,,,,,,,,,,,,,,,,
SEM,DIVERSE,3,,COLLIN,10,5/20/2025,16.6,,,,,,,,,,,,,,,,,,
SEM,DIVERSE,2,,COLLOM,1,,,6/17/2025,,,,,,,,,,,,,,,,,
SEM,DIVERSE,4,,COLLOM,2,6/20/2025,7.5,,"height at fruit 6/20, cleistog",,,,,,,,,,,,,,,,
SEM,DIVERSE,2,,COLLOM,3,,,,,,,,,,,,,,,,,,,,
SEM,DIVERSE,4,,COLLOM,4,,,,ODD 6/20,,,,,,,,,,,,,,,,
SEM,DIVERSE,4,,COLLOM,5,6/20/2025,17.5,,height @ fruit 6/20,,,,,,,,,,,,,,,,
SEM,DIVERSE,4,,COLLOM,6,,,6/17/2025,,,,,,,,,,,,,,,,,
SEM,DIVERSE,6,,COLLOM,7,,,,BT,,,,,,,,,,,,,,,,
SEM,DIVERSE,4,,COLLOM,8,6/20/2025,18.1,,height @ fruit 6/20,,,,,,,,,,,,,,,,
SEM,DIVERSE,3,,COLLOM,9,6/24/2025,10.1,,cleistogamous,,,,,,,,,,,,,,,,
SEM,DIVERSE,7,,COLLOM,10,6/6/2025,17.0,,,,,,,,,,,,,,,,,,
SEM,DIVERSE,2,,EPIDEN,1,,,,,,,,,,,,,,,,,,,,
SEM,DIVERSE,2,,EPIDEN,2,,,6/17/2025,,,,,,,,,,,,,,,,,
SEM,DIVERSE,4,,EPIDEN,3,,,,,,,,,,,,,,,,,,,,
SEM,DIVERSE,4,,EPIDEN,4,,,,,,,,,,,,,,,,,,,,
SEM,DIVERSE,1,,EPIDEN,5,,,6/27/2025,,,,,,,,,,,,,,,,,
SEM,DIVERSE,5,,EPIDEN,6,,,,,,,,,,,,,,,,,,,,
SEM,DIVERSE,3,,EPIDEN,7,,,6/24/2025,,,,,,,,,,,,,,,,,
SEM,DIVERSE,5,,EPIDEN,8,,,,,,,,,,,,,,,,,,,,
SEM,DIVERSE,3,,EPIDEN,9,6/20/2025,16.4,,,,,,,,,,,,,,,,,,
SEM,DIVERSE,1,,EPIDEN,10,,,,,,,,,,,,,,,,,,,,
SEM,DIVERSE,8,,GILCAP,1,6/17/2025,16.2,,,,,,,,,,,,,,,,,,
SEM,DIVERSE,3,,GILCAP,2,6/17/2025,24.6,,,,,,,,,,,,,,,,,,
SEM,DIVERSE,8,,GILCAP,3,6/17/2025,27.4,,,,,,,,,,,,,,,,,,
SEM,DIVERSE,8,,GILCAP,4,6/17/2025,20.3,,,,,,,,,,,,,,,,,,
SEM,DIVERSE,7,,GILCAP,5,6/17/2025,19.1,,,,,,,,,,,,,,,,,,
SEM,DIVERSE,5,,GILCAP,6,6/17/2025,38.0,,BT,,,,,,,,,,,,,,,,
SEM,DIVERSE,4,,GILCAP,7,,,6/20/2025,,,,,,,,,,,,,,,,,
SEM,DIVERSE,2,,GILCAP,8,,,,odd 6/24,,,,,,,,,,,,,,,,
SEM,DIVERSE,4,,GILCAP,9,6/27/2025,25.4,,BT,,,,,,,,,,,,,,,,
SEM,DIVERSE,6,,GILCAP,10,,,,,,,,,,,,,,,,,,,,
SEM,DIVERSE,2,,NAVSQU,1,,,,,,,,,,,,,,,,,,,,
SEM,DIVERSE,2,,NAVSQU,2,,,,,,,,,,,,,,,,,,,,
SEM,DIVERSE,2,,NAVSQU,3,,,,,,,,,,,,,,,,,,,,
SEM,DIVERSE,6,,NAVSQU,4,,,,,,,,,,,,,,,,,,,,
SEM,DIVERSE,,,NAVSQU,5,,,,,,,,,,,,,,,,,,,,
SEM,DIVERSE,,,NAVSQU,6,,,,,,,,,,,,,,,,,,,,
SEM,DIVERSE,,,NAVSQU,7,,,,,,,,,,,,,,,,,,,,
SEM,DIVERSE,,,NAVSQU,8,,,,,,,,,,,,,,,,,,,,
SEM,DIVERSE,,,NAVSQU,9,,,,,,,,,,,,,,,,,,,,
SEM,DIVERSE,,,NAVSQU,10,,,,,,,,,,,,,,,,,,,,
SEM,DIVERSE,3,,PLAFIG,1,5/16/2025,9.1,6/20/2025,,,,,,,,,,,,,,,,,
SEM,DIVERSE,2,,PLAFIG,2,5/16/2025,7.4,6/20/2025,,,,,,,,,,,,,,,,,
SEM,DIVERSE,2,,PLAFIG,3,5/16/2025,8.7,6/20/2025,,,,,,,,,,,,,,,,,
SEM,DIVERSE,2,,PLAFIG,4,5/16/2025,7.4,6/20/2025,,,,,,,,,,,,,,,,,
SEM,DIVERSE,1,,PLAFIG,5,5/16/2025,9.1,6/20/2025,,,,,,,,,,,,,,,,,
SEM,DIVERSE,1,,PLAFIG,6,5/16/2025,12.1,6/20/2025,,,,,,,,,,,,,,,,,
SEM,DIVERSE,,,PLAFIG,7,,,,,,,,,,,,,,,,,,,,
SEM,DIVERSE,,,PLAFIG,8,,,,,,,,,,,,,,,,,,,,
SEM,DIVERSE,,,PLAFIG,9,,,,,,,,,,,,,,,,,,,,
SEM,DIVERSE,,,PLAFIG,10,,,,,,,,,,,,,,,,,,,,
SEM,DIVERSE,8,,PLECON,1,4/25/2025,3.6,,,,,,,,,,,,,,,,,,
SEM,DIVERSE,8,,PLECON,2,4/25/2025,9.2,,,,,,,,,,,,,,,,,,
SEM,DIVERSE,7,,PLECON,3,4/18/2025,16.8,,BT,,,,,,,,,,,,,,,,
SEM,DIVERSE,7,,PLECON,4,4/25/2025,12.9,,,,,,,,,,,,,,,,,,
SEM,DIVERSE,7,,PLECON,5,4/25/2025,11.6,,,,,,,,,,,,,,,,,,
SEM,DIVERSE,4,,PLECON,6,4/29/2025,12.1,6/20/2025,,,,,,,,,,,,,,,,,
SEM,DIVERSE,2,,PLECON,7,4/25/2025,15.8,,,,,,,,,,,,,,,,,,
SEM,DIVERSE,2,,PLECON,8,4/22/2025,12.1,,,,,,,,,,,,,,,,,,
SEM,DIVERSE,3,,PLECON,9,4/29/2025,7.8,6/20/2025,,,,,,,,,,,,,,,,,
SEM,DIVERSE,6,,PLECON,10,5/6/2025,9.9,6/20/2025,,,,,,,,,,,,,,,,,
WIR,ALONE,,,CLAPUR,1,,,,,,,,,,,,,,,,,,,,
WIR,ALONE,,,CLAPUR,2,6/27/2025,9.7,,height at fruit,,,,,,,,,,,,,,,,
WIR,ALONE,,,CLAPUR,3,6/24/2025,19.3,,,,,,,,,,,,,,,,,,
WIR,ALONE,,,CLAPUR,4,,,6/6/2025,,,,,,,,,,,,,,,,,
WIR,ALONE,,,CLAPUR,5,,,,,,,,,,,,,,,,,,,,
WIR,ALONE,,,CLAPUR,6,,,,,,,,,,,,,,,,,,,,
WIR,ALONE,,,CLAPUR,7,,,,,,,,,,,,,,,,,,,,
WIR,ALONE,,,CLAPUR,8,,,,"odd 6/24, bt 6/20",,,,,,,,,,,,,,,,
WIR,ALONE,,,CLAPUR,9,,,,,,,,,,,,,,,,,,,,
WIR,ALONE,,,CLAPUR,10,,,,,,,,,,,,,,,,,,,,
WIR,ALONE,,,CLAPUR,11,,,,,,,,,,,,,,,,,,,,
WIR,ALONE,,,CLAPUR,12,6/27/2025,8.3,,height at fruit,,,,,,,,,,,,,,,,
WIR,ALONE,,,CLAPUR,13,,,,,,,,,,,,,,,,,,,,
WIR,ALONE,,,CLAPUR,14,,,6/17/2025,h 6/6,,,,,,,,,,,,,,,,
WIR,ALONE,,,CLAPUR,15,6/24/2025,11.1,,,,,,,,,,,,,,,,,,
WIR,ALONE,,,COLLIN,1,6/2/2025,9.5,6/17/2025,,,,,,,,,,,,,,,,,
WIR,ALONE,,,COLLIN,2,,,6/2/2025,,,,,,,,,,,,,,,,,
WIR,ALONE,,,COLLIN,3,,,6/6/2025,ODD 6/2,,,,,,,,,,,,,,,,
WIR,ALONE,,,COLLIN,4,,,6/6/2025,ODD 6/2,,,,,,,,,,,,,,,,
WIR,ALONE,,,COLLIN,5,,,6/9/2025,,,,,,,,,,,,,,,,,
WIR,ALONE,,,COLLIN,6,,,6/17/2025,ODD 6/9,,,,,,,,,,,,,,,,
WIR,ALONE,,,COLLIN,7,,,6/6/2025,,,,,,,,,,,,,,,,,
WIR,ALONE,,,COLLIN,8,,,6/17/2025,,,,,,,,,,,,,,,,,
WIR,ALONE,,,COLLIN,9,,,6/6/2025,,,,,,,,,,,,,,,,,
WIR,ALONE,,,COLLIN,10,,,6/9/2025,,,,,,,,,,,,,,,,,
WIR,ALONE,,,COLLIN,11,,,6/17/2025,,,,,,,,,,,,,,,,,
WIR,ALONE,,,COLLIN,12,,,6/6/2025,,,,,,,,,,,,,,,,,
WIR,ALONE,,,COLLIN,13,,,6/17/2025,,,,,,,,,,,,,,,,,
WIR,ALONE,,,COLLIN,14,,,6/27/2025,Odd 6/20/25,,,,,,,,,,,,,,,,
WIR,ALONE,,,COLLIN,15,,,6/17/2025,ODD 6/6,,,,,,,,,,,,,,,,
WIR,ALONE,,,COLLOM,1,,,,,,,,,,,,,,,,,,,,
WIR,ALONE,,,COLLOM,2,,,,cleistogamous ,,,,,,,,,,,,,,,,
WIR,ALONE,,,COLLOM,3,,,6/17/2025,,,,,,,,,,,,,,,,,
WIR,ALONE,,,COLLOM,4,,,,,,,,,,,,,,,,,,,,
WIR,ALONE,,,COLLOM,5,,,,,,,,,,,,,,,,,,,,
WIR,ALONE,,,COLLOM,6,,,6/20/2025,,,,,,,,,,,,,,,,,
WIR,ALONE,,,COLLOM,7,,,6/9/2025,,,,,,,,,,,,,,,,,
WIR,ALONE,,,COLLOM,8,,,,cleistogamous ,,,,,,,,,,,,,,,,
WIR,ALONE,,,COLLOM,9,,,,,,,,,,,,,,,,,,,,
WIR,ALONE,,,COLLOM,10,,,,,,,,,,,,,,,,,,,,
WIR,ALONE,,,COLLOM,11,,,,,,,,,,,,,,,,,,,,
WIR,ALONE,,,COLLOM,12,,,6/24/2025,,,,,,,,,,,,,,,,,
WIR,ALONE,,,COLLOM,13,,,,cleistogamous ,,,,,,,,,,,,,,,,
WIR,ALONE,,,COLLOM,14,,,6/24/2025,,,,,,,,,,,,,,,,,
WIR,ALONE,,,COLLOM,15,6/9/2025,10.0,6/27/2025,cleistogamous ,,,,,,,,,,,,,,,,
WIR,ALONE,,,EPIDEN,1,,,,,,,,,,,,,,,,,,,,
WIR,ALONE,,,EPIDEN,2,,,,h 6/20,,,,,,,,,,,,,,,,
WIR,ALONE,,,EPIDEN,3,6/17/2025,12.1,,,,,,,,,,,,,,,,,,
WIR,ALONE,,,EPIDEN,4,6/27/2025,23.7,,,,,,,,,,,,,,,,,,
WIR,ALONE,,,EPIDEN,5,6/27/2025,14.5,,h 6/20,,,,,,,,,,,,,,,,
WIR,ALONE,,,EPIDEN,6,6/17/2025,13.1,,h 6/20,,,,,,,,,,,,,,,,
WIR,ALONE,,,EPIDEN,7,,,,h 6/20,,,,,,,,,,,,,,,,
WIR,ALONE,,,EPIDEN,8,,,,h 6/20,,,,,,,,,,,,,,,,
WIR,ALONE,,,EPIDEN,9,,,,h 6/20,,,,,,,,,,,,,,,,
WIR,ALONE,,,EPIDEN,10,6/27/2025,34.4,,h 6/20,,,,,,,,,,,,,,,,
WIR,ALONE,,,EPIDEN,11,6/20/2025,13.1,,,,,,,,,,,,,,,,,,
WIR,ALONE,,,EPIDEN,12,,,,,,,,,,,,,,,,,,,,
WIR,ALONE,,,EPIDEN,13,6/27/2025,15.5,,,,,,,,,,,,,,,,,,
WIR,ALONE,,,EPIDEN,14,6/20/2025,20.7,,,,,,,,,,,,,,,,,,
WIR,ALONE,,,EPIDEN,15,6/24/2025,13.7,,h 6/20,,,,,,,,,,,,,,,,
WIR,ALONE,,,GILCAP,1,,,,h 6/24,,,,,,,,,,,,,,,,
WIR,ALONE,,,GILCAP,2,,,,h 6/24,,,,,,,,,,,,,,,,
WIR,ALONE,,,GILCAP,3,6/24/2025,40.0,,h 6/24,,,,,,,,,,,,,,,,
WIR,ALONE,,,GILCAP,4,,,,h 6/24,,,,,,,,,,,,,,,,
WIR,ALONE,,,GILCAP,5,6/24/2025,11.7,,h 6/24,,,,,,,,,,,,,,,,
WIR,ALONE,,,GILCAP,6,6/9/2025,37.1,,h 6/24,,,,,,,,,,,,,,,,
WIR,ALONE,,,GILCAP,7,,,,h 6/24,,,,,,,,,,,,,,,,
WIR,ALONE,,,GILCAP,8,6/9/2025,41.7,,h 6/24,,,,,,,,,,,,,,,,
WIR,ALONE,,,GILCAP,9,,,,h 6/24,,,,,,,,,,,,,,,,
WIR,ALONE,,,GILCAP,10,6/17/2025,29.3,,h 6/24,,,,,,,,,,,,,,,,
WIR,ALONE,,,GILCAP,11,,,6/20/2025,h 6/24,,,,,,,,,,,,,,,,
WIR,ALONE,,,GILCAP,12,,,,h 6/24,,,,,,,,,,,,,,,,
WIR,ALONE,,,GILCAP,13,,,,h 6/24,,,,,,,,,,,,,,,,
WIR,ALONE,,,GILCAP,14,,,,h 6/24,,,,,,,,,,,,,,,,
WIR,ALONE,,,GILCAP,15,,,6/20/2025,h 6/24,,,,,,,,,,,,,,,,
WIR,ALONE,,,NAVSQU,1,6/17/2025,27.8,,,,,,,,,,,,,,,,,,
WIR,ALONE,,,NAVSQU,2,6/17/2025,3.2,,,,,,,,,,,,,,,,,,
WIR,ALONE,,,NAVSQU,3,6/20/2025,10.4,,,,,,,,,,,,,,,,,,
WIR,ALONE,,,NAVSQU,4,6/17/2025,26.7,,,,,,,,,,,,,,,,,,
WIR,ALONE,,,NAVSQU,5,6/17/2025,7.9,,,,,,,,,,,,,,,,,,
WIR,ALONE,,,NAVSQU,6,6/17/2025,19.3,,,,,,,,,,,,,,,,,,
WIR,ALONE,,,NAVSQU,7,6/17/2025,6.5,,,,,,,,,,,,,,,,,,
WIR,ALONE,,,NAVSQU,8,6/17/2025,16.8,,,,,,,,,,,,,,,,,,
WIR,ALONE,,,NAVSQU,9,6/17/2025,11.3,,,,,,,,,,,,,,,,,,
WIR,ALONE,,,NAVSQU,10,6/17/2025,9.6,,,,,,,,,,,,,,,,,,
WIR,ALONE,,,NAVSQU,11,6/17/2025,43.7,,,,,,,,,,,,,,,,,,
WIR,ALONE,,,NAVSQU,12,6/17/2025,29.0,,,,,,,,,,,,,,,,,,
WIR,ALONE,,,NAVSQU,13,6/17/2025,28.7,,,,,,,,,,,,,,,,,,
WIR,ALONE,,,NAVSQU,14,6/17/2025,30.8,,,,,,,,,,,,,,,,,,
WIR,ALONE,,,NAVSQU,15,6/17/2025,29.8,,,,,,,,,,,,,,,,,,
WIR,ALONE,,,PLAFIG,1,5/6/2025,6.2,,,,,,,,,,,,,,,,,,
WIR,ALONE,,,PLAFIG,2,5/13/2025,1.1,5/27/2025,,,,,,,,,,,,,,,,,
WIR,ALONE,,,PLAFIG,3,5/9/2025,8.2,,,,,,,,,,,,,,,,,,
WIR,ALONE,,,PLAFIG,4,5/6/2025,2.4,,,,,,,,,,,,,,,,,,
WIR,ALONE,,,PLAFIG,5,5/9/2025,10.0,,,,,,,,,,,,,,,,,,
WIR,ALONE,,,PLAFIG,6,5/13/2025,6.3,,,,,,,,,,,,,,,,,,
WIR,ALONE,,,PLAFIG,7,5/6/2025,5.8,,,,,,,,,,,,,,,,,,
WIR,ALONE,,,PLAFIG,8,5/6/2025,6.0,,,,,,,,,,,,,,,,,,
WIR,ALONE,,,PLAFIG,9,5/13/2025,3.6,6/9/2025,,,,,,,,,,,,,,,,,
WIR,ALONE,,,PLAFIG,10,5/6/2025,10.1,,,,,,,,,,,,,,,,,,
WIR,ALONE,,,PLAFIG,11,5/6/2025,5.1,,odd 4/25,,,,,,,,,,,,,,,,
WIR,ALONE,,,PLAFIG,12,5/6/2025,5.0,,,,,,,,,,,,,,,,,,
WIR,ALONE,,,PLAFIG,13,5/9/2025,5.5,,,,,,,,,,,,,,,,,,
WIR,ALONE,,,PLAFIG,14,5/6/2025,2.7,,,,,,,,,,,,,,,,,,
WIR,ALONE,,,PLAFIG,15,5/6/2025,8.6,,,,,,,,,,,,,,,,,,
WIR,ALONE,,,PLECON,1,5/16/2025,9.0,,"old plant 4/22 7.9, H 5/6",,,,,,,,,,,,,,,,
WIR,ALONE,,,PLECON,2,5/30/2025,11.6,,H 4/29,,,,,,,,,,,,,,,,
WIR,ALONE,,,PLECON,3,4/18/2025,8.8,5/27/2025,"H 5/6, odd 5/13",,,,,,,,,,,,,,,,
WIR,ALONE,,,PLECON,4,4/15/2025,9.0,,H at some point,,,,,,,,,,,,,,,,
WIR,ALONE,,,PLECON,5,5/6/2025,10.7,,H 4/25,,,,,,,,,,,,,,,,
WIR,ALONE,,,PLECON,6,5/27/2025,9.2,,H 4/25,,,,,,,,,,,,,,,,
WIR,ALONE,,,PLECON,7,5/16/2025,13.3,,h 5/6,,,,,,,,,,,,,,,,
WIR,ALONE,,,PLECON,8,5/27/2025,16.5,,H 4/25,,,,,,,,,,,,,,,,
WIR,ALONE,,,PLECON,9,5/13/2025,7.9,,H 4/25,,,,,,,,,,,,,,,,
WIR,ALONE,,,PLECON,10,5/23/2025,9.3,,H 4/25,,,,,,,,,,,,,,,,
WIR,ALONE,,,PLECON,11,4/22/2025,7.0,,h 4/28,,,,,,,,,,,,,,,,
WIR,ALONE,,,PLECON,12,5/2/2025,7.1,,,,,,,,,,,,,,,,,,
WIR,ALONE,,,PLECON,13,4/15/2025,10.1,,H at some point,,,,,,,,,,,,,,,,
WIR,ALONE,,,PLECON,14,4/15/2025,6.6,,H at some point,,,,,,,,,,,,,,,,
WIR,ALONE,,,PLECON,15,5/9/2025,10.4,,H 4/25,,,,,,,,,,,,,,,,
WIR,DIVERSE,1,,CLAPUR,1,6/20/2025,6.8,,,,,,,,,,,,,,,,,,
WIR,DIVERSE,5,,CLAPUR,2,,,6/20/2025,,,,,,,,,,,,,,,,,
WIR,DIVERSE,9,,CLAPUR,3,6/6/2025,7.9,6/17/2025,,,,,,,,,,,,,,,,,
WIR,DIVERSE,11,,CLAPUR,4,6/20/2025,8.5,,height at fruit ,,,,,,,,,,,,,,,,
WIR,DIVERSE,5,,CLAPUR,5,,,6/6/2025,,,,,,,,,,,,,,,,,
WIR,DIVERSE,4,,CLAPUR,6,,,6/24/2025,,,,,,,,,,,,,,,,,
WIR,DIVERSE,3,,CLAPUR,7,6/6/2025,4.0,6/24/2025,,,,,,,,,,,,,,,,,
WIR,DIVERSE,4,,CLAPUR,8,6/20/2025,5.8,,height on first fruit 6/20,,,,,,,,,,,,,,,,
WIR,DIVERSE,2,,CLAPUR,9,6/6/2025,10.5,,,,,,,,,,,,,,,,,,
WIR,DIVERSE,11,,CLAPUR,10,6/9/2025,16.3,,,,,,,,,,,,,,,,,,
WIR,DIVERSE,4,,CLAPUR,11,,,6/24/2025,,,,,,,,,,,,,,,,,
WIR,DIVERSE,5,,COLLIN,1,5/16/2025,6.9,6/20/2025,,,,,,,,,,,,,,,,,
WIR,DIVERSE,5,,COLLIN,2,5/9/2025,7.5,6/20/2025,,,,,,,,,,,,,,,,,
WIR,DIVERSE,4,,COLLIN,3,5/20/2025,10.4,6/20/2025,,,,,,,,,,,,,,,,,
WIR,DIVERSE,4,,COLLIN,4,,,6/2/2025,ODD 5/27,,,,,,,,,,,,,,,,
WIR,DIVERSE,7,,COLLIN,5,,,6/20/2025,ODD 6/2,,,,,,,,,,,,,,,,
WIR,DIVERSE,12,,COLLIN,6,5/23/2025,19.1,6/20/2025,,,,,,,,,,,,,,,,,
WIR,DIVERSE,9,,COLLIN,7,5/23/2025,13.0,6/20/2025,,,,,,,,,,,,,,,,,
WIR,DIVERSE,11,,COLLIN,8,5/13/2025,8.3,6/20/2025,,,,,,,,,,,,,,,,,
WIR,DIVERSE,3,,COLLIN,9,5/13/2025,11.8,,,,,,,,,,,,,,,,,,
WIR,DIVERSE,1,,COLLIN,10,,,,ODD 6/2,,,,,,,,,,,,,,,,
WIR,DIVERSE,11,,COLLOM,1,6/27/2025,6.6,,"cleistogamous, height at fruit",,,,,,,,,,,,,,,,
WIR,DIVERSE,9,,COLLOM,2,6/6/2025,2.5,,odd 6/20,,,,,,,,,,,,,,,,
WIR,DIVERSE,1,,COLLOM,3,,,,Odd 6/24,,,,,,,,,,,,,,,,
WIR,DIVERSE,10,,COLLOM,4,,,,odd 6/20,,,,,,,,,,,,,,,,
WIR,DIVERSE,11,,COLLOM,5,6/6/2025,7.0,,,,,,,,,,,,,,,,,,
WIR,DIVERSE,1,,COLLOM,6,6/24/2025,15.2,,cleistogamous,,,,,,,,,,,,,,,,
WIR,DIVERSE,2,,COLLOM,7,6/20/2025,16.4,,cleistogamous,,,,,,,,,,,,,,,,
WIR,DIVERSE,10,,COLLOM,8,6/20/2025,15.8,,height at fruit (cleistogamous),,,,,,,,,,,,,,,,
WIR,DIVERSE,10,,COLLOM,9,6/6/2025,9.6,,,,,,,,,,,,,,,,,,
WIR,DIVERSE,12,,COLLOM,10,6/24/2025,16.7,,cleistogamous,,,,,,,,,,,,,,,,
WIR,DIVERSE,2,,EPIDEN,1,,,,odd 6/20/25,,,,,,,,,,,,,,,,
WIR,DIVERSE,,,EPIDEN,2,,,,,,,,,,,,,,,,,,,,
WIR,DIVERSE,7,,EPIDEN,3,6/20/2025,10.2,,,,,,,,,,,,,,,,,,
WIR,DIVERSE,7,,EPIDEN,4,6/24/2025,15.3,,,,,,,,,,,,,,,,,,
WIR,DIVERSE,1,,EPIDEN,5,6/20/2025,,,,,,,,,,,,,,,,,,,
WIR,DIVERSE,6,,EPIDEN,6,,,6/20/2025,,,,,,,,,,,,,,,,,
WIR,DIVERSE,2,,EPIDEN,7,6/20/2025,11.8,,,,,,,,,,,,,,,,,,
WIR,DIVERSE,9,,EPIDEN,8,6/17/2025,13.5,,,,,,,,,,,,,,,,,,
WIR,DIVERSE,,,EPIDEN,9,,,,,,,,,,,,,,,,,,,,
WIR,DIVERSE,,,EPIDEN,10,,,,,,,,,,,,,,,,,,,,
WIR,DIVERSE,4,,GILCAP,1,6/9/2025,43.8,,BT 6/20,,,,,,,,,,,,,,,,
WIR,DIVERSE,2,,GILCAP,2,,,,"herbivory, odd 6/24",,,,,,,,,,,,,,,,
WIR,DIVERSE,9,,GILCAP,3,6/9/2025,30.6,,h 6/20,,,,,,,,,,,,,,,,
WIR,DIVERSE,4,,GILCAP,4,6/20/2025,23.3,,,,,,,,,,,,,,,,,,
WIR,DIVERSE,12,,GILCAP,5,6/9/2025,57.3,,h 6/20,,,,,,,,,,,,,,,,
WIR,DIVERSE,4,,GILCAP,6,6/9/2025,35.7,,,,,,,,,,,,,,,,,,
WIR,DIVERSE,2,,GILCAP,7,6/6/2025,18.3,,,,,,,,,,,,,,,,,,
WIR,DIVERSE,4,,GILCAP,8,,,,BT 6/20,,,,,,,,,,,,,,,,
WIR,DIVERSE,,,GILCAP,9,,,,,,,,,,,,,,,,,,,,
WIR,DIVERSE,,,GILCAP,10,,,,,,,,,,,,,,,,,,,,
WIR,DIVERSE,7,,NAVSQU,1,6/27/2025,3.3,,Odd 6/27/25,,,,,,,,,,,,,,,,
WIR,DIVERSE,,,NAVSQU,2,,,,,,,,,,,,,,,,,,,,
WIR,DIVERSE,,,NAVSQU,3,,,,,,,,,,,,,,,,,,,,
WIR,DIVERSE,,,NAVSQU,4,,,,,,,,,,,,,,,,,,,,
WIR,DIVERSE,,,NAVSQU,5,,,,,,,,,,,,,,,,,,,,
WIR,DIVERSE,,,NAVSQU,6,,,,,,,,,,,,,,,,,,,,
WIR,DIVERSE,,,NAVSQU,7,,,,,,,,,,,,,,,,,,,,
WIR,DIVERSE,,,NAVSQU,8,,,,,,,,,,,,,,,,,,,,
WIR,DIVERSE,,,NAVSQU,9,,,,,,,,,,,,,,,,,,,,
WIR,DIVERSE,,,NAVSQU,10,,,,,,,,,,,,,,,,,,,,
WIR,DIVERSE,4,,PLAFIG,1,5/16/2025,8.5,,,,,,,,,,,,,,,,,,
WIR,DIVERSE,,,PLAFIG,2,,,,,,,,,,,,,,,,,,,,
WIR,DIVERSE,,,PLAFIG,3,,,,,,,,,,,,,,,,,,,,
WIR,DIVERSE,,,PLAFIG,4,,,,,,,,,,,,,,,,,,,,
WIR,DIVERSE,,,PLAFIG,5,,,,,,,,,,,,,,,,,,,,
WIR,DIVERSE,,,PLAFIG,6,,,,,,,,,,,,,,,,,,,,
WIR,DIVERSE,,,PLAFIG,7,,,,,,,,,,,,,,,,,,,,
WIR,DIVERSE,,,PLAFIG,8,,,,,,,,,,,,,,,,,,,,
WIR,DIVERSE,,,PLAFIG,9,,,,,,,,,,,,,,,,,,,,
WIR,DIVERSE,,,PLAFIG,10,,,,,,,,,,,,,,,,,,,,
WIR,DIVERSE,6,,PLECON,1,5/6/2025,13.4,,,,,,,,,,,,,,,,,,
WIR,DIVERSE,4,,PLECON,2,4/28/2025,22.1,,BT 6/20,,,,,,,,,,,,,,,,
WIR,DIVERSE,1,,PLECON,3,4/18/2025,11.4,,,,,,,,,,,,,,,,,,
WIR,DIVERSE,2,,PLECON,4,4/15/2025,7.4,,H5/6,,,,,,,,,,,,,,,,
WIR,DIVERSE,3,,PLECON,5,4/18/2025,10.5,,,,,,,,,,,,,,,,,,
WIR,DIVERSE,12,,PLECON,6,5/9/2025,12.1,,h 4/29,,,,,,,,,,,,,,,,
WIR,DIVERSE,9,,PLECON,7,4/22/2025,11.8,,,,,,,,,,,,,,,,,,
WIR,DIVERSE,4,,PLECON,8,4/25/2025,10.1,,BT 6/20,,,,,,,,,,,,,,,,
WIR,DIVERSE,2,,PLECON,9,4/29/2025,10.3,,,,,,,,,,,,,,,,,,
WIR,DIVERSE,4,,PLECON,10,5/6/2025,12.3,,,,,,,,,,,,,,,,,,
