PARK,PLOT,PLOT,SUBPLOT,PLECON,NAVSQU,EPIDEN,PLAFIG,GILCAP,COLLOM,CLAPUR,COLLIN,BROHOR,ERILAN,CRESET,CYNECH,DAUCAR,GERDIS,LEUVUL,Madia,SHEARV,AIRCAR,ARRELA,BROELE,BRODIA,BROSTE,GALAPA,HOLLAN,LINBIE,MYODIS,PLALAN,RUAR,TORARV,VULBRO,agrostis spp,APOAND,CAMLEI,CASTEN,CERGLO,Cirsium,DACGLO,DIAARM,HYPPER,LACSER,LATVES,RUMCRI,SONASP,TAECAP,TRIDUB,Trifolium,Vicia,CARTUM,VEROFF,BROSIT,EPIBRA,CARHIR,NAVINT,CYTSCO,ACMAME,DICCON,WYEANG,NOTES
WIR,DIVERSE,1,A1,0,0,1,0,0,0,0,0,4,,2,,,,,,<1,1,,,,2,<1,,,,,,,,,,,,,,,,,,,,,,,,,,4,,,,,,,,,
WIR,DIVERSE,1,B1,2,0,0,0,0,1,0,0,3,,,,1,,,,,<1,,,,1,,,,2,,,,,,,,,,,,,,,,,,,,,,7,6,,,,,,,,,
WIR,DIVERSE,1,C1,2,0,0,0,0,0,4,0,<1,,,,,,,,,1,,,,<1,<1,,,2,,,,,,,,,,,,,,,,,,,,,,5,2,,,,,,,,,
WIR,DIVERSE,1,D1,1,0,0,0,0,0,4,0,0,,2,,2,,1,,,2,,,,<1,<1,,,,,,,,,,,,,,,,,,,,,,,,,2,2,,,,,,,,,
WIR,DIVERSE,1,E1,14,0,0,0,0,0,1,0,4,,3,,,1,,,,3,,,,1,,,,,,,,,,,,,1,,,,,,,,,,,,,1,,,,2,,,,,,
WIR,DIVERSE,1,A2,0,0,1,0,0,0,1,0,3,,1,,1,,,,,<1,,,,1,<1,,,3,,,,,,,,,,,,,,,,,,,,,,,,,,,,,,,,
WIR,DIVERSE,1,B2,0,0,0,0,0,0,1,0,2,,2,,1,,1,,,<1,,,,1,<1,,,,,,,,,,,,,,,,,,,,,,,,,6,2,,,,,,,,,
WIR,DIVERSE,1,C2,3,0,0,0,0,1,8,0,<1,,3,,1,,1,,,1,,,,1,,,,,,,,,,,,,,,,,,,,,,,,,,8,10,,,,,,,,,
WIR,DIVERSE,1,D2,5,0,0,0,0,0,9,0,<1,,3,,2,,,,,1,,,,1,,,,,,,,,<1,,,,,,,,,,,,,,,,,1,7,,,,,,,,,
WIR,DIVERSE,1,E2,10,0,0,0,0,1,0,0,3,,2,,1,2,,,,5,,,,2,,,,,,,,,,,,,,,,,,,,,,,,,1,1,1,,,7,,,,1,,
WIR,DIVERSE,1,A3,0,1,1,0,0,0,0,0,5,,5,,,,,,,<1,,,,2,2,,,,,,,,,,,,,,,,,,,,,,,,,,12,,,,,,,,,
WIR,DIVERSE,1,B3,0,0,0,0,0,1,0,0,5,,1,,,2,,,,<1,,,,1,1,,,,,,,,,,,,1,,,,,,,,,,,,2,,24,,,,,,,,,
WIR,DIVERSE,1,C3,5,0,0,0,0,0,0,0,1,,,,,,,,<1,<1,,,,1,<1,,,,,,,,,,,,,,,,,,,,,,,,,5,10,,,,,,,,,
WIR,DIVERSE,1,D3,4,0,0,0,0,0,0,0,1,,4,,2,2,,,,4,,,,<1,<1,,,,,,,,,,,,,,,,,,,,,,,,1,1,10,,,,,,,,,
WIR,DIVERSE,1,E3,2,0,0,0,0,0,0,0,2,,2,,2,,1,,,4,,,,3,,,,,,,,<1,,,,,,,,,,,,,,,,,,,6,,,,,,,,,
WIR,DIVERSE,1,A4,0,0,0,0,0,0,0,0,4,,4,,,2,,,,0,,,,4,3,,,,,,,<1,,,,,,,,1,,,,,,,,,,,15,,,,,,,,,
WIR,DIVERSE,1,B4,0,0,0,0,0,0,0,0,3,,4,,,1,,,<1,2,,,,3,1,,,,,,,,,,,,,,,,,,,,,,,,,<1,22,,,,,,,,,
WIR,DIVERSE,1,C4,2,0,0,0,0,1,0,1,3,,6,,1,,,,,2,,,,2,3,,,,,,,,,,,,,,,,,,,,,,,3,,,6,,,,,,,,,
WIR,DIVERSE,1,D4,1,0,0,0,0,1,0,1,3,,9,,2,,,,<1,<1,,,,3,1,,,,,,,,,,,,,,,,,,,,,,,1,2,,5,,,,,,,,,
WIR,DIVERSE,1,E4,9,0,0,0,0,3,0,0,2,,9,,,,1,,1,2,,,,1,<1,,,1,,,,,,,,,1,,,,,,,,,,,4,,,6,,,,,,,,,
WIR,DIVERSE,1,A5,0,0,0,0,0,1,0,0,4,,,,3,,,,,1,,,,4,2,,,,,,1,,,,,,5,,,1,,,,,,,,,1,,6,,,,,,,,,
WIR,DIVERSE,1,B5,0,0,0,0,0,0,0,0,3,,5,1,4,,,,,1,,,,9,1,,,3,,,,,,,,,4,,,,,,,,,,,,2,,2,,,,,,,,,
WIR,DIVERSE,1,C5,0,0,0,0,0,1,0,0,3,,4,,3,6,,,,1,,,,4,,,,,,,1,<1,,,,,1,,,,,,,,,,,24,1,,2,,,,,,,,,
WIR,DIVERSE,1,D5,0,0,0,0,0,0,0,0,2,1,,,7,,,,<1,1,,,,2,,,,,,,,,,,,,,,,,,,,,,,,12,,,16,,,,,,,,,
WIR,DIVERSE,1,E5,0,0,0,0,0,1,0,0,1,,8,,6,,,,<1,4,,,,1,1,,,,,,,,1,,,,1,,,,,,,,,,,1,1,,14,,,,,,,,,
WIR,DIVERSE,2,A1,0,0,0,0,0,0,1,0,2,,2,,3,1,,,0,1,,,,1,<1,,,,,,,,,,,,,,,,,,,,,,,,5,,9,,,,,,,,,
WIR,DIVERSE,2,B1,0,0,0,0,0,0,0,0,2,,5,,3,2,,,<1,2,,,,1,<1,,,,,,,,,,,,,,,,,,,,,,,,1,,7,,,,,,,,,
WIR,DIVERSE,2,C1,5,0,1,0,0,0,10,0,2,,4,,3,,,,<1,1,,,,2,<1,,,1,,,,,,,,,,,,,,,,,,,,,,,12,,,,,,,,,
WIR,DIVERSE,2,D1,16,0,0,0,0,0,0,0,2,,3,,3,,,,,1,,,,<1,<1,,1,2,,,,,,,,,,,,,,,,,,,,,1,,13,,,,,,,,,
WIR,DIVERSE,2,E1,7,0,0,0,0,0,0,0,1,,3,,3,3,,,1,1,,,,2,,,,,,,,,,,,,,,,,,,,,,,,,,,4,,,,,,,,,
WIR,DIVERSE,2,A2,0,0,0,0,0,0,2,0,3,,2,,2,3,,,,1,,,,<1,<1,,,,,,,,,,,,,,,,,,,,,,,,1,,6,,,,,,,,,
WIR,DIVERSE,2,B2,0,0,0,0,0,0,0,0,2,,6,,5,7,,,<1,2,,,,1,<1,,,1,,,,,,,,,,,,,,,,,,,,,1,,8,,,,,,,,,
WIR,DIVERSE,2,C2,5,0,0,0,1,0,0,0,1,,3,,7,4,,,<1,1,,,,1,<1,,,,,,,,,,,,,,,,1,,,,,,,,,,6,,,,,,,,,
WIR,DIVERSE,2,D2,5,0,1,0,1,0,0,0,<1,,8,,,2,,,<1,1,,,,<1,<1,,,2,,,,,,,,,,,,,,,,,,,,,,2,4,,,,,,,,,
WIR,DIVERSE,2,E2,7,0,2,0,0,0,0,0,1,,5,,2,3,1,,<1,2,,,,1,<1,,,,,,,,,,,,3,,,,,,,,,,,,,<1,20,,,,,,,,,
WIR,DIVERSE,2,A3,0,0,0,0,0,1,1,0,3,,2,,6,5,,,<1,<1,,,,<1,<1,,,4,,,,,,,,,,,,,,,,,,,,,,,,,,,,,,,,
WIR,DIVERSE,2,B3,0,0,0,0,0,0,2,0,3,,5,,3,1,,,,<1,,,,1,<1,,,1,,,,,,,,,,,,,,,,,,,,,,,1,,,,,,,,,
WIR,DIVERSE,2,C3,4,0,0,0,0,0,3,0,2,,3,,,,,,,1,,,,1,<1,,,,,,,,,,,,2,,,,,,,,,,,,,4,7,,,,,,,,,
WIR,DIVERSE,2,D3,12,0,1,0,0,1,1,0,3,3,3,,4,5,,,,1,,,,1,<1,,,2,,,,,<1,,,,1,,,,,,,,,,,,,2,15,,,,,,,,,
WIR,DIVERSE,2,E3,6,0,2,0,0,0,0,0,1,,6,,3,6,,,<1,2,,,,<1,<1,,,,,,,,,,,,2,,,,,,,,,,,,1,<1,12,,,,,,,,,
WIR,DIVERSE,2,A4,4,0,3,0,0,0,0,0,4,,,,1,,,,,1,,,,1,,,,,,,,<1,,,,,,,,,,,,,,,,,,2,1,,,,,,,,,
WIR,DIVERSE,2,B4,0,0,0,0,0,0,3,0,2,,6,,,1,,,,1,,,,<1,<1,,,,,,,<1,,,,,,,,,,,,,,,,,,,,,,,,,,,,
WIR,DIVERSE,2,C4,0,0,1,0,0,0,4,0,2,,3,,,1,,,,2,,,,<1,<1,,,,,,,,,,,,,,,,,,,,,,,,,<1,3,,,,,,,,,
WIR,DIVERSE,2,D4,4,0,2,0,0,0,14,0,<1,,11,,2,2,,,,1,,,,<1,<1,,,,,,,,,,,,,,,,,,,,,,,,2,,7,,,,,,,,,
WIR,DIVERSE,2,E4,4,0,0,0,1,0,1,0,1,,3,,1,3,,,,1,,,,,<1,,,,,,,,,,,,1,,,,,,,,,,,,,5,7,,,,,,,,,
WIR,DIVERSE,2,A5,0,0,0,0,0,0,3,0,4,,2,,3,,,,,1,,,,<1,,,,,,,,,,,,,1,,,,,,,,,,,,,,9,,,1,,,,,,
WIR,DIVERSE,2,B5,0,0,0,0,0,1,3,0,2,,,,,,,,,<1,,,,1,<1,,,1,,,,,,,,,,,,,,,,,,,,,,,,,,1,,,,,,
WIR,DIVERSE,2,C5,2,0,0,0,0,0,2,0,2,,5,,,2,,,,1,,,,<1,,,,,,,,,,,,,,,,,,,,,,,,,,,,,,,,,,,,
WIR,DIVERSE,2,D5,0,0,1,0,0,1,2,0,1,,16,,2,,,,,2,,,,1,,,,,,,,,,,,,,,,,,,,,,,,,1,,22,,,,,,,,,
WIR,DIVERSE,2,E5,0,0,1,0,0,0,1,0,3,,5,,1,,,,,1,,,,,,,,2,,,,,,,,,,,,,,,,,,,,,,1,32,,,1,,,,,,
WIR,DIVERSE,3,A1,0,0,0,0,0,0,0,0,3,,3,,3,1,,,,3,,,,2,<1,,,,,,3,,,,,,1,,,,,,,,,,,,1,,6,,,,,,,,,
WIR,DIVERSE,3,B1,0,0,1,0,0,0,0,0,3,,3,,1,2,,,<1,2,,,,<1,,,,,,,2,,,,,,,,,,,,,,,,,,1,,11,,,,,,,,,
WIR,DIVERSE,3,C1,0,0,0,0,0,0,0,0,1,,2,,3,,,,<1,<1,,,,<1,<1,,,,,,1,,<1,,,,,,,,,,,,,,,,,,,,,,,,,,,
WIR,DIVERSE,3,D1,1,0,0,0,1,0,2,0,2,,5,,3,1,,,<1,1,,,,<1,<1,,,,,,1,<1,,,,,,,,,,,,,,,,,,,16,,,,,,,,,
WIR,DIVERSE,3,E1,0,0,0,0,0,0,0,0,3,,5,,3,,,,<1,4,,,,<1,<1,,,,,,1,,1,,,,,,,,,,,,,,,,,,8,,,,,,,,,
WIR,DIVERSE,3,A2,0,0,0,0,0,0,0,2,2,,4,,2,2,,,<1,3,,,,<1,<1,,,,,,,,<1,,,,,,,,,,,,,,,,2,,11,,,,,,,,,
WIR,DIVERSE,3,B2,0,0,1,0,0,0,0,0,3,,6,1,6,,,,<1,4,,,,<1,<1,,,,,,,,<1,,,,,,,,,,,,,,,,1,,7,,,,,,,,,
WIR,DIVERSE,3,C2,1,0,0,0,0,0,0,0,2,,3,,3,2,,,,5,,,,<1,,,,,,,1,<1,,,,,,,,,,,,,,,,,,,5,,,,,,,,,
WIR,DIVERSE,3,D2,1,0,1,0,0,0,6,0,1,,6,,3,,,,,1,,,,<1,,,,,,,,,,,,,1,,,,,,,,,,,,,,9,,,,,,,,,
WIR,DIVERSE,3,E2,0,0,0,0,0,0,0,0,3,,3,,,2,,,<1,2,,,,1,,,,,,,,<1,,,,,,,,,,,,,,,,,,,8,,,,,,,,,
WIR,DIVERSE,3,A3,0,0,1,0,0,0,0,0,2,,4,,1,1,,,<1,2,,,,<1,<1,,,1,,,,,,,,,,,,,,,,,,,,,,,2,,,,,,,,,
WIR,DIVERSE,3,B3,3,0,0,0,0,1,0,0,3,,4,,,,,,,1,,,,<1,<1,,,,,,,,,,,,1,,,,,,,,1,,,,2,,9,,,,,,,,,
WIR,DIVERSE,3,C3,0,0,0,0,0,1,3,0,4,,4,,1,3,,,<1,5,,,,1,<1,,,1,,,,,,,,,,,,,,,,,,,,,,,17,,,,,,,,,
WIR,DIVERSE,3,D3,0,0,0,0,1,0,1,0,1,,7,,3,,,,,3,,,,<1,<1,,,,,,,,,,,,,,,,,,,,,,,,,,8,,,,,,,,,
WIR,DIVERSE,3,E3,0,0,1,1,0,0,0,0,2,,6,,3,,,,<1,6,,,,<1,<1,,,,,,2,,,,,,,,,,,,,,,,,,,,12,,,,,,,,,
WIR,DIVERSE,3,A4,0,0,0,0,0,0,0,0,4,,2,,3,,,,<1,1,,,,1,<1,,,,,,,,,,,,8,,,,,,,,,,,,,,10,,,,,,,,,
WIR,DIVERSE,3,B4,0,0,0,0,0,0,0,0,5,,,,2,2,,,<1,7,,,,<1,,,,,,,,,,,,,12,,,,,,,,,,,,1,,1,,,,,,,,,
WIR,DIVERSE,3,C4,0,0,0,0,0,0,1,0,3,,6,,9,,,,,6,,,,<1,<1,,,,,,1,,<1,,,,3,,,,,,,,,,,,,,17,,,,,,,,,
WIR,DIVERSE,3,D4,0,0,0,0,0,1,0,0,3,,6,,3,1,,,<1,9,,,,<1,<1,,,,,,,,<1,,,,1,,,,,,,,,,,,,,20,,,,,,,,,
WIR,DIVERSE,3,E4,0,0,0,0,0,2,0,0,7,,7,4,2,1,,,,8,,,,1,,,,,,,,,,,,,2,,,,,,,,,,,,,,23,,,,,,,,,
WIR,DIVERSE,3,A5,2,0,0,0,0,0,0,0,3,,,,6,,,,,2,,,,1,,,,1,,,,,,,,,3,,,,,,,,,,,,3,,10,,,,,,,,,
WIR,DIVERSE,3,B5,0,0,0,0,0,0,0,0,1,,1,,2,3,,,<1,7,,,,1,<1,,,,,,,,<1,,,,3,,,,,,,,,,,,2,,6,,,,,,,,,
WIR,DIVERSE,3,C5,1,0,1,0,0,0,0,0,5,,1,,5,2,1,,,9,,,,,<1,,,1,,,,,,,,,3,,,,,,,,,,,,2,,13,,,,,,,,,
WIR,DIVERSE,3,D5,0,0,0,0,0,1,0,0,4,,12,,7,,,,<1,8,,,,,<1,,,1,,,1,,<1,,,,1,,,,,,,,,,,,2,,14,,,,,,,,,
WIR,DIVERSE,3,E5,0,0,1,0,0,0,0,0,2,,,,6,3,1,,,1,,,,<1,,,,2,,,1,,,,,,,,,,,,,,,,,,,,25,,,,,,,,,
WIR,DIVERSE,4,A1,0,0,0,0,0,0,0,0,1,2,3,,,5,,,1,7,,,,3,,,,,,,,,,,,,,,,,,,,,,,,,,,,,,,,,,,,
WIR,DIVERSE,4,B1,0,0,0,0,0,0,0,0,<1,,2,,2,6,,,<1,5,,,,2,,,,,,,,1,,,,,1,,,,,,,,,,,,,,3,,,,,,1,,,
WIR,DIVERSE,4,C1,0,0,0,0,0,0,0,0,<1,,4,,4,4,,,<1,8,,,,3,,,,,,,,<1,,,,,,,,,,,,,,,,,,,5,,,,,,,,,
WIR,DIVERSE,4,D1,0,0,0,0,0,1,0,0,2,,,,4,,,,1,7,,,,2,,,,,,,,,,,,,,,,,,,,,,,,,,,2,,,,,,,,,
WIR,DIVERSE,4,E1,0,0,0,0,0,0,0,0,2,,3,,3,,,,<1,8,,,,2,,,,,,,,1,,,,,,,,,,,,,,,,,,,3,,,,,,,,,
WIR,DIVERSE,4,A2,1,0,0,0,0,0,0,0,3,,4,,,4,,,,6,,,,4,1,,,,,,,1,,,,,,,,,,,,,1,,,,,,2,,,,,,,,,
WIR,DIVERSE,4,B2,0,0,0,0,0,0,0,0,0,,4,,1,5,,,,7,,,,4,<1,,,,,,,<1,,,,,,,,,,,,,,,,,,,,,,,,,,,,
WIR,DIVERSE,4,C2,0,0,0,0,0,0,0,0,0,,,,1,2,,,1,3,,,,1,,,,,,,,,,,,,,,,,,,,,,,,,,,,,,,,,,,,lots of bare ground
WIR,DIVERSE,4,D2,1,0,0,0,0,1,1,0,<1,,3,,1,,,,<1,5,,,,2,,,,,,,,,,,,,,,,,,,,,,,,,,,,,,,,,,,,
WIR,DIVERSE,4,E2,0,0,0,0,0,0,0,0,1,,1,,2,,,,,7,,,,1,<1,,,,,,,,,,,,1,,,,,,,,,,,,,,5,,,,,,,,,
WIR,DIVERSE,4,A3,1,0,2,0,0,0,0,0,<1,,3,,,3,,,<1,4,,,,1,1,,,,,,,,,,,,,,,,,,,,,,,,1,,,,,,,,,,,
WIR,DIVERSE,4,B3,1,0,0,0,0,0,0,0,2,,6,,3,6,,,1,7,,,,1,<1,,,,,,,1,,,,,,,,,,,,,,,,,,,,,,,,,,,,
WIR,DIVERSE,4,C3,0,0,0,0,0,0,0,1,<1,,4,,,4,,,<1,4,,,,<1,<1,,,,,,,,,,,,,,,,,,,,1,,,,,,5,,,,,,,,,
WIR,DIVERSE,4,D3,0,0,0,1,1,0,0,0,2,,3,,3,,,,1,3,,,,<1,,,,,,,1,,,,,,,,,,,,,,,,,,,,2,,,,,,,,,
WIR,DIVERSE,4,E3,0,0,0,0,0,2,0,0,1,,2,,,2,,,1,6,,,,2,<1,,,,,,,<1,,,,,,,,,,,,,,,,,,,,,,,,,,,,bare ground
WIR,DIVERSE,4,A4,0,0,1,0,0,0,0,0,2,,2,,3,,,,<1,2,,,,1,<1,,,2,,,,<1,,,,,1,,,,,,,,,,,,,,8,,,,,,,,,
WIR,DIVERSE,4,B4,0,0,0,0,0,0,2,0,2,,2,,5,1,,,<1,1,,,,<1,<1,,,1,,,,,<1,,,,,,,,,,,,,,,,,,4,,,,,,,,,
WIR,DIVERSE,4,C4,4,0,0,0,2,0,2,0,1,,10,,5,1,,,,3,,,,1,<1,,,,,,,,,,,,,,,,,,,,,,,,,,8,,,,,,,,,
WIR,DIVERSE,4,D4,2,0,0,0,1,0,0,0,<1,,10,,,,,,<1,4,,,,1,,,,,,,,,<1,,,,1,,,,,,,,,,,,,,10,,,,,,,,,
WIR,DIVERSE,4,E4,0,0,0,0,0,0,0,0,1,,4,,2,2,,,<1,9,,,,3,,,,,,,,,,,,,,,,,,,,,,,,,,,5,,,,,,,,,
WIR,DIVERSE,4,A5,0,0,1,0,0,0,2,0,2,,2,,1,1,,,,3,,,,<1,2,,,,,,,,,,,,,,,,,,,,,,,,,,3,,,,,,,,,
WIR,DIVERSE,4,B5,0,0,0,0,0,0,3,0,2,,,,2,1,,,<1,7,,,,<1,<1,,,,,,,,,,,,2,,,,,,,,,,,,1,,4,,,,,,,,,
WIR,DIVERSE,4,C5,4,0,0,0,0,0,0,0,3,,5,,4,1,,,<1,3,,,,<1,<1,,,,,,,,<1,,,,,,,,,,,,,,,,,,5,,,,,,,,,
WIR,DIVERSE,4,D5,2,0,0,0,0,0,0,0,1,,5,,4,,,,<1,6,,,,1,,,,,,,,,<1,,,,2,,,,,,,,,,,,2,,3,,,,,,,,,
WIR,DIVERSE,4,E5,0,0,0,0,0,0,0,0,1,,5,,3,,,,<1,5,,,,1,<1,,,,,,,,,,,,<1,,,,,,,,,,,,2,,,,,,,,,,,50% dirt
WIR,DIVERSE,5,A1,0,0,0,0,0,0,0,0,1,,4,,2,,,,,3,,,,1,,,1,,,,,,,,,,,,,,,,,,,,,,1,,,,,,,,,,,
WIR,DIVERSE,5,B1,0,0,0,0,0,0,0,0,2,,3,4,,1,,,<1,6,,,,2,,,,,,,,,,,,,,,,,,,,,,,,,,,1,,,,,,,,,
WIR,DIVERSE,5,C1,0,0,0,0,0,0,0,0,1,,5,7,,,3,,,4,,,,5,,,1,,,,,,,,,,,,,,,,,,,,,,,,13,,,,,,,,,
WIR,DIVERSE,5,D1,0,0,0,0,0,0,0,1,1,,4,3,,3,6,,,6,,,,3,<1,,5,,,,,,,,,,,,,,,,,,,,,,,,11,,,,,,,,,
WIR,DIVERSE,5,E1,3,0,0,0,0,0,0,0,1,,4,3,,,,,<1,7,,,,1,<1,,7,1,,,,,,,,,,,,,,,,,,,,,,,7,,,,,,,,,
WIR,DIVERSE,5,A2,0,0,0,0,0,0,0,0,3,,,,1,3,,,<1,5,,,,2,,,,2,,,,,,,,,,,,,,,,,,,,,,,,,,,,1,,,,
WIR,DIVERSE,5,B2,0,0,0,0,0,0,0,0,2,,1,,,3,,,<1,3,,,,1,,,,,,,,,,,,,,,,,,,,,,,,,,,,,,,,,,,,
WIR,DIVERSE,5,C2,0,0,0,0,0,0,0,0,2,,5,,,1,3,,,5,,,,4,,,1,,,,,,,,,,,,,,,,,,,,,,,,25,,,,,,,,,
WIR,DIVERSE,5,D2,0,0,0,0,0,0,0,1,1,,3,,5,1,,,<1,4,,,,1,<1,,,,,,,,<1,,,,1,,,,,,,,,,,,,,5,,,,,,,,,
WIR,DIVERSE,5,E2,0,0,0,0,0,0,1,0,2,,1,,2,1,,,<1,4,,,,1,<1,,5,,,,,,,,,,,,,,,,,,,,,,,,4,,,,,,,,,
WIR,DIVERSE,5,A3,0,0,0,0,0,0,0,0,1,,,,,,5,,,7,,,,1,,,,,,,,,,,,,,,,,,,,,,,,,,,,,,,,,,,,
WIR,DIVERSE,5,B3,0,0,0,0,0,0,0,0,1,,2,,2,3,,,,5,,,,2,,,,,,,,,,,,,,,,,,,,,,,,,,,,,,,,,,,,
WIR,DIVERSE,5,C3,0,0,0,0,0,0,0,0,1,,,,,2,7,,,8,,,,3,,,1,,,,,,,,,,,,,,,,,,,,,,,,3,,,,,,,,,
WIR,DIVERSE,5,D3,0,0,0,0,0,0,0,0,4,,1,,12,,,,<1,4,,,,1,<1,,,,,,,,,,,,,,,,,,,,,,,,1,,9,,,,,,,,,
WIR,DIVERSE,5,E3,0,0,0,0,0,0,0,0,2,,,,10,,1,,,6,,,,1,<1,,1,,,,,,,,,,,,,,,,,,,,,,,,12,,,,,,,,,
WIR,DIVERSE,5,A4,0,0,0,0,0,0,0,0,4,,3,,,2,4,,,8,,,,3,,,,,,,,,,,,,,,,,,,,,,,,,,,,,,,,,,,,
WIR,DIVERSE,5,B4,0,0,0,0,0,0,0,0,1,,3,,2,2,,,<1,4,,,,1,,,,,,,,,,,,,,,,,,,,,,,,,,,,,,,,,,,,
WIR,DIVERSE,5,C4,0,0,0,0,0,0,0,0,3,,4,1,4,1,,,,8,,,,2,<1,,,,,,,<1,,,,,2,,,,,,,,,,,,1,,6,,,,,,,,,
WIR,DIVERSE,5,D4,0,0,0,0,0,0,0,0,3,,3,1,2,1,,,<1,7,,,,1,<1,,,,,,,<1,,,,,1,,,,,,,,,,,,,,29,,,,,,,,,
WIR,DIVERSE,5,E4,0,0,0,0,0,0,0,0,3,,4,2,,2,1,,,8,,,,1,,,,,,,,,,,,,,,,,,,,,,,,,,,4,,,,,,,,,
WIR,DIVERSE,5,A5,0,0,0,0,0,0,0,0,<1,,5,,,,2,,<1,8,,,,2,,,,,,,,,,,,,,,,1,,,,,,,,,,,2,,,,,,,,,
WIR,DIVERSE,5,B5,0,0,0,0,0,0,0,0,<1,,2,1,,1,,,<1,3,,,,1,,,,,,,,,,,,,,,,,,,,,,,,,,,,,,,,,,,,
WIR,DIVERSE,5,C5,0,0,0,0,0,0,0,0,2,,8,,,,1,,<1,8,,,,1,,,,,,,,,,,,,,,,,,,,,,,,,,,,,,,,,,,,
WIR,DIVERSE,5,D5,0,0,0,0,0,0,0,0,2,,4,2,1,1,,,<1,5,,,,1,,,,,,,,<1,,,,,,,,,,,,,,,,,1,,3,,,,,,,,,
WIR,DIVERSE,5,E5,0,0,0,0,0,0,0,0,2,,2,4,,1,1,,<1,8,,,,1,,,,1,,,,,,,,,,,,,,,,,,,,,,,3,,,,,,,,,
WIR,DIVERSE,6,A1,0,0,2,0,0,0,0,0,2,,6,2,,2,,,<1,1,,,,1,<1,,,,,,,,,,,,1,,,,,,,,,,,,,,4,,,,,,,,,
WIR,DIVERSE,6,B1,0,0,1,0,0,0,0,0,<1,,,,1,1,,,<1,<1,,,,<1,<1,,,,,,,,<1,,,,1,,,,2,,,,,,,,,,3,,,,,,,,,
WIR,DIVERSE,6,C1,0,0,0,0,0,0,0,0,<1,,,,,,,,<1,<1,,,,<1,,,,,,,,,,,,,,,,1,,,,,,,,,,,,,,,,,,,,
WIR,DIVERSE,6,D1,0,0,0,0,0,0,0,0,<1,,2,,4,,,,<1,1,,,,<1,<1,,,,,,,,,,,,,,,,,,,,,,,,,,,,,,,,,,,
WIR,DIVERSE,6,E1,0,0,0,0,0,0,0,0,1,,3,<1,4,,3,,,3,,,,<1,,,2,,,,,,,,,,,,,1,,,,,,,,,,,,,,,,,,,,
WIR,DIVERSE,6,A2,0,0,0,0,0,0,0,0,<1,,8,,4,1,2,,,1,,,,<1,1,,,,,,,,,,,,,,,,,,,,,,,,,,3,,,,,,,,,
WIR,DIVERSE,6,B2,0,0,0,0,0,0,0,0,1,,3,<1,3,1,,,<1,4,,,,1,<1,,,,,,,,,,,,1,,,1,,,,,,,,,,,3,,,,,,,,,
WIR,DIVERSE,6,C2,0,0,0,0,0,0,0,0,3,,5,<1,2,,1,,,2,,,,<1,<1,,,,,,,,,,,,,,,,,,,,,,,,,,7,,,,,,,,,
WIR,DIVERSE,6,D2,0,0,0,0,0,0,0,0,3,,3,<1,2,,,,<1,4,,,,1,,,,,,,,,,,,,,,,,,,,,,,,,,,,,,,,,,,,
WIR,DIVERSE,6,E2,0,2,0,0,0,0,0,0,1,,3,<1,8,,,,,3,,,,<1,<1,,,,,,,,,,,,,,,1,,,,,,,,,,,,,,,,,,,,
WIR,DIVERSE,6,A3,0,0,0,0,0,0,0,0,1,,5,1,6,1,8,,,1,,,,2,1,,,,,,,,,,,,,,,,1,,,,,,,,,,8,,,,,,,,,
WIR,DIVERSE,6,B3,0,0,0,0,0,0,0,0,1,,15,<1,2,,,,,3,,,,2,2,,,,,,,,,,,,,,,,,,,,,,,,,,1,,,,,,,,,
WIR,DIVERSE,6,C3,0,0,0,0,0,0,1,0,2,,7,<1,2,,,,,2,,,,1,,,,,,,,,,,,,,,,1,,,,,,,,,,,13,,,,,,,,,
WIR,DIVERSE,6,D3,0,0,0,0,0,0,0,0,1,,4,<1,6,,,,,2,,,,1,,,,1,,,,,,,,,,,,1,,,,,,,,,,,,,,,,,,,,
WIR,DIVERSE,6,E3,0,0,0,0,0,0,0,0,3,1,,1,5,,,,,2,,,,1,,,,,,,,,,,,,,,,,,,,,,,,,,,,,,,,,,,,
WIR,DIVERSE,6,A4,0,0,0,0,0,0,0,0,<1,,,<1,2,2,,,,5,,,,1,1,,,,,,,,,,,,,,,,,,,,,,,,,,3,,,,,,,,,
WIR,DIVERSE,6,B4,0,0,0,0,0,0,0,0,1,,11,,3,,,,<1,4,,,,1,<1,,1,,,,,,<1,,,,,,,,,,,,,,,,1,,1,,,,,,,,,
WIR,DIVERSE,6,C4,0,0,0,0,0,0,0,0,1,,5,<1,,,1,,,6,,,,1,<1,,,,,,,,,,,,,,,,,,,,,,,,,,,,,,,,,,,
WIR,DIVERSE,6,D4,0,0,0,0,0,0,0,0,1,,,1,2,,,,<1,4,,,,1,<1,,,1,,,,,,,,,,,,2,,,,,,,,,1,,,,,,,,,,,
WIR,DIVERSE,6,E4,0,0,0,0,0,0,0,0,1,,3,1,6,,,,<1,4,,,,2,<1,,1,,,,,,,,,,,,,,,,,,,,,,,,5,,,,,,,,,
WIR,DIVERSE,6,A5,0,0,0,0,0,0,0,0,1,,3,<1,2,,,,,2,,,,4,,,,1,,,,<1,,,,,,,,,,,,,,,,,,,,,,,,,,,,
WIR,DIVERSE,6,B5,1,0,0,0,0,0,0,0,<1,,4,,2,,,,,2,,,,1,,,2,,,,,,<1,,,,,,,,1,,,,,,,,,,1,,,,,,,,,
WIR,DIVERSE,6,C5,0,0,0,0,0,0,0,0,1,,4,1,2,1,,,,2,,,,2,<1,,,1,,,,,,,,,,,,2,,,,,,,,,,,2,,,,,,,,,
WIR,DIVERSE,6,D5,1,0,0,0,0,0,0,1,3,,4,1,1,,,,,5,,,,1,,,,,,,,,,,,,,,,1,,,,,,,,,,,,,,,,,,,,
WIR,DIVERSE,6,E5,0,0,0,0,0,0,0,0,2,,2,<1,3,1,,,,7,,,,2,,,4,1,,,,,,,,,,,,,,,,,,,,,,,,,,,,,,,,
WIR,DIVERSE,7,A1,0,0,0,0,0,0,0,0,3,,5,,7,2,,,<1,1,,,,4,<1,,,,1,,,<1,,,,,,,,,,,,,,,,,,,20,,,,,,,,,
WIR,DIVERSE,7,B1,0,0,0,0,0,0,0,0,4,,6,<1,5,2,,,1,<1,,,,2,<1,,,6,,,1,,,,,,3,,,,,,,,,,,,,,6,,,,,,,,,
WIR,DIVERSE,7,C1,0,0,0,0,0,0,0,0,1,,3,,,3,3,,,1,,,,1,<1,,,5,,,,,,,,,1,,,,1,,,,1,,,,,,,,,,,,,,,
WIR,DIVERSE,7,D1,0,0,0,0,0,0,0,0,1,,3,,,1,2,,,1,,,,1,<1,,,4,,,,,,,,,,,,,1,,,,,,,,,,,,,,,,,,,
WIR,DIVERSE,7,E1,0,0,0,0,0,0,0,0,1,,2,,,1,3,,,,,,,3,<1,,,4,,,,<1,,,,,,,,,,,,,,,,,,,4,,,,,,,,,
WIR,DIVERSE,7,A2,0,0,0,0,0,0,0,0,2,,14,1,5,3,,,,2,,,,4,<1,,,3,,,,,<1,,,,2,,,,1,,,,,,,,1,,34,,,,,,,,,
WIR,DIVERSE,7,B2,0,0,1,0,0,0,0,0,<1,,6,<1,1,1,,,,<1,,,,1,<1,,,2,,,,,<1,,,,1,,,,,,,,,,,,,,8,,,,,,,,,
WIR,DIVERSE,7,C2,0,0,2,0,0,0,0,0,1,,4,<1,6,4,4,,<1,2,,,,<1,<1,,,2,,,,,,,,,1,,,,,,,,,,,,,,1,,,,,,,,,
WIR,DIVERSE,7,D2,0,0,0,0,0,0,0,0,1,,4,<1,,2,2,,,<1,,,,2,<1,,,2,,,,,,,,,3,,,,,,,,,,,,,,,,,,,,,,,
WIR,DIVERSE,7,E2,0,0,0,0,0,0,0,0,<1,,2,<1,1,,,,,,,,,2,,,,,,,1,,,,,,,,,,,,,,,,,,,,,,,,,,,,,
WIR,DIVERSE,7,A3,0,0,1,0,0,0,0,0,3,,19,<1,16,2,,,1,<1,,,,3,1,,,3,,,,,,,,,3,,,,,,,,,,,,,,5,,,,,,,,,
WIR,DIVERSE,7,B3,0,0,0,0,0,0,0,0,<1,,4,<1,,,6,,<1,3,,,,1,2,,,3,,,,,,,,,,,,,,,,,,,,,,,3,,,,,,,,,
WIR,DIVERSE,7,C3,0,0,1,0,0,0,0,0,<1,,4,<1,6,,,,<1,<1,,,,1,2,,,2,,,,,,,,,,,,,,,,,,,,,,,2,,,,,,,,,
WIR,DIVERSE,7,D3,0,1,0,0,0,0,0,0,<1,,3,<1,,,1,,2,<1,,,,2,<1,,,2,,,,<1,,,,,,,,,1,,,,,,,,,,16,,,,,,,,,
WIR,DIVERSE,7,E3,0,0,0,0,0,0,0,0,,,,<1,1,3,,,<1,,,,,3,,,,,,,,,,,,,,,,,,,,,,,,,,,4,,,,,,,,,
WIR,DIVERSE,7,A4,0,0,1,0,0,0,0,0,2,,8,<1,5,2,,,<1,<1,,,,2,1,,,,,,,,<1,,,,,,,,,,,,,,,,,,1,,,,,,,,,
WIR,DIVERSE,7,B4,0,0,1,0,0,0,0,0,,,,<1,2,2,6,,,<1,,,,<1,2,,,3,,,,,,,,,1,,,,,,,,,,,,,,7,,,,,,,,,
WIR,DIVERSE,7,C4,0,0,0,0,0,0,0,0,,,2,<1,,1,5,,,2,,,,1,2,,,4,,,,<1,,,,,,,,,,,,,,,,,,,10,,,,,,,,,
WIR,DIVERSE,7,D4,0,0,0,0,0,0,0,0,,,5,1,3,3,,,<1,,,,,1,<1,,,,,,,,,,,,,,,,,,,,,,,,,,11,,,,,,,,,
WIR,DIVERSE,7,E4,0,0,0,0,0,0,0,0,1,,,<1,,1,3,,<1,,,,,3,,,,,,,,,,,,,,,,,,,,,,,,,,,2,,,,,,,,,
WIR,DIVERSE,7,A5,0,0,1,0,0,0,0,0,3,,7,<1,5,1,,,<1,<1,,,,1,<1,,,2,,,,,,,,,,,,,,,,,,,,,,,,,,,,1,,,,
WIR,DIVERSE,7,B5,0,0,0,0,0,0,0,0,,,2,<1,2,1,,,,1,,,,<1,1,,,2,,,,,,,,,,,,,,,,,,,,,,,2,,,,,,,,,
WIR,DIVERSE,7,C5,0,0,0,0,0,0,1,0,,,3,2,,,,,,1,,,,2,,,,2,,,,,,,,,,,,,,,,,,,,,,,1,,,,,,,,,
WIR,DIVERSE,7,D5,0,0,0,0,0,0,0,0,<1,,3,1,,,1,,,<1,,,,4,,,,,,,,,,,,,,,,,,,,,,,,,,,3,,,,,,,,,
WIR,DIVERSE,7,E5,0,0,0,0,0,0,0,0,1,,,2,,,,,<1,<1,,,,3,,,,,,,,,,,,,,,,,,,,,,,,,,,,,,,,,,,,
WIR,DIVERSE,8,A1,0,0,0,0,0,0,0,0,1,,1,,1,,,,,8,,,,3,,,,,,,,,,,,,,,,,,,,,,,,,,,,,,,,,,,,
WIR,DIVERSE,8,B1,0,0,0,0,0,0,0,0,1,,1,,1,,,,,6,,,,2,1,,,5,,,,,,,,,1,,,,,,,,,,,,,,,,,,,,,,,
WIR,DIVERSE,8,C1,0,0,0,0,0,0,0,0,2,,,,1,,,,,1,,,,5,,,,,,,1,,,,,,,,,,,,,,,,,,,,,,,,,,,,,
WIR,DIVERSE,8,D1,,,,,,,,,,,,,,,,,,,,,,,,,,,,,,,,,,,,,,,,,,,,,,,,,,,,,,,,,,
WIR,DIVERSE,8,E1,,,,,,,,,,,,,,,,,,,,,,,,,,,,,,,,,,,,,,,,,,,,,,,,,,,,,,,,,,
WIR,DIVERSE,8,A2,,,,,,,,,,,,,,,,,,,,,,,,,,,,,,,,,,,,,,,,,,,,,,,,,,,,,,,,,,
WIR,DIVERSE,8,B2,,,,,,,,,,,,,,,,,,,,,,,,,,,,,,,,,,,,,,,,,,,,,,,,,,,,,,,,,,
WIR,DIVERSE,8,C2,,,,,,,,,,,,,,,,,,,,,,,,,,,,,,,,,,,,,,,,,,,,,,,,,,,,,,,,,,
WIR,DIVERSE,8,D2,,,,,,,,,,,,,,,,,,,,,,,,,,,,,,,,,,,,,,,,,,,,,,,,,,,,,,,,,,
WIR,DIVERSE,8,E2,,,,,,,,,,,,,,,,,,,,,,,,,,,,,,,,,,,,,,,,,,,,,,,,,,,,,,,,,,
WIR,DIVERSE,8,A3,0,0,0,0,0,0,0,0,2,,,,,,1,,,7,,,,1,,,,,,,,,,,,,,,,,,,,,,,,,,,,,,,,,,,,
WIR,DIVERSE,8,B3,0,0,0,0,0,0,0,0,1,,1,,,,1,,,7,,,,3,,,,,,,,,,,,,,,,,,,,,,,,,,,2,,,,,,,,,
WIR,DIVERSE,8,C3,0,0,0,0,0,0,0,0,3,,1,,1,,,,1,6,,,,,1,,,2,,,,,,,,,,,,1,,,,,,,,,,,,,,,,,,,,
WIR,DIVERSE,8,D3,,,,,,,,,,,,,,,,,,,,,,,,,,,,,,,,,,,,,,,,,,,,,,,,,,,,,,,,,,
WIR,DIVERSE,8,E3,,,,,,,,,,,,,,,,,,,,,,,,,,,,,,,,,,,,,,,,,,,,,,,,,,,,,,,,,,
WIR,DIVERSE,8,A4,0,0,0,0,0,0,0,0,2,,2,,,,,,,4,,,,2,,,,,,,,,,,,,,,,,,,,,,,,,,,,,,,,,,,,
WIR,DIVERSE,8,B4,0,0,0,0,0,0,0,0,2,,2,,3,,1,,2,2,,,,2,,,,,,,,2,,,,,,,,,,,,,,,,,,,3,,,,,,,,,
WIR,DIVERSE,8,C4,0,0,0,0,0,0,1,0,2,,,,,,,,1,5,,,,3,1,,,4,,,,,,,,,,,,,,,,,,,,,,,4,,,,,,,,,
WIR,DIVERSE,8,D4,,,,,,,,,,,,,,,,,,,,,,,,,,,,,,,,,,,,,,,,,,,,,,,,,,,,,,,,,,
WIR,DIVERSE,8,E4,,,,,,,,,,,,,,,,,,,,,,,,,,,,,,,,,,,,,,,,,,,,,,,,,,,,,,,,,,
WIR,DIVERSE,8,A5,0,0,0,0,0,0,0,0,2,,3,2,,,,,,2,,,,3,,,,,,,,,,,,,,,,,,,,,,,,,,,1,,,,,,,,,
WIR,DIVERSE,8,B5,0,0,0,0,0,0,0,0,1,,4,1,1,,,,1,2,,,,,,,,2,,,,,,,,,1,,,,,,,,,,,,,,5,,,,,,,,,
WIR,DIVERSE,8,C5,0,0,1,0,0,0,2,0,1,,4,,,,,,,3,,,,3,1,,,3,,,,,,,,,,,,,,,,,,,,,,,,,,,,,,,,
WIR,DIVERSE,8,D5,0,0,0,0,0,0,0,0,4,,,,1,,,,,3,,,,6,1,,,5,,,,2,,,,,,,,,,,,,4,,,,,,,,,,,,,,,
WIR,DIVERSE,8,E5,,,,,,,,,,,,,,,,,,,,,,,,,,,,,,,,,,,,,,,,,,,,,,,,,,,,,,,,,,
WIR,DIVERSE,9,A1,0,0,0,0,0,0,0,0,1,,,,4,,,,<1,3,,,,<1,<1,,,5,,,,,,,,,3,,,,,,,,,,,,,,4,,,,,,,,,
WIR,DIVERSE,9,B1,0,0,1,0,0,0,3,1,,,4,,2,,,,,2,,,,,,,,,,,,,,,,,,,,,,,,,,,,,,,3,,,,,,,,,
WIR,DIVERSE,9,C1,0,0,1,0,0,0,2,0,,,2,,2,,,,2,2,,,,,1,,,,,,,,,,,,,,,,,,,,,,,,,,3,,,,,,,,,
WIR,DIVERSE,9,D1,0,0,0,0,0,0,0,0,1,,4,,3,,,,,2,,,,3,,,,2,,,,1,,,,,,,,,,,,,,,,,,,2,,,,,,,,,
WIR,DIVERSE,9,E1,,,,,,,,,,,,,,,,,,,,,,,,,,,,,,,,,,,,,,,,,,,,,,,,,,,,,,,,,,
WIR,DIVERSE,9,A2,0,0,1,0,0,0,1,0,1,,3,,2,,,,<1,1,,,,1,<1,,,2,,,,,,,,,,,,,,,,,,,,,,,,,,,,,,,,
WIR,DIVERSE,9,B2,0,0,0,0,0,1,0,0,1,,6,,5,,,,,1,,,,1,,,,2,,,,,<1,,,,4,,,,,,,,,,,,2,,,,,,,,,,,
WIR,DIVERSE,9,C2,0,0,0,0,0,0,0,0,<1,,3,,2,,,,,2,,,,1,,,,9,,,,,,,,,2,,,,,,,,,,,,,,9,,,,,,,,,
WIR,DIVERSE,9,D2,1,0,0,0,0,0,0,0,,,6,,3,,,,,<1,,,,1,,,,,,,,1,,,,,,,,,,,,,,,,,,,3,,,,,,,,,
WIR,DIVERSE,9,E2,,,,,,,,,,,,,,,,,,,,,,,,,,,,,,,,,,,,,,,,,,,,,,,,,,,,,,,,,,
WIR,DIVERSE,9,A3,2,0,8,0,0,0,5,0,<1,,3,,5,,,,<1,2,,,,,<1,,,,,,,<1,,,,,4,,,,,,,,,,,,3,,3,,,,,,,,,
WIR,DIVERSE,9,B3,1,0,1,0,0,0,0,0,<1,,9,,3,,,,<1,3,,,,2,1,,,1,,,3,<1,,,,,9,,,,,,,,,,,,1,,2,,,,,,,,,
WIR,DIVERSE,9,C3,0,0,0,0,0,0,0,0,<1,,4,,1,,,,,2,,,,2,,,,7,,,,1,,,,,,,,,,,,,1,,,,,,3,,,,,,,,,
WIR,DIVERSE,9,D3,1,0,0,0,0,0,0,0,<1,,2,,,,,,,2,,,,1,,,,11,,,,,,,,,1,,,1,,,,,,,,,,,,,,,,,,,,
WIR,DIVERSE,9,E3,,,,,,,,,,,,,,,,,,,,,,,,,,,,,,,,,,,,,,,,,,,,,,,,,,,,,,,,,,
WIR,DIVERSE,9,A4,0,0,2,0,0,0,0,0,1,5,5,,1,1,,,,3,,,,<1,<1,,,,,,,,<1,,,,2,,,,,,,,,,,,2,,2,,,,,,,,,20% dirt
WIR,DIVERSE,9,B4,0,0,1,0,0,0,2,0,1,,4,,2,1,,,,1,,,,1,<1,,,2,,,,,,,,,8,,,,,,,,,,,,,,3,,,,,,,,,
WIR,DIVERSE,9,C4,0,0,0,0,0,0,0,0,1,,2,,2,,,,,6,,,,2,,,,3,,,,2,,,,,,,,,,,,,,,,,,,,,,,,,,,,
WIR,DIVERSE,9,D4,0,0,0,0,0,1,0,0,,12,5,,,,,,,4,,,,4,,,,7,,,,,,,,,1,,,,,,,,,,,,,,5,,,,,,,,,
WIR,DIVERSE,9,E4,,,,,,,,,,,,,,,,,,,,,,,,,,,,,,,,,,,,,,,,,,,,,,,,,,,,,,,,,,
WIR,DIVERSE,9,A5,0,0,0,0,0,0,0,0,<1,,3,,,,,,,7,,,,1,,,,2,,,,,,,,,6,,,,,,,,,,,,,,,,,,,,,,,
WIR,DIVERSE,9,B5,0,0,0,0,0,0,0,0,,,12,,3,1,,,,8,,,,3,,,,2,,,,,,,,,9,,,,,,,,,,,,1,,2,,,,,,,,,
WIR,DIVERSE,9,C5,0,0,0,0,0,0,1,0,1,,4,,,2,,,,2,,,,7,,,,1,,,,,,,,,3,,,,1,,,,,,,,,,1,,,,,,,,,
WIR,DIVERSE,9,D5,0,0,0,0,0,1,0,0,<1,,3,,4,,,,,2,,,,3,,,,4,,,1,,,,,,4,,,,,,,,,,,,,,,,,,,,,,,
WIR,DIVERSE,9,E5,,,,,,,,,,,,,,,,,,,,,,,,,,,,,,2,,,,,,,,,,,,,,,,,,,,,,,,,,,,
WIR,DIVERSE,10,A1,0,0,0,0,0,0,0,0,1,,6,,5,,,,,1,,,,1,<1,,,1,,,,,,,,,2,,,,,,,,,,,,,,2,,,,,,,,,
WIR,DIVERSE,10,B1,0,0,0,0,0,0,0,0,1,,4,,5,,,,,,,,,,,,,,,,,,,,,,1,,,,,,,,,,,,,,,,,,,,,,,
WIR,DIVERSE,10,C1,0,0,0,0,0,0,0,0,1,,5,,,,,,,1,,,,2,,,,,,,,1,,,,,,,,,,,,,,,,,1,,,,,,,,,,,
WIR,DIVERSE,10,D1,0,0,0,0,0,0,0,0,1,,1,1,1,,,,,2,,,,1,1,,,2,,,1,,,,,,,,,,,,,,,,,,,,,,,,,,,,,
WIR,DIVERSE,10,E1,,,,,,,,,,,,,,,,,,,,,,,,,,,,,,,,,,,,,,,,,,,,,,,,,,,,,,,,,,
WIR,DIVERSE,10,A2,0,0,2,0,0,0,0,0,1,,2,,1,1,,,1,<1,,,,1,<1,,,,,,,,,,,,1,,,,,,,,,,,,,,8,,,,,,,,,
WIR,DIVERSE,10,B2,1,0,0,0,0,0,2,0,1,,,,,3,,,1,1,,,,1,,,,,,,1,,,,,,,,,,,,,,,,,,,,,,,,,,,,,
WIR,DIVERSE,10,C2,0,0,0,0,0,1,0,0,2,,,,2,2,4,,,,,,,1,1,,,,,,,2,,,,,,,,,,,,,,,,,,,3,,,,,,,,,
WIR,DIVERSE,10,D2,0,0,0,0,0,0,0,0,1,,4,,,1,,,,1,,,,1,3,,,,,,,2,,,,,,,,,,,,,,,,,,,2,,,,,,,,,
WIR,DIVERSE,10,E2,,,,,,,,,,,,,,,,,,,,,,,,,,,,,,,,,,,,,,,,,,,,,,,,,,,,,,,,,,
WIR,DIVERSE,10,A3,0,0,2,0,0,0,0,0,1,,11,,1,3,,,,4,,,,1,,,,2,,,1,,,,,,3,,,,,,,,,,,,,,5,,,3,,,,,,
WIR,DIVERSE,10,B3,1,0,4,0,0,0,2,0,<1,,5,,,,,,<1,2,,,,2,<1,,,1,,,1,,,,,,3,,,,,,,,,,,,,,3,,,1,,,,,,
WIR,DIVERSE,10,C3,,,,,,,,,,,,,,,,,,,,,,,,,,,,,,,,,,,,,,,,,,,,,,,,,,,,,,,,,,
WIR,DIVERSE,10,D3,,,,,,,,,,,,,,,,,,,,,,,,,,,,,,,,,,,,,,,,,,,,,,,,,,,,,,,,,,
WIR,DIVERSE,10,E3,,,,,,,,,,,,,,,,,,,,,,,,,,,,,,,,,,,,,,,,,,,,,,,,,,,,,,,,,,
WIR,DIVERSE,10,A4,0,0,0,0,0,0,0,0,2,,,,3,1,,,,2,,,,1,<1,,,1,,,,,,,,,2,,,,,,,,,,,,1,,6,,,,,,,,,
WIR,DIVERSE,10,B4,0,0,0,0,0,0,2,0,,,3,,5,1,,,,<1,,,,1,<1,,,1,,,,,,,,,,,,,,,,,1,,,,,,1,,,,,,,,,
WIR,DIVERSE,10,C4,,,,,,,,,,,,,,,,,,,,,,,,,,,,,,,,,,,,,,,,,,,,,,,,,,,,,,,,,,
WIR,DIVERSE,10,D4,0,0,0,0,0,1,0,0,3,,2,2,,1,,,,5,,,,3,2,,,,,,,,,,,,,,,,,,,,,,,,,,2,,,,,,,,,
WIR,DIVERSE,10,E4,1,0,0,0,0,1,0,0,2,,3,,,,,,1,3,,,,1,,,,,,,,,,,,,,,,,,,,,,,,,,,,,,,,,,,,
WIR,DIVERSE,10,A5,0,0,0,0,0,0,0,0,<1,,,,3,,,,<1,1,,,,1,<1,,,,,,,<1,1,,,,,,,,,,,,,,,,1,,7,,,,,,,,,
WIR,DIVERSE,10,B5,0,0,0,0,0,0,0,0,1,,7,,6,,,,<1,3,,,,1,<1,,,,,,,,,,,,,,,,,,,,,,,,,,2,,,1,,,,,,
WIR,DIVERSE,10,C5,,,,,,,,,,,,,,,,,,,,,,,,,,,,,,,,,,,,,,,,,,,,,,,,,,,,,,,,,,
WIR,DIVERSE,10,D5,,,,,,,,,,,,,,,,,,,,,,,,,,,,,,,,,,,,,,,,,,,,,,,,,,,,,,,,,,
WIR,DIVERSE,10,E5,0,0,0,0,0,1,0,0,1,,,<1,2,1,,,<1,2,,,,1,1,,,2,,,,1,,,,,,,,,,,,,,,,,,,,,,,,,,,,
WIR,DIVERSE,11,A1,0,0,0,0,0,0,1,0,1,,3,,3,1,,,,<1,,,,<1,,,,2,,,,,,,,,,,,,,,,,1,,,,3,,1,,,,,,,,,25% rock
WIR,DIVERSE,11,B1,1,0,0,0,0,0,0,0,2,,6,,2,1,,,,,,,,<1,,,,2,,,,,,,,,,,,,,,,,,,,,,,31,,,,,,,,,
WIR,DIVERSE,11,C1,3,0,0,0,0,0,2,0,2,,6,,4,1,,,,,,,,1,<1,,,6,,,,,,,,,,,,,,,,,,,,,3,,1,,,,,,,,,
WIR,DIVERSE,11,D1,4,0,0,0,0,0,0,0,1,,4,,5,3,,,<1,<1,,,,<1,,,,1,,,,,,,,,,,,,,1,,,,,,,,<1,1,,,1,,,,,,
WIR,DIVERSE,11,E1,1,0,0,0,0,0,0,0,2,,8,,4,5,,,<1,,,,,1,,,,,,,,,,,,,1,,,1,,,,,,,,,,<1,,,,,,1,,,,stepped on
WIR,DIVERSE,11,A2,1,0,0,0,0,0,0,0,1,,1,,3,,,,,<1,,,,<1,,,,8,,,,,,,,,,,,,1,,,,,,,,5,,4,,,,,,,,,50% rock
WIR,DIVERSE,11,B2,0,0,0,0,0,0,0,0,,7,8,,,,,,,<1,,,,<1,,,,,,,,,,,,,,,,,,,,,,,,,,,3,,,,,,,,,25% rock
WIR,DIVERSE,11,C2,0,0,0,0,0,1,7,0,,8,6,,5,4,,,,,,,,<1,,,,,,,,,,,,,,,,,,,,,,,,,3,,,,,,,,,,,
WIR,DIVERSE,11,D2,2,0,0,0,0,0,0,0,1,,2,,8,4,<1,<1,<1,,,,,<1,<1,,,1,,,,<1,,,,,1,,,,,,,,,,,,,,1,,,,,,,,,
WIR,DIVERSE,11,E2,0,0,0,0,0,0,0,0,<1,,10,,4,3,<1,<1,<1,,,,,1,,,,4,,,,<1,,,,,,,,,,,,,,,,,1,,3,,,,,,,,,stepped on
WIR,DIVERSE,11,A3,0,0,0,0,0,1,0,0,4,,9,,4,,<1,<1,<1,,,,,<1,<1,,,1,,,1,,,,,,,,,,,,,,,,,,,,10,,,,,,,,,
WIR,DIVERSE,11,B3,2,0,0,0,0,2,7,0,1,,2,<1,1,2,,,1,,,,,<1,<1,,,2,,,1,,,,,,,,,,,,,,,,,,2,,14,,,,,,,,,
WIR,DIVERSE,11,C3,0,0,0,0,0,0,2,0,3,,7,,3,1,<1,,<1,,,,,1,<1,,,2,,,,,,,,,,,,,,,,,,,,,1,1,,,,,,,,,,
WIR,DIVERSE,11,D3,0,0,0,0,0,1,0,0,1,,3,,1,4,,,,,,,,<1,,,,3,,,,,,,,,3,,,,1,,,,,,,,,,,,,3,,,,,,
WIR,DIVERSE,11,E3,0,0,0,0,0,0,0,0,,,2,,1,,,,,,,,,,,,,4,,,,<1,,,,,,,,,,,,,,,,,,,,,,2,,,,,,50% stepped on
WIR,DIVERSE,11,A4,0,0,0,0,0,1,5,0,4,,3,,1,2,<1,,<1,,,,,<1,<1,,,,,,,,,,,,,,,,,,,,,,,,,,18,,,,,,,,,
WIR,DIVERSE,11,B4,0,0,0,0,0,0,6,1,2,,1,,3,1,,,2,,,,,3,<1,,,,,,,,,,,,,,,,,,,,,,,,,,37,,,,,,,,,
WIR,DIVERSE,11,C4,0,0,0,0,0,0,4,0,2,,6,,4,2,<1,,<1,,,,,<1,<1,,,4,,,,,,,,,1,,,,,,,,,,,,1,,,,,2,,,,,,
WIR,DIVERSE,11,D4,0,0,0,0,0,0,0,0,2,,2,,5,3,,,1,,,,,<1,<1,,,1,,,,,,,,,1,,,,1,,,,,,,,,<1,3,,,,,,,,,
WIR,DIVERSE,11,E4,0,0,0,0,0,0,0,0,2,,1,,5,5,,,<1,,,,,<1,2,,,18,,,,<1,<1,,,,,,,,,,,,,,,,,,,,,,,,,,,50% stepped on
WIR,DIVERSE,11,A5,0,0,0,0,0,0,3,0,5,,2,,1,,,,2,,,,,1,<1,,,8,,,,,,,,,,,,,,,,,,,,,,,10,,,,,,,,,
WIR,DIVERSE,11,B5,0,0,0,0,0,1,0,0,2,,4,,4,1,,,1,,,,,1,<1,,,4,,,1,,,,,,1,,,,,,,,,,,,,,12,,,,,,,,,
WIR,DIVERSE,11,C5,0,0,0,0,0,0,2,0,1,,5,,7,,<1,,<1,,,,,1,<1,,,5,,,,,,,,,,,,,,,,,,,,,,,,,,,,,,,,
WIR,DIVERSE,11,D5,0,0,0,0,0,0,0,0,<1,,3,,2,,,,2,,,,,<1,<1,,,3,,,,,,,,,,,,,,,,,,,,,1,,,,,,,,,,,
WIR,DIVERSE,11,E5,0,0,0,0,0,0,0,0,3,,7,,,5,<1,,,,,,,1,<1,,,,,,,<1,,,,,,,,,,,,,,,,,,,10,,,,,,,,,stepped on
WIR,DIVERSE,12,A1,0,0,0,0,0,0,0,0,2,,4,,3,1,,,<1,,,,,1,<1,,,1,,,,,,,,,2,,,,,,,,,,,,,,10,,,,,,,,,
WIR,DIVERSE,12,B1,0,0,0,0,0,0,0,0,4,,3,,6,,,,,,,,,<1,<1,,,2,,,,,,,,,3,,,,,,,,,,,,,,12,,,,,,,,,
WIR,DIVERSE,12,C1,1,0,1,0,0,0,0,0,1,,2,,2,1,,,,,,,,<1,,,,2,,,,<1,,,,,,,,,,,,,,,,,,,2,,,,,,,,,70% rock
WIR,DIVERSE,12,D1,0,0,0,0,0,1,0,0,3,,5,<1,1,,,,,,,,,<1,4,,,10,,,,1,,,,,3,,,,,,,,,,,,,,,,,,,,,,,
WIR,DIVERSE,12,E1,0,0,0,0,0,0,0,0,3,,5,<1,3,,<1,,,,,,,<1,,,,,,,,1,,,,,,,,2,,,,,,,,,,,5,,,,,,,,,stepped on
WIR,DIVERSE,12,A2,0,0,0,0,0,0,0,0,<1,,2,,,,,,,,,,,<1,<1,,,4,,,,,,,,,3,,,,,,,,,,,,,,26,,,,,,,,,
WIR,DIVERSE,12,B2,0,0,0,0,0,0,0,0,3,,5,,3,,,,,,,,,1,<1,,,3,,,,,,,,,,,,,,,,,,,,,,,8,,,,,,,,,
WIR,DIVERSE,12,C2,1,0,0,0,0,0,0,0,<1,1,3,,2,,,,<1,,,,,1,<1,,,4,,,,,,,,,,,,,,,,,,,,,1,,8,,,,,,,,,
WIR,DIVERSE,12,D2,0,0,0,0,0,0,0,0,<1,1,8,<1,,,<1,,<1,,,,,2,<1,,,3,,,,,,,,,1,,,,,,,,,,,,,,1,,,,,,,1,,
WIR,DIVERSE,12,E2,0,0,0,0,0,0,0,0,2,,4,<1,1,,,,,,,,,<1,2,,,,,,,1,,,,,,,,1,,,,,,,,,,,,,,,,,,,,stepped on
WIR,DIVERSE,12,A3,0,0,0,0,0,0,0,0,1,,5,,1,1,,,,,,,,<1,<1,,,4,,,,,,,,,,,,,,,,,,,,,,,26,,,,,,,,,
WIR,DIVERSE,12,B3,0,0,0,0,0,1,0,0,4,,,,,2,,,,,,,,1,<1,,,,,,,,,,,,,,,,,,,,,,,,2,,12,,,,,,,,,
WIR,DIVERSE,12,C3,0,0,0,0,0,1,0,0,1,,2,,3,,<1,,,,,,,1,<1,,,1,,,,,,,,,,,,,,,,,,,,,2,,4,,,,,,,,,
WIR,DIVERSE,12,D3,0,0,0,0,0,0,0,0,1,,10,<1,,,,,<1,,,,,,,,,,,,,,,,,,1,,,,,,,,,,,,,,,,,,,,,,,
WIR,DIVERSE,12,E3,0,0,0,0,0,0,0,0,3,,3,<1,2,,,,,,,,,<1,<1,,,,,,,,,,,,,,,,,,,,,,,,,,1,,,,,,,,,stepped on
WIR,DIVERSE,12,A4,0,0,0,0,1,1,0,0,1,,4,,1,,,,<1,,,,,1,,,,,,,,,,,,,,,,,,,,,,,,,,,33,,,1,,,,,,
WIR,DIVERSE,12,B4,0,0,0,0,0,1,0,0,3,,6,<1,5,3,<1,,,,,,,1,<1,,,,,,,,,,,,,,,,,,,,,,,,1,,9,,,,,,,,,
WIR,DIVERSE,12,C4,0,0,0,0,0,0,0,0,2,,5,,2,,<1,,<1,,,,,<1,<1,,,,,,,,,,,,,,,,,,,,,,,,,,,,,,,,,,,
WIR,DIVERSE,12,D4,0,0,0,0,0,0,0,0,2,,2,1,2,1,,,1,,,,,<1,,,,,,,,,<1,,,,,,,,,,,,,,,,,,1,,,,,,,,,
WIR,DIVERSE,12,E4,0,0,0,0,0,0,0,0,2,,5,,2,,,,,,,,,<1,,,,,,,,2,,,,,,,,,,,,,,,,,,,,,,,,,,,,stepped on
WIR,DIVERSE,12,A5,0,0,1,0,0,0,0,0,2,,6,,,,,,<1,,,,,1,<1,,,4,,,,,,,,,,,,,,,,,,,,,,,7,,,,,,,,,
WIR,DIVERSE,12,B5,1,0,0,0,0,1,0,0,<1,,9,,3,,,,,,,,,<1,<1,,,6,,,,,,,,,,,,,,,,,,,,,,,5,,,,,,,,,40% rock
WIR,DIVERSE,12,C5,1,0,0,0,0,0,0,0,<1,,8,,2,1,,,<1,,,,,1,<1,,,2,,,,,,,,,,,,,,,,,,,,,,,7,,,,,,,,,
WIR,DIVERSE,12,D5,0,0,0,0,0,0,0,1,2,,7,,2,,,,,,,,,<1,<1,,,,,,,,,,,,,,,,,,,,,,,,,,,,,,,,,,,
WIR,DIVERSE,12,E5,0,0,0,0,0,0,0,0,4,,12,,1,,,,,,,,,<1,,,,,,,,1,,,,,,,,,,,,,,,,,,,,,,,,,,,,stepped on
